2025-10-02 23:06:40 [INFO] APPLICATION: [LoggerUtil] Logging system initialized successfully with log rotation
2025-10-02 23:06:40 [INFO] APPLICATION: [MainApp] Starting School Management System...
2025-10-02 23:06:41 [INFO] APPLICATION: [MainApp] Database connection successful!
2025-10-02 23:06:41 [INFO] APPLICATION: DB_OPERATION: CONNECTION_TEST | TABLE: ALL | DETAILS: Database connectivity verified
2025-10-02 23:06:41 [INFO] APPLICATION: [MainApp] License validation successful
2025-10-02 23:06:41 [INFO] APPLICATION: [MainApp] Database connection successful!
2025-10-02 23:06:41 [INFO] APPLICATION: DB_OPERATION: CONNECTION_TEST | TABLE: ALL | DETAILS: Database connectivity verified
2025-10-02 23:06:42 [INFO] APPLICATION: [LicenseScheduler] Starting OTP cleanup
2025-10-02 23:06:42 [INFO] APPLICATION: [LicenseScheduler] License scheduler started. Daily check will run in 3197 seconds
2025-10-02 23:06:42 [INFO] APPLICATION: [MainApp] License scheduler started successfully
2025-10-02 23:06:42 [INFO] APPLICATION: [MainApp] Backend API Server started on port 8081
2025-10-02 23:06:42 [INFO] APPLICATION: [MainApp] API Base URL: http://localhost:8081/api
2025-10-02 23:06:42 [INFO] APPLICATION: [MainApp] Server endpoints registered successfully
2025-10-02 23:06:42 [INFO] APPLICATION: [MainApp] Log rotation is active - logs will be automatically rotated when they exceed 10MB
2025-10-02 23:06:42 [SEVERE] APPLICATION: [OTPDAO] Failed to delete expired OTPs
2025-10-02 23:06:42 [SEVERE] APPLICATION: [OTPService] Failed to cleanup expired OTPs
2025-10-02 23:06:42 [SEVERE] APPLICATION: [LicenseScheduler] Failed to perform OTP cleanup
2025-10-02 23:18:03 [INFO] APPLICATION: [LoggerUtil] Logging system initialized successfully with log rotation
2025-10-02 23:18:03 [INFO] APPLICATION: [MainApp] Starting School Management System...
2025-10-02 23:18:04 [INFO] APPLICATION: [MainApp] Database connection successful!
2025-10-02 23:18:04 [INFO] APPLICATION: DB_OPERATION: CONNECTION_TEST | TABLE: ALL | DETAILS: Database connectivity verified
2025-10-02 23:18:04 [SEVERE] APPLICATION: [LicenseDAO] Failed to get current license
2025-10-02 23:18:04 [SEVERE] APPLICATION: [LicenseService] Failed to get current license
2025-10-02 23:18:04 [SEVERE] APPLICATION: [MainApp] Failed to validate license: Failed to get current license
2025-10-02 23:18:05 [INFO] APPLICATION: [LoggerUtil] Logging system initialized successfully with log rotation
2025-10-02 23:18:05 [INFO] APPLICATION: [MainApp] Starting School Management System...
2025-10-02 23:18:06 [INFO] APPLICATION: [MainApp] Database connection successful!
2025-10-02 23:18:06 [INFO] APPLICATION: DB_OPERATION: CONNECTION_TEST | TABLE: ALL | DETAILS: Database connectivity verified
2025-10-02 23:18:06 [SEVERE] APPLICATION: [LicenseDAO] Failed to get current license
2025-10-02 23:18:06 [SEVERE] APPLICATION: [LicenseService] Failed to get current license
2025-10-02 23:18:06 [SEVERE] APPLICATION: [MainApp] Failed to validate license: Failed to get current license
2025-10-02 23:18:25 [INFO] APPLICATION: [LoggerUtil] Logging system initialized successfully with log rotation
2025-10-02 23:18:25 [INFO] APPLICATION: [MainApp] Starting School Management System...
2025-10-02 23:18:26 [INFO] APPLICATION: [MainApp] Database connection successful!
2025-10-02 23:18:26 [INFO] APPLICATION: DB_OPERATION: CONNECTION_TEST | TABLE: ALL | DETAILS: Database connectivity verified
2025-10-02 23:18:26 [SEVERE] APPLICATION: [LicenseDAO] Failed to get current license
2025-10-02 23:18:26 [SEVERE] APPLICATION: [LicenseService] Failed to get current license
2025-10-02 23:18:26 [SEVERE] APPLICATION: [MainApp] Failed to validate license: Failed to get current license
2025-10-04 01:00:16 [INFO] APPLICATION: [LoggerUtil] Logging system initialized successfully with log rotation
2025-10-04 01:00:16 [INFO] APPLICATION: [MainApp] Starting School Management System...
2025-10-04 01:00:18 [INFO] APPLICATION: [MainApp] Database connection successful!
2025-10-04 01:00:18 [INFO] APPLICATION: DB_OPERATION: CONNECTION_TEST | TABLE: ALL | DETAILS: Database connectivity verified
2025-10-04 01:00:18 [SEVERE] APPLICATION: [MainApp] No valid license found. Please contact administrator to obtain a license.
2025-10-04 01:02:44 [INFO] APPLICATION: [LoggerUtil] Logging system initialized successfully with log rotation
2025-10-04 01:02:44 [INFO] APPLICATION: [MainApp] Starting School Management System...
2025-10-04 01:02:45 [INFO] APPLICATION: [MainApp] Database connection successful!
2025-10-04 01:02:45 [INFO] APPLICATION: DB_OPERATION: CONNECTION_TEST | TABLE: ALL | DETAILS: Database connectivity verified
2025-10-04 01:02:45 [SEVERE] APPLICATION: [MainApp] No valid license found. Please contact administrator to obtain a license.
2025-10-04 01:06:22 [INFO] APPLICATION: [LoggerUtil] Logging system initialized successfully with log rotation
2025-10-04 01:06:22 [INFO] APPLICATION: [MainApp] Starting School Management System...
2025-10-04 01:06:23 [INFO] APPLICATION: [MainApp] Database connection successful!
2025-10-04 01:06:23 [INFO] APPLICATION: DB_OPERATION: CONNECTION_TEST | TABLE: ALL | DETAILS: Database connectivity verified
2025-10-04 01:06:46 [SEVERE] APPLICATION: [MainApp] No valid license found. Please contact administrator to obtain a license.
2025-10-04 01:10:53 [INFO] APPLICATION: [LoggerUtil] Logging system initialized successfully with log rotation
2025-10-04 01:10:53 [INFO] APPLICATION: [MainApp] Starting School Management System...
2025-10-04 01:10:55 [INFO] APPLICATION: [MainApp] Database connection successful!
2025-10-04 01:10:55 [INFO] APPLICATION: DB_OPERATION: CONNECTION_TEST | TABLE: ALL | DETAILS: Database connectivity verified
2025-10-04 01:11:20 [SEVERE] APPLICATION: [MainApp] No valid license found. Please contact administrator to obtain a license.
2025-10-04 01:18:50 [INFO] APPLICATION: [LoggerUtil] Logging system initialized successfully with log rotation
2025-10-04 01:24:34 [INFO] APPLICATION: [LoggerUtil] Logging system initialized successfully with log rotation
2025-10-04 01:24:34 [INFO] APPLICATION: [MainApp] Starting School Management System...
2025-10-04 01:24:34 [INFO] APPLICATION: [MainApp] Database connection successful!
2025-10-04 01:24:34 [INFO] APPLICATION: DB_OPERATION: CONNECTION_TEST | TABLE: ALL | DETAILS: Database connectivity verified
2025-10-04 01:24:34 [INFO] APPLICATION: [MainApp] License validation successful. License expires on: 2025-10-05
2025-10-04 01:24:35 [INFO] APPLICATION: [MainApp] Database connection successful!
2025-10-04 01:24:35 [INFO] APPLICATION: DB_OPERATION: CONNECTION_TEST | TABLE: ALL | DETAILS: Database connectivity verified
2025-10-04 01:24:35 [INFO] APPLICATION: [LicenseScheduler] Starting OTP cleanup
2025-10-04 01:24:35 [INFO] APPLICATION: [LicenseScheduler] License scheduler started. Daily check will run in 81324 seconds
2025-10-04 01:24:35 [INFO] APPLICATION: [MainApp] License scheduler started successfully
2025-10-04 01:24:35 [INFO] APPLICATION: [MainApp] Backend API Server started on port 8081
2025-10-04 01:24:35 [INFO] APPLICATION: [MainApp] API Base URL: http://localhost:8081/api
2025-10-04 01:24:35 [INFO] APPLICATION: [MainApp] Server endpoints registered successfully
2025-10-04 01:24:35 [INFO] APPLICATION: [MainApp] Log rotation is active - logs will be automatically rotated when they exceed 10MB
2025-10-04 01:24:35 [INFO] APPLICATION: [OTPDAO] Deleted 0 expired OTPs
2025-10-04 01:24:35 [INFO] APPLICATION: [LicenseScheduler] OTP cleanup completed successfully
2025-10-04 01:51:18 [INFO] APPLICATION: [MainApp] Server shutdown initiated
2025-10-04 01:51:18 [INFO] APPLICATION: [LicenseScheduler] License scheduler stopped successfully
2025-10-04 01:51:18 [INFO] APPLICATION: [MainApp] License scheduler stopped
2025-10-04 01:51:22 [INFO] APPLICATION: [LoggerUtil] Logging system initialized successfully with log rotation
2025-10-04 01:51:22 [INFO] APPLICATION: [MainApp] Starting School Management System...
2025-10-04 01:51:23 [INFO] APPLICATION: [MainApp] Database connection successful!
2025-10-04 01:51:23 [INFO] APPLICATION: DB_OPERATION: CONNECTION_TEST | TABLE: ALL | DETAILS: Database connectivity verified
2025-10-04 01:51:23 [INFO] APPLICATION: [MainApp] License validation successful. License expires on: 2025-10-05
2025-10-04 01:51:23 [INFO] APPLICATION: [MainApp] Database connection successful!
2025-10-04 01:51:23 [INFO] APPLICATION: DB_OPERATION: CONNECTION_TEST | TABLE: ALL | DETAILS: Database connectivity verified
2025-10-04 01:51:24 [INFO] APPLICATION: [LicenseScheduler] Starting OTP cleanup
2025-10-04 01:51:24 [INFO] APPLICATION: [LicenseScheduler] License scheduler started. Daily check will run in 79715 seconds
2025-10-04 01:51:24 [INFO] APPLICATION: [MainApp] License scheduler started successfully
2025-10-04 01:51:24 [INFO] APPLICATION: [MainApp] Backend API Server started on port 8081
2025-10-04 01:51:24 [INFO] APPLICATION: [MainApp] API Base URL: http://localhost:8081/api
2025-10-04 01:51:24 [INFO] APPLICATION: [MainApp] Server endpoints registered successfully
2025-10-04 01:51:24 [INFO] APPLICATION: [MainApp] Log rotation is active - logs will be automatically rotated when they exceed 10MB
2025-10-04 01:51:24 [INFO] APPLICATION: [OTPDAO] Deleted 0 expired OTPs
2025-10-04 01:51:24 [INFO] APPLICATION: [LicenseScheduler] OTP cleanup completed successfully
2025-10-04 01:53:46 [INFO] APPLICATION: [OTPDAO] OTP created successfully with ID: 1
2025-10-04 01:53:59 [INFO] APPLICATION: [OTPService] OTP email sent successfully for operation: RENEW
2025-10-04 01:55:32 [INFO] APPLICATION: [LicenseServlet] License information retrieved successfully
2025-10-04 02:04:28 [INFO] APPLICATION: [MainApp] Server shutdown initiated
2025-10-04 02:04:28 [INFO] APPLICATION: [LicenseScheduler] License scheduler stopped successfully
2025-10-04 02:04:28 [INFO] APPLICATION: [MainApp] License scheduler stopped
2025-10-04 02:04:28 [INFO] APPLICATION: [LoggerUtil] LoggerUtil shutdown completed
2025-10-04 02:04:30 [INFO] APPLICATION: [LoggerUtil] Logging system initialized successfully with log rotation
2025-10-04 02:04:30 [INFO] APPLICATION: [MainApp] Starting School Management System...
2025-10-04 02:04:31 [INFO] APPLICATION: [MainApp] Database connection successful!
2025-10-04 02:04:31 [INFO] APPLICATION: DB_OPERATION: CONNECTION_TEST | TABLE: ALL | DETAILS: Database connectivity verified
2025-10-04 02:04:31 [INFO] APPLICATION: [MainApp] License validation successful. License expires on: 2025-10-05
2025-10-04 02:04:31 [INFO] APPLICATION: [MainApp] Database connection successful!
2025-10-04 02:04:31 [INFO] APPLICATION: DB_OPERATION: CONNECTION_TEST | TABLE: ALL | DETAILS: Database connectivity verified
2025-10-04 02:04:32 [INFO] APPLICATION: [LicenseScheduler] Starting OTP cleanup
2025-10-04 02:04:32 [INFO] APPLICATION: [LicenseScheduler] License scheduler started. Daily check will run in 78927 seconds
2025-10-04 02:04:32 [INFO] APPLICATION: [MainApp] License scheduler started successfully
2025-10-04 02:04:32 [INFO] APPLICATION: [MainApp] Backend API Server started on port 8081
2025-10-04 02:04:32 [INFO] APPLICATION: [MainApp] API Base URL: http://localhost:8081/api
2025-10-04 02:04:32 [INFO] APPLICATION: [MainApp] Server endpoints registered successfully
2025-10-04 02:04:32 [INFO] APPLICATION: [MainApp] Log rotation is active - logs will be automatically rotated when they exceed 10MB
2025-10-04 02:04:32 [INFO] APPLICATION: [OTPDAO] Deleted 1 expired OTPs
2025-10-04 02:04:32 [INFO] APPLICATION: [OTPService] Cleaned up 1 expired OTPs
2025-10-04 02:04:32 [INFO] APPLICATION: [LicenseScheduler] OTP cleanup completed successfully
2025-10-04 02:04:52 [INFO] APPLICATION: [LicenseServlet] License information retrieved successfully
2025-10-04 02:04:56 [INFO] APPLICATION: [OTPDAO] OTP created successfully with ID: 2
2025-10-04 02:05:07 [INFO] APPLICATION: [OTPService] OTP email sent successfully for operation: RENEW
2025-10-04 02:11:08 [INFO] APPLICATION: [MainApp] Server shutdown initiated
2025-10-04 02:11:08 [INFO] APPLICATION: [LicenseScheduler] License scheduler stopped successfully
2025-10-04 02:11:08 [INFO] APPLICATION: [MainApp] License scheduler stopped
2025-10-04 02:11:10 [INFO] APPLICATION: [LoggerUtil] Logging system initialized successfully with log rotation
2025-10-04 02:11:10 [INFO] APPLICATION: [MainApp] Starting School Management System...
2025-10-04 02:11:11 [INFO] APPLICATION: [MainApp] Database connection successful!
2025-10-04 02:11:11 [INFO] APPLICATION: DB_OPERATION: CONNECTION_TEST | TABLE: ALL | DETAILS: Database connectivity verified
2025-10-04 02:11:11 [INFO] APPLICATION: [MainApp] License validation successful. License expires on: 2025-10-05
2025-10-04 02:11:11 [INFO] APPLICATION: [MainApp] Database connection successful!
2025-10-04 02:11:11 [INFO] APPLICATION: DB_OPERATION: CONNECTION_TEST | TABLE: ALL | DETAILS: Database connectivity verified
2025-10-04 02:11:12 [INFO] APPLICATION: [LicenseScheduler] Starting OTP cleanup
2025-10-04 02:11:12 [INFO] APPLICATION: [LicenseScheduler] License scheduler started. Daily check will run in 78527 seconds
2025-10-04 02:11:12 [INFO] APPLICATION: [MainApp] License scheduler started successfully
2025-10-04 02:11:12 [INFO] APPLICATION: [MainApp] Backend API Server started on port 8081
2025-10-04 02:11:12 [INFO] APPLICATION: [MainApp] API Base URL: http://localhost:8081/api
2025-10-04 02:11:12 [INFO] APPLICATION: [MainApp] Server endpoints registered successfully
2025-10-04 02:11:12 [INFO] APPLICATION: [MainApp] Log rotation is active - logs will be automatically rotated when they exceed 10MB
2025-10-04 02:11:12 [INFO] APPLICATION: [OTPDAO] Deleted 0 expired OTPs
2025-10-04 02:11:12 [INFO] APPLICATION: [LicenseScheduler] OTP cleanup completed successfully
2025-10-04 02:11:26 [INFO] APPLICATION: [LicenseServlet] License information retrieved successfully
2025-10-04 02:11:34 [INFO] APPLICATION: [OTPDAO] OTP marked as used with ID: 2
2025-10-04 02:11:34 [INFO] APPLICATION: [LicenseDAO] Deactivated 1 licenses
2025-10-04 02:11:34 [SEVERE] APPLICATION: [LicenseDAO] Failed to create license
2025-10-04 02:11:34 [SEVERE] APPLICATION: [LicenseService] Failed to renew license
2025-10-04 02:11:34 [SEVERE] APPLICATION: [LicenseServlet] Failed to renew license
2025-10-04 02:17:17 [INFO] APPLICATION: [OTPDAO] OTP created successfully with ID: 3
2025-10-04 02:17:21 [INFO] APPLICATION: [LicenseServlet] License information retrieved successfully
2025-10-04 02:17:29 [INFO] APPLICATION: [OTPService] OTP email sent successfully for operation: RENEW
2025-10-04 02:17:51 [INFO] APPLICATION: [OTPDAO] OTP marked as used with ID: 3
2025-10-04 02:17:52 [INFO] APPLICATION: [LicenseDAO] Deactivated 1 licenses
2025-10-04 02:17:52 [SEVERE] APPLICATION: [LicenseDAO] Failed to create license
2025-10-04 02:17:52 [SEVERE] APPLICATION: [LicenseService] Failed to renew license
2025-10-04 02:17:52 [SEVERE] APPLICATION: [LicenseServlet] Failed to renew license
2025-10-04 14:10:53 [INFO] APPLICATION: [LoggerUtil] Logging system initialized successfully with log rotation
2025-10-04 14:10:53 [INFO] APPLICATION: [MainApp] Starting School Management System...
2025-10-04 14:10:54 [INFO] APPLICATION: [MainApp] Database connection successful!
2025-10-04 14:10:54 [INFO] APPLICATION: DB_OPERATION: CONNECTION_TEST | TABLE: ALL | DETAILS: Database connectivity verified
2025-10-04 14:11:10 [INFO] APPLICATION: [LoggerUtil] Logging system initialized successfully with log rotation
2025-10-04 14:11:10 [INFO] APPLICATION: [MainApp] Starting School Management System...
2025-10-04 14:11:11 [INFO] APPLICATION: [MainApp] Database connection successful!
2025-10-04 14:11:11 [INFO] APPLICATION: DB_OPERATION: CONNECTION_TEST | TABLE: ALL | DETAILS: Database connectivity verified
2025-10-04 14:11:11 [SEVERE] APPLICATION: [MainApp] No valid license found. Please contact administrator to obtain a license.
2025-10-04 14:12:42 [INFO] APPLICATION: [LoggerUtil] Logging system initialized successfully with log rotation
2025-10-04 14:12:42 [INFO] APPLICATION: [MainApp] Starting School Management System...
2025-10-04 14:12:42 [INFO] APPLICATION: [MainApp] Database connection successful!
2025-10-04 14:12:43 [INFO] APPLICATION: DB_OPERATION: CONNECTION_TEST | TABLE: ALL | DETAILS: Database connectivity verified
2025-10-04 14:12:43 [INFO] APPLICATION: [MainApp] License validation successful. License expires on: 2025-10-05
2025-10-04 14:12:43 [INFO] APPLICATION: [MainApp] Database connection successful!
2025-10-04 14:12:43 [INFO] APPLICATION: DB_OPERATION: CONNECTION_TEST | TABLE: ALL | DETAILS: Database connectivity verified
2025-10-04 14:12:43 [INFO] APPLICATION: [LicenseScheduler] Starting OTP cleanup
2025-10-04 14:12:44 [INFO] APPLICATION: [LicenseScheduler] License scheduler started. Daily check will run in 35236 seconds
2025-10-04 14:12:44 [INFO] APPLICATION: [MainApp] License scheduler started successfully
2025-10-04 14:12:44 [INFO] APPLICATION: [MainApp] Backend API Server started on port 8081
2025-10-04 14:12:44 [INFO] APPLICATION: [MainApp] API Base URL: http://localhost:8081/api
2025-10-04 14:12:44 [INFO] APPLICATION: [MainApp] Server endpoints registered successfully
2025-10-04 14:12:44 [INFO] APPLICATION: [MainApp] Log rotation is active - logs will be automatically rotated when they exceed 10MB
2025-10-04 14:12:44 [INFO] APPLICATION: [OTPDAO] Deleted 2 expired OTPs
2025-10-04 14:12:44 [INFO] APPLICATION: [OTPService] Cleaned up 2 expired OTPs
2025-10-04 14:12:44 [INFO] APPLICATION: [LicenseScheduler] OTP cleanup completed successfully
2025-10-04 14:13:18 [INFO] APPLICATION: [LicenseServlet] License information retrieved successfully
2025-10-04 14:13:26 [INFO] APPLICATION: [OTPDAO] OTP created successfully with ID: 4
2025-10-04 14:13:38 [INFO] APPLICATION: [OTPService] OTP email sent successfully for operation: RENEW
2025-10-04 14:17:07 [INFO] APPLICATION: [LoggerUtil] Logging system initialized successfully with log rotation
2025-10-04 14:17:07 [INFO] APPLICATION: [MainApp] Starting School Management System...
2025-10-04 14:17:08 [INFO] APPLICATION: [MainApp] Database connection successful!
2025-10-04 14:17:08 [INFO] APPLICATION: DB_OPERATION: CONNECTION_TEST | TABLE: ALL | DETAILS: Database connectivity verified
2025-10-04 14:17:08 [INFO] APPLICATION: [MainApp] License validation successful. License expires on: 2025-10-05
2025-10-04 14:17:08 [INFO] APPLICATION: [MainApp] Database connection successful!
2025-10-04 14:17:08 [INFO] APPLICATION: DB_OPERATION: CONNECTION_TEST | TABLE: ALL | DETAILS: Database connectivity verified
2025-10-04 14:17:09 [INFO] APPLICATION: [LicenseScheduler] Starting OTP cleanup
2025-10-04 14:17:09 [INFO] APPLICATION: [LicenseScheduler] License scheduler started. Daily check will run in 34970 seconds
2025-10-04 14:17:09 [INFO] APPLICATION: [MainApp] License scheduler started successfully
2025-10-04 14:17:09 [INFO] APPLICATION: [MainApp] Backend API Server started on port 8081
2025-10-04 14:17:09 [INFO] APPLICATION: [MainApp] API Base URL: http://localhost:8081/api
2025-10-04 14:17:09 [INFO] APPLICATION: [MainApp] Server endpoints registered successfully
2025-10-04 14:17:09 [INFO] APPLICATION: [MainApp] Log rotation is active - logs will be automatically rotated when they exceed 10MB
2025-10-04 14:17:09 [INFO] APPLICATION: [OTPDAO] Deleted 0 expired OTPs
2025-10-04 14:17:09 [INFO] APPLICATION: [LicenseScheduler] OTP cleanup completed successfully
2025-10-04 14:18:00 [INFO] APPLICATION: [AuthServlet] New user registered: developer (developer@example.com) with role: USER from IP: [0:0:0:0:0:0:0:1]
2025-10-04 14:19:42 [INFO] APPLICATION: [LoggerUtil] Logging system initialized successfully with log rotation
2025-10-04 14:19:42 [INFO] APPLICATION: [MainApp] Starting School Management System...
2025-10-04 14:19:43 [INFO] APPLICATION: [MainApp] Database connection successful!
2025-10-04 14:19:43 [INFO] APPLICATION: DB_OPERATION: CONNECTION_TEST | TABLE: ALL | DETAILS: Database connectivity verified
2025-10-04 14:19:43 [INFO] APPLICATION: [MainApp] License validation successful. License expires on: 2025-10-05
2025-10-04 14:19:43 [INFO] APPLICATION: [MainApp] Database connection successful!
2025-10-04 14:19:43 [INFO] APPLICATION: DB_OPERATION: CONNECTION_TEST | TABLE: ALL | DETAILS: Database connectivity verified
2025-10-04 14:19:44 [INFO] APPLICATION: [LicenseScheduler] Starting OTP cleanup
2025-10-04 14:19:44 [INFO] APPLICATION: [LicenseScheduler] License scheduler started. Daily check will run in 34815 seconds
2025-10-04 14:19:44 [INFO] APPLICATION: [MainApp] License scheduler started successfully
2025-10-04 14:19:44 [INFO] APPLICATION: [MainApp] Backend API Server started on port 8081
2025-10-04 14:19:44 [INFO] APPLICATION: [MainApp] API Base URL: http://localhost:8081/api
2025-10-04 14:19:44 [INFO] APPLICATION: [MainApp] Server endpoints registered successfully
2025-10-04 14:19:44 [INFO] APPLICATION: [MainApp] Log rotation is active - logs will be automatically rotated when they exceed 10MB
2025-10-04 14:19:44 [INFO] APPLICATION: [OTPDAO] Deleted 0 expired OTPs
2025-10-04 14:19:44 [INFO] APPLICATION: [LicenseScheduler] OTP cleanup completed successfully
2025-10-04 14:20:24 [INFO] APPLICATION: [OTPDAO] OTP marked as used with ID: 4
2025-10-04 14:20:24 [INFO] APPLICATION: [LicenseDAO] Deactivated 1 licenses
2025-10-04 14:20:24 [SEVERE] APPLICATION: [LicenseDAO] Failed to create license
2025-10-04 14:20:24 [SEVERE] APPLICATION: [LicenseService] Failed to renew license
2025-10-04 14:20:24 [SEVERE] APPLICATION: [LicenseServlet] Failed to renew license
2025-10-04 14:23:02 [INFO] APPLICATION: [LoggerUtil] Logging system initialized successfully with log rotation
2025-10-04 14:23:02 [INFO] APPLICATION: [MainApp] Starting School Management System...
2025-10-04 14:23:03 [INFO] APPLICATION: [MainApp] Database connection successful!
2025-10-04 14:23:03 [INFO] APPLICATION: DB_OPERATION: CONNECTION_TEST | TABLE: ALL | DETAILS: Database connectivity verified
2025-10-04 14:23:03 [INFO] APPLICATION: [MainApp] License validation successful. License expires on: 2025-10-05
2025-10-04 14:23:03 [INFO] APPLICATION: [MainApp] Database connection successful!
2025-10-04 14:23:03 [INFO] APPLICATION: DB_OPERATION: CONNECTION_TEST | TABLE: ALL | DETAILS: Database connectivity verified
2025-10-04 14:23:04 [INFO] APPLICATION: [LicenseScheduler] Starting OTP cleanup
2025-10-04 14:23:04 [INFO] APPLICATION: [LicenseScheduler] License scheduler started. Daily check will run in 34615 seconds
2025-10-04 14:23:04 [INFO] APPLICATION: [MainApp] License scheduler started successfully
2025-10-04 14:23:04 [INFO] APPLICATION: [MainApp] Backend API Server started on port 8081
2025-10-04 14:23:04 [INFO] APPLICATION: [MainApp] API Base URL: http://localhost:8081/api
2025-10-04 14:23:04 [INFO] APPLICATION: [MainApp] Server endpoints registered successfully
2025-10-04 14:23:04 [INFO] APPLICATION: [MainApp] Log rotation is active - logs will be automatically rotated when they exceed 10MB
2025-10-04 14:23:04 [INFO] APPLICATION: [OTPDAO] Deleted 0 expired OTPs
2025-10-04 14:23:04 [INFO] APPLICATION: [LicenseScheduler] OTP cleanup completed successfully
2025-10-04 14:23:39 [SEVERE] APPLICATION: [StandaloneOTPServlet] Unexpected error during developer OTP generation
2025-10-04 14:24:42 [INFO] APPLICATION: [LoggerUtil] Logging system initialized successfully with log rotation
2025-10-04 14:24:42 [INFO] APPLICATION: [MainApp] Starting School Management System...
2025-10-04 14:24:43 [INFO] APPLICATION: [MainApp] Database connection successful!
2025-10-04 14:24:43 [INFO] APPLICATION: DB_OPERATION: CONNECTION_TEST | TABLE: ALL | DETAILS: Database connectivity verified
2025-10-04 14:24:43 [INFO] APPLICATION: [MainApp] License validation successful. License expires on: 2025-10-05
2025-10-04 14:24:43 [INFO] APPLICATION: [MainApp] Database connection successful!
2025-10-04 14:24:43 [INFO] APPLICATION: DB_OPERATION: CONNECTION_TEST | TABLE: ALL | DETAILS: Database connectivity verified
2025-10-04 14:24:44 [INFO] APPLICATION: [LicenseScheduler] Starting OTP cleanup
2025-10-04 14:24:44 [INFO] APPLICATION: [LicenseScheduler] License scheduler started. Daily check will run in 34515 seconds
2025-10-04 14:24:44 [INFO] APPLICATION: [MainApp] License scheduler started successfully
2025-10-04 14:24:44 [INFO] APPLICATION: [MainApp] Backend API Server started on port 8081
2025-10-04 14:24:44 [INFO] APPLICATION: [MainApp] API Base URL: http://localhost:8081/api
2025-10-04 14:24:44 [INFO] APPLICATION: [MainApp] Server endpoints registered successfully
2025-10-04 14:24:44 [INFO] APPLICATION: [MainApp] Log rotation is active - logs will be automatically rotated when they exceed 10MB
2025-10-04 14:24:44 [INFO] APPLICATION: [OTPDAO] Deleted 1 expired OTPs
2025-10-04 14:24:44 [INFO] APPLICATION: [OTPService] Cleaned up 1 expired OTPs
2025-10-04 14:24:44 [INFO] APPLICATION: [LicenseScheduler] OTP cleanup completed successfully
2025-10-04 14:26:46 [INFO] APPLICATION: [LoggerUtil] Logging system initialized successfully with log rotation
2025-10-04 14:26:46 [INFO] APPLICATION: [MainApp] Starting School Management System...
2025-10-04 14:26:47 [INFO] APPLICATION: [MainApp] Database connection successful!
2025-10-04 14:26:47 [INFO] APPLICATION: DB_OPERATION: CONNECTION_TEST | TABLE: ALL | DETAILS: Database connectivity verified
2025-10-04 14:26:47 [INFO] APPLICATION: [MainApp] License validation successful. License expires on: 2025-10-05
2025-10-04 14:26:47 [INFO] APPLICATION: [MainApp] Database connection successful!
2025-10-04 14:26:47 [INFO] APPLICATION: DB_OPERATION: CONNECTION_TEST | TABLE: ALL | DETAILS: Database connectivity verified
2025-10-04 14:26:48 [INFO] APPLICATION: [LicenseScheduler] Starting OTP cleanup
2025-10-04 14:26:48 [INFO] APPLICATION: [LicenseScheduler] License scheduler started. Daily check will run in 34391 seconds
2025-10-04 14:26:48 [INFO] APPLICATION: [MainApp] License scheduler started successfully
2025-10-04 14:26:48 [INFO] APPLICATION: [MainApp] Backend API Server started on port 8081
2025-10-04 14:26:48 [INFO] APPLICATION: [MainApp] API Base URL: http://localhost:8081/api
2025-10-04 14:26:48 [INFO] APPLICATION: [MainApp] Server endpoints registered successfully
2025-10-04 14:26:48 [INFO] APPLICATION: [MainApp] Log rotation is active - logs will be automatically rotated when they exceed 10MB
2025-10-04 14:26:48 [INFO] APPLICATION: [OTPDAO] Deleted 0 expired OTPs
2025-10-04 14:26:48 [INFO] APPLICATION: [LicenseScheduler] OTP cleanup completed successfully
2025-10-04 14:28:36 [SEVERE] APPLICATION: [StandaloneOTPServlet] Unexpected error during developer OTP generation
2025-10-04 14:29:40 [INFO] APPLICATION: [LicenseServlet] License information retrieved successfully
2025-10-04 14:30:23 [INFO] APPLICATION: [OTPDAO] OTP created successfully with ID: 5
2025-10-04 14:30:35 [INFO] APPLICATION: [OTPService] OTP email sent successfully for operation: RENEW
2025-10-04 14:32:34 [INFO] APPLICATION: [OTPDAO] OTP marked as used with ID: 5
2025-10-04 14:32:35 [INFO] APPLICATION: [LicenseDAO] Deactivated 1 licenses
2025-10-04 14:32:35 [SEVERE] APPLICATION: [LicenseDAO] Failed to create license
2025-10-04 14:32:35 [SEVERE] APPLICATION: [LicenseService] Failed to renew license
2025-10-04 14:32:35 [SEVERE] APPLICATION: [LicenseServlet] Failed to renew license
2025-10-04 14:32:46 [INFO] APPLICATION: [OTPDAO] OTP created successfully with ID: 6
2025-10-04 14:32:57 [INFO] APPLICATION: [OTPService] OTP email sent successfully for operation: RENEW
2025-10-04 14:33:08 [INFO] APPLICATION: [OTPDAO] OTP marked as used with ID: 6
2025-10-04 14:33:08 [INFO] APPLICATION: [LicenseDAO] Deactivated 0 licenses
2025-10-04 14:33:08 [SEVERE] APPLICATION: [LicenseDAO] Failed to create license
2025-10-04 14:33:08 [SEVERE] APPLICATION: [LicenseService] Failed to renew license
2025-10-04 14:33:08 [SEVERE] APPLICATION: [LicenseServlet] Failed to renew license
2025-10-04 14:35:37 [INFO] APPLICATION: [OTPDAO] OTP created successfully with ID: 7
2025-10-04 14:35:49 [INFO] APPLICATION: [OTPService] OTP email sent successfully for operation: RENEW
2025-10-04 14:36:02 [INFO] APPLICATION: [OTPDAO] OTP marked as used with ID: 7
2025-10-04 14:36:02 [INFO] APPLICATION: [LicenseDAO] Deactivated 2 licenses
2025-10-04 14:36:02 [SEVERE] APPLICATION: [LicenseDAO] Failed to create license
2025-10-04 14:36:02 [SEVERE] APPLICATION: [LicenseService] Failed to renew license
2025-10-04 14:36:02 [SEVERE] APPLICATION: [LicenseServlet] Failed to renew license
2025-10-04 14:38:09 [INFO] APPLICATION: [LoggerUtil] Logging system initialized successfully with log rotation
2025-10-04 14:38:09 [INFO] APPLICATION: [MainApp] Starting School Management System...
2025-10-04 14:38:10 [INFO] APPLICATION: [MainApp] Database connection successful!
2025-10-04 14:38:10 [INFO] APPLICATION: DB_OPERATION: CONNECTION_TEST | TABLE: ALL | DETAILS: Database connectivity verified
2025-10-04 14:38:10 [SEVERE] APPLICATION: [MainApp] No valid license found. Please contact administrator to obtain a license.
2025-10-04 14:39:07 [INFO] APPLICATION: [LoggerUtil] Logging system initialized successfully with log rotation
2025-10-04 14:39:07 [INFO] APPLICATION: [MainApp] Starting School Management System...
2025-10-04 14:39:07 [INFO] APPLICATION: [MainApp] Database connection successful!
2025-10-04 14:39:07 [INFO] APPLICATION: DB_OPERATION: CONNECTION_TEST | TABLE: ALL | DETAILS: Database connectivity verified
2025-10-04 14:39:08 [INFO] APPLICATION: [MainApp] License validation successful. License expires on: 2025-10-07
2025-10-04 14:39:08 [INFO] APPLICATION: [MainApp] Database connection successful!
2025-10-04 14:39:08 [INFO] APPLICATION: DB_OPERATION: CONNECTION_TEST | TABLE: ALL | DETAILS: Database connectivity verified
2025-10-04 14:39:08 [INFO] APPLICATION: [LicenseScheduler] Starting OTP cleanup
2025-10-04 14:39:08 [INFO] APPLICATION: [LicenseScheduler] License scheduler started. Daily check will run in 33651 seconds
2025-10-04 14:39:08 [INFO] APPLICATION: [MainApp] License scheduler started successfully
2025-10-04 14:39:08 [INFO] APPLICATION: [MainApp] Backend API Server started on port 8081
2025-10-04 14:39:08 [INFO] APPLICATION: [MainApp] API Base URL: http://localhost:8081/api
2025-10-04 14:39:08 [INFO] APPLICATION: [MainApp] Server endpoints registered successfully
2025-10-04 14:39:08 [INFO] APPLICATION: [MainApp] Log rotation is active - logs will be automatically rotated when they exceed 10MB
2025-10-04 14:39:08 [INFO] APPLICATION: [OTPDAO] Deleted 0 expired OTPs
2025-10-04 14:39:08 [INFO] APPLICATION: [LicenseScheduler] OTP cleanup completed successfully
2025-10-04 14:39:21 [INFO] APPLICATION: [OTPDAO] OTP created successfully with ID: 8
2025-10-04 14:39:32 [INFO] APPLICATION: [OTPService] OTP email sent successfully for operation: RENEW
2025-10-04 14:39:55 [INFO] APPLICATION: [OTPDAO] OTP created successfully with ID: 9
2025-10-04 14:40:06 [INFO] APPLICATION: [OTPService] OTP email sent successfully for operation: RENEW
2025-10-04 14:40:14 [INFO] APPLICATION: [OTPDAO] OTP marked as used with ID: 9
2025-10-04 14:40:14 [INFO] APPLICATION: [LicenseDAO] Deactivated 3 licenses
2025-10-04 14:40:14 [SEVERE] APPLICATION: [LicenseDAO] Failed to create license
2025-10-04 14:40:14 [SEVERE] APPLICATION: [LicenseService] Failed to renew license
2025-10-04 14:40:14 [SEVERE] APPLICATION: [LicenseServlet] Failed to renew license
2025-10-04 14:41:20 [INFO] APPLICATION: [LoggerUtil] Logging system initialized successfully with log rotation
2025-10-04 14:41:20 [INFO] APPLICATION: [MainApp] Starting School Management System...
2025-10-04 14:41:20 [INFO] APPLICATION: [MainApp] Database connection successful!
2025-10-04 14:41:20 [INFO] APPLICATION: DB_OPERATION: CONNECTION_TEST | TABLE: ALL | DETAILS: Database connectivity verified
2025-10-04 14:41:20 [INFO] APPLICATION: [MainApp] License validation successful. License expires on: 2025-10-07
2025-10-04 14:41:20 [INFO] APPLICATION: [MainApp] Database connection successful!
2025-10-04 14:41:20 [INFO] APPLICATION: DB_OPERATION: CONNECTION_TEST | TABLE: ALL | DETAILS: Database connectivity verified
2025-10-04 14:41:21 [INFO] APPLICATION: [LicenseScheduler] Starting OTP cleanup
2025-10-04 14:41:21 [INFO] APPLICATION: [LicenseScheduler] License scheduler started. Daily check will run in 33518 seconds
2025-10-04 14:41:21 [INFO] APPLICATION: [MainApp] License scheduler started successfully
2025-10-04 14:41:21 [INFO] APPLICATION: [MainApp] Backend API Server started on port 8081
2025-10-04 14:41:21 [INFO] APPLICATION: [MainApp] API Base URL: http://localhost:8081/api
2025-10-04 14:41:21 [INFO] APPLICATION: [MainApp] Server endpoints registered successfully
2025-10-04 14:41:21 [INFO] APPLICATION: [MainApp] Log rotation is active - logs will be automatically rotated when they exceed 10MB
2025-10-04 14:41:21 [INFO] APPLICATION: [OTPDAO] Deleted 1 expired OTPs
2025-10-04 14:41:21 [INFO] APPLICATION: [OTPService] Cleaned up 1 expired OTPs
2025-10-04 14:41:21 [INFO] APPLICATION: [LicenseScheduler] OTP cleanup completed successfully
2025-10-04 14:41:40 [INFO] APPLICATION: [OTPDAO] OTP created successfully with ID: 10
2025-10-04 14:41:53 [INFO] APPLICATION: [OTPService] OTP email sent successfully for operation: RENEW
2025-10-04 14:41:53 [INFO] APPLICATION: [OTPDAO] OTP marked as used with ID: 10
2025-10-04 14:41:53 [INFO] APPLICATION: [LicenseDAO] Deactivated 3 licenses
2025-10-04 14:41:53 [SEVERE] APPLICATION: [LicenseDAO] Failed to create license: ERROR: null value in column "created_at" of relation "licenses" violates not-null constraint
  Detail: Failing row contains (12, LIC-324C824718F949CA, 2025-10-04, 2025-11-03, 30, ACTIVE, null, null, hamdy2).
2025-10-04 14:41:53 [SEVERE] APPLICATION: [LicenseService] Failed to renew license
2025-10-04 14:41:53 [SEVERE] APPLICATION: [LicenseServlet] Failed to renew license
2025-10-04 14:43:03 [INFO] APPLICATION: [LoggerUtil] Logging system initialized successfully with log rotation
2025-10-04 14:43:03 [INFO] APPLICATION: [MainApp] Starting School Management System...
2025-10-04 14:43:04 [INFO] APPLICATION: [MainApp] Database connection successful!
2025-10-04 14:43:04 [INFO] APPLICATION: DB_OPERATION: CONNECTION_TEST | TABLE: ALL | DETAILS: Database connectivity verified
2025-10-04 14:43:04 [SEVERE] APPLICATION: [MainApp] No valid license found. Please contact administrator to obtain a license.
2025-10-04 18:08:40 [INFO] APPLICATION: [LoggerUtil] Logging system initialized successfully with log rotation
2025-10-04 18:08:40 [INFO] APPLICATION: [MainApp] Starting School Management System...
2025-10-04 18:08:40 [INFO] APPLICATION: [MainApp] Database connection successful!
2025-10-04 18:08:40 [INFO] APPLICATION: DB_OPERATION: CONNECTION_TEST | TABLE: ALL | DETAILS: Database connectivity verified
2025-10-04 18:08:40 [INFO] APPLICATION: [MainApp] License validation temporarily disabled for setup.
2025-10-04 18:08:40 [INFO] APPLICATION: [MainApp] Database connection successful!
2025-10-04 18:08:40 [INFO] APPLICATION: DB_OPERATION: CONNECTION_TEST | TABLE: ALL | DETAILS: Database connectivity verified
2025-10-04 18:08:41 [INFO] APPLICATION: [LicenseScheduler] Starting OTP cleanup
2025-10-04 18:08:41 [INFO] APPLICATION: [LicenseScheduler] License scheduler started. Daily check will run in 21078 seconds
2025-10-04 18:08:41 [INFO] APPLICATION: [MainApp] License scheduler started successfully
2025-10-04 18:08:41 [INFO] APPLICATION: [MainApp] Backend API Server started on port 8081
2025-10-04 18:08:41 [INFO] APPLICATION: [MainApp] API Base URL: http://localhost:8081/api
2025-10-04 18:08:41 [INFO] APPLICATION: [MainApp] Server endpoints registered successfully
2025-10-04 18:08:41 [INFO] APPLICATION: [MainApp] Log rotation is active - logs will be automatically rotated when they exceed 10MB
2025-10-04 18:08:41 [INFO] APPLICATION: [OTPDAO] Deleted 5 expired OTPs
2025-10-04 18:08:41 [INFO] APPLICATION: [OTPService] Cleaned up 5 expired OTPs
2025-10-04 18:08:41 [INFO] APPLICATION: [LicenseScheduler] OTP cleanup completed successfully
2025-10-04 18:14:04 [INFO] APPLICATION: [OTPDAO] OTP created successfully with ID: 11
2025-10-04 18:14:15 [INFO] APPLICATION: [OTPService] OTP email sent successfully for operation: RENEW
2025-10-04 18:14:32 [INFO] APPLICATION: [OTPDAO] OTP marked as used with ID: 11
2025-10-04 18:14:32 [INFO] APPLICATION: [LicenseDAO] Deactivated 3 licenses
2025-10-04 18:14:33 [INFO] APPLICATION: [LicenseDAO] License created successfully with ID: 13
2025-10-04 18:16:25 [INFO] APPLICATION: [LoggerUtil] Logging system initialized successfully with log rotation
2025-10-04 18:16:25 [INFO] APPLICATION: [MainApp] Starting School Management System...
2025-10-04 18:16:26 [INFO] APPLICATION: [MainApp] Database connection successful!
2025-10-04 18:16:26 [INFO] APPLICATION: DB_OPERATION: CONNECTION_TEST | TABLE: ALL | DETAILS: Database connectivity verified
2025-10-04 18:16:26 [INFO] APPLICATION: [MainApp] License validation successful. License expires on: 2025-11-03
2025-10-04 18:16:26 [INFO] APPLICATION: [MainApp] Database connection successful!
2025-10-04 18:16:26 [INFO] APPLICATION: DB_OPERATION: CONNECTION_TEST | TABLE: ALL | DETAILS: Database connectivity verified
2025-10-04 18:16:27 [INFO] APPLICATION: [LicenseScheduler] Starting OTP cleanup
2025-10-04 18:16:27 [INFO] APPLICATION: [LicenseScheduler] License scheduler started. Daily check will run in 20612 seconds
2025-10-04 18:16:27 [INFO] APPLICATION: [MainApp] License scheduler started successfully
2025-10-04 18:16:27 [INFO] APPLICATION: [MainApp] Backend API Server started on port 8081
2025-10-04 18:16:27 [INFO] APPLICATION: [MainApp] API Base URL: http://localhost:8081/api
2025-10-04 18:16:27 [INFO] APPLICATION: [MainApp] Server endpoints registered successfully
2025-10-04 18:16:27 [INFO] APPLICATION: [MainApp] Log rotation is active - logs will be automatically rotated when they exceed 10MB
2025-10-04 18:16:27 [INFO] APPLICATION: [OTPDAO] Deleted 0 expired OTPs
2025-10-04 18:16:27 [INFO] APPLICATION: [LicenseScheduler] OTP cleanup completed successfully
2025-10-04 19:16:27 [INFO] APPLICATION: [LicenseScheduler] Starting OTP cleanup
2025-10-04 19:16:27 [INFO] APPLICATION: [OTPDAO] Deleted 1 expired OTPs
2025-10-04 19:16:27 [INFO] APPLICATION: [OTPService] Cleaned up 1 expired OTPs
2025-10-04 19:16:27 [INFO] APPLICATION: [LicenseScheduler] OTP cleanup completed successfully
2025-10-05 17:09:55 [INFO] APPLICATION: [LicenseScheduler] Starting OTP cleanup
2025-10-05 17:09:55 [INFO] APPLICATION: [LicenseScheduler] Starting daily license check
2025-10-05 17:09:56 [INFO] APPLICATION: [OTPDAO] Deleted 0 expired OTPs
2025-10-05 17:09:56 [INFO] APPLICATION: [LicenseScheduler] OTP cleanup completed successfully
2025-10-05 17:09:56 [INFO] APPLICATION: [LicenseScheduler] Starting OTP cleanup
2025-10-05 17:09:56 [INFO] APPLICATION: [OTPDAO] Deleted 0 expired OTPs
2025-10-05 17:09:56 [INFO] APPLICATION: [LicenseScheduler] OTP cleanup completed successfully
2025-10-05 17:09:56 [INFO] APPLICATION: [LicenseScheduler] Starting OTP cleanup
2025-10-05 17:09:56 [INFO] APPLICATION: [OTPDAO] Deleted 0 expired OTPs
2025-10-05 17:09:56 [INFO] APPLICATION: [LicenseScheduler] OTP cleanup completed successfully
2025-10-05 17:09:56 [INFO] APPLICATION: [LicenseScheduler] Starting OTP cleanup
2025-10-05 17:09:56 [INFO] APPLICATION: [OTPDAO] Deleted 0 expired OTPs
2025-10-05 17:09:56 [INFO] APPLICATION: [LicenseScheduler] OTP cleanup completed successfully
2025-10-05 17:09:56 [INFO] APPLICATION: [LicenseScheduler] Starting OTP cleanup
2025-10-05 17:09:56 [INFO] APPLICATION: [LicenseDAO] License updated successfully with ID: 13
2025-10-05 17:09:56 [INFO] APPLICATION: [LicenseService] Daily license check completed. Remaining days: 29, Status: ACTIVE
2025-10-05 17:09:56 [INFO] APPLICATION: [LicenseScheduler] Daily license check completed successfully
2025-10-05 17:09:56 [INFO] APPLICATION: [OTPDAO] Deleted 0 expired OTPs
2025-10-05 17:09:56 [INFO] APPLICATION: [LicenseScheduler] OTP cleanup completed successfully
2025-10-05 17:09:56 [INFO] APPLICATION: [LicenseScheduler] Starting OTP cleanup
2025-10-05 17:09:56 [INFO] APPLICATION: [OTPDAO] Deleted 0 expired OTPs
2025-10-05 17:09:56 [INFO] APPLICATION: [LicenseScheduler] OTP cleanup completed successfully
2025-10-05 17:09:56 [INFO] APPLICATION: [LicenseScheduler] Starting OTP cleanup
2025-10-05 17:09:56 [INFO] APPLICATION: [OTPDAO] Deleted 0 expired OTPs
2025-10-05 17:09:56 [INFO] APPLICATION: [LicenseScheduler] OTP cleanup completed successfully
2025-10-05 17:09:56 [INFO] APPLICATION: [LicenseScheduler] Starting OTP cleanup
2025-10-05 17:09:57 [INFO] APPLICATION: [OTPDAO] Deleted 0 expired OTPs
2025-10-05 17:09:57 [INFO] APPLICATION: [LicenseScheduler] OTP cleanup completed successfully
2025-10-05 17:09:57 [INFO] APPLICATION: [LicenseScheduler] Starting OTP cleanup
2025-10-05 17:09:57 [INFO] APPLICATION: [OTPDAO] Deleted 0 expired OTPs
2025-10-05 17:09:57 [INFO] APPLICATION: [LicenseScheduler] OTP cleanup completed successfully
2025-10-05 17:09:57 [INFO] APPLICATION: [LicenseScheduler] Starting OTP cleanup
2025-10-05 17:09:57 [INFO] APPLICATION: [OTPDAO] Deleted 0 expired OTPs
2025-10-05 17:09:57 [INFO] APPLICATION: [LicenseScheduler] OTP cleanup completed successfully
2025-10-05 17:09:57 [INFO] APPLICATION: [LicenseScheduler] Starting OTP cleanup
2025-10-05 17:09:57 [INFO] APPLICATION: [OTPDAO] Deleted 0 expired OTPs
2025-10-05 17:09:57 [INFO] APPLICATION: [LicenseScheduler] OTP cleanup completed successfully
2025-10-05 17:09:57 [INFO] APPLICATION: [LicenseScheduler] Starting OTP cleanup
2025-10-05 17:09:57 [INFO] APPLICATION: [OTPDAO] Deleted 0 expired OTPs
2025-10-05 17:09:57 [INFO] APPLICATION: [LicenseScheduler] OTP cleanup completed successfully
2025-10-05 17:09:57 [INFO] APPLICATION: [LicenseScheduler] Starting OTP cleanup
2025-10-05 17:09:57 [INFO] APPLICATION: [OTPDAO] Deleted 0 expired OTPs
2025-10-05 17:09:57 [INFO] APPLICATION: [LicenseScheduler] OTP cleanup completed successfully
2025-10-05 17:09:57 [INFO] APPLICATION: [LicenseScheduler] Starting OTP cleanup
2025-10-05 17:09:57 [INFO] APPLICATION: [OTPDAO] Deleted 0 expired OTPs
2025-10-05 17:09:57 [INFO] APPLICATION: [LicenseScheduler] OTP cleanup completed successfully
2025-10-05 17:09:57 [INFO] APPLICATION: [LicenseScheduler] Starting OTP cleanup
2025-10-05 17:09:57 [INFO] APPLICATION: [OTPDAO] Deleted 0 expired OTPs
2025-10-05 17:09:57 [INFO] APPLICATION: [LicenseScheduler] OTP cleanup completed successfully
2025-10-05 17:09:57 [INFO] APPLICATION: [LicenseScheduler] Starting OTP cleanup
2025-10-05 17:09:57 [INFO] APPLICATION: [OTPDAO] Deleted 0 expired OTPs
2025-10-05 17:09:57 [INFO] APPLICATION: [LicenseScheduler] OTP cleanup completed successfully
2025-10-05 17:09:57 [INFO] APPLICATION: [LicenseScheduler] Starting OTP cleanup
2025-10-05 17:09:57 [INFO] APPLICATION: [OTPDAO] Deleted 0 expired OTPs
2025-10-05 17:09:57 [INFO] APPLICATION: [LicenseScheduler] OTP cleanup completed successfully
2025-10-05 17:09:57 [INFO] APPLICATION: [LicenseScheduler] Starting OTP cleanup
2025-10-05 17:09:58 [INFO] APPLICATION: [OTPDAO] Deleted 0 expired OTPs
2025-10-05 17:09:58 [INFO] APPLICATION: [LicenseScheduler] OTP cleanup completed successfully
2025-10-05 17:09:58 [INFO] APPLICATION: [LicenseScheduler] Starting OTP cleanup
2025-10-05 17:09:58 [INFO] APPLICATION: [OTPDAO] Deleted 0 expired OTPs
2025-10-05 17:09:58 [INFO] APPLICATION: [LicenseScheduler] OTP cleanup completed successfully
2025-10-05 17:09:58 [INFO] APPLICATION: [LicenseScheduler] Starting OTP cleanup
2025-10-05 17:09:58 [INFO] APPLICATION: [OTPDAO] Deleted 0 expired OTPs
2025-10-05 17:09:58 [INFO] APPLICATION: [LicenseScheduler] OTP cleanup completed successfully
2025-10-05 17:09:58 [INFO] APPLICATION: [LicenseScheduler] Starting OTP cleanup
2025-10-05 17:09:58 [INFO] APPLICATION: [OTPDAO] Deleted 0 expired OTPs
2025-10-05 17:09:58 [INFO] APPLICATION: [LicenseScheduler] OTP cleanup completed successfully
2025-10-05 17:15:53 [INFO] APPLICATION: [LicenseScheduler] Starting OTP cleanup
2025-10-05 17:15:53 [INFO] APPLICATION: [OTPDAO] Deleted 0 expired OTPs
2025-10-05 17:15:53 [INFO] APPLICATION: [LicenseScheduler] OTP cleanup completed successfully
2025-10-05 18:15:53 [INFO] APPLICATION: [LicenseScheduler] Starting OTP cleanup
2025-10-05 18:15:53 [INFO] APPLICATION: [OTPDAO] Deleted 0 expired OTPs
2025-10-05 18:15:53 [INFO] APPLICATION: [LicenseScheduler] OTP cleanup completed successfully
2025-10-06 23:07:32 [INFO] APPLICATION: [LicenseScheduler] Starting OTP cleanup
2025-10-06 23:07:32 [INFO] APPLICATION: [LicenseScheduler] Starting daily license check
2025-10-06 23:07:32 [INFO] APPLICATION: [OTPDAO] Deleted 0 expired OTPs
2025-10-06 23:07:32 [INFO] APPLICATION: [LicenseScheduler] OTP cleanup completed successfully
2025-10-06 23:07:32 [INFO] APPLICATION: [LicenseScheduler] Starting OTP cleanup
2025-10-06 23:07:32 [INFO] APPLICATION: [OTPDAO] Deleted 0 expired OTPs
2025-10-06 23:07:32 [INFO] APPLICATION: [LicenseScheduler] OTP cleanup completed successfully
2025-10-06 23:07:32 [INFO] APPLICATION: [LicenseScheduler] Starting OTP cleanup
2025-10-06 23:07:32 [INFO] APPLICATION: [LicenseDAO] License updated successfully with ID: 13
2025-10-06 23:07:32 [INFO] APPLICATION: [LicenseService] Daily license check completed. Remaining days: 28, Status: ACTIVE
2025-10-06 23:07:32 [INFO] APPLICATION: [LicenseScheduler] Daily license check completed successfully
2025-10-06 23:07:32 [INFO] APPLICATION: [OTPDAO] Deleted 0 expired OTPs
2025-10-06 23:07:32 [INFO] APPLICATION: [LicenseScheduler] OTP cleanup completed successfully
2025-10-06 23:07:32 [INFO] APPLICATION: [LicenseScheduler] Starting OTP cleanup
2025-10-06 23:07:32 [INFO] APPLICATION: [OTPDAO] Deleted 0 expired OTPs
2025-10-06 23:07:32 [INFO] APPLICATION: [LicenseScheduler] OTP cleanup completed successfully
2025-10-06 23:07:32 [INFO] APPLICATION: [LicenseScheduler] Starting OTP cleanup
2025-10-06 23:07:32 [INFO] APPLICATION: [OTPDAO] Deleted 0 expired OTPs
2025-10-06 23:07:32 [INFO] APPLICATION: [LicenseScheduler] OTP cleanup completed successfully
2025-10-06 23:07:32 [INFO] APPLICATION: [LicenseScheduler] Starting OTP cleanup
2025-10-06 23:07:32 [INFO] APPLICATION: [OTPDAO] Deleted 0 expired OTPs
2025-10-06 23:07:32 [INFO] APPLICATION: [LicenseScheduler] OTP cleanup completed successfully
2025-10-06 23:07:32 [INFO] APPLICATION: [LicenseScheduler] Starting OTP cleanup
2025-10-06 23:07:32 [INFO] APPLICATION: [OTPDAO] Deleted 0 expired OTPs
2025-10-06 23:07:32 [INFO] APPLICATION: [LicenseScheduler] OTP cleanup completed successfully
2025-10-06 23:07:32 [INFO] APPLICATION: [LicenseScheduler] Starting OTP cleanup
2025-10-06 23:07:32 [INFO] APPLICATION: [OTPDAO] Deleted 0 expired OTPs
2025-10-06 23:07:32 [INFO] APPLICATION: [LicenseScheduler] OTP cleanup completed successfully
2025-10-06 23:07:32 [INFO] APPLICATION: [LicenseScheduler] Starting OTP cleanup
2025-10-06 23:07:32 [INFO] APPLICATION: [OTPDAO] Deleted 0 expired OTPs
2025-10-06 23:07:32 [INFO] APPLICATION: [LicenseScheduler] OTP cleanup completed successfully
2025-10-06 23:07:32 [INFO] APPLICATION: [LicenseScheduler] Starting OTP cleanup
2025-10-06 23:07:32 [INFO] APPLICATION: [OTPDAO] Deleted 0 expired OTPs
2025-10-06 23:07:32 [INFO] APPLICATION: [LicenseScheduler] OTP cleanup completed successfully
2025-10-06 23:07:32 [INFO] APPLICATION: [LicenseScheduler] Starting OTP cleanup
2025-10-06 23:07:32 [INFO] APPLICATION: [OTPDAO] Deleted 0 expired OTPs
2025-10-06 23:07:32 [INFO] APPLICATION: [LicenseScheduler] OTP cleanup completed successfully
2025-10-06 23:07:32 [INFO] APPLICATION: [LicenseScheduler] Starting OTP cleanup
2025-10-06 23:07:32 [INFO] APPLICATION: [OTPDAO] Deleted 0 expired OTPs
2025-10-06 23:07:32 [INFO] APPLICATION: [LicenseScheduler] OTP cleanup completed successfully
2025-10-06 23:07:32 [INFO] APPLICATION: [LicenseScheduler] Starting OTP cleanup
2025-10-06 23:07:32 [INFO] APPLICATION: [OTPDAO] Deleted 0 expired OTPs
2025-10-06 23:07:32 [INFO] APPLICATION: [LicenseScheduler] OTP cleanup completed successfully
2025-10-06 23:07:32 [INFO] APPLICATION: [LicenseScheduler] Starting OTP cleanup
2025-10-06 23:07:33 [INFO] APPLICATION: [OTPDAO] Deleted 0 expired OTPs
2025-10-06 23:07:33 [INFO] APPLICATION: [LicenseScheduler] OTP cleanup completed successfully
2025-10-06 23:07:33 [INFO] APPLICATION: [LicenseScheduler] Starting OTP cleanup
2025-10-06 23:07:33 [INFO] APPLICATION: [OTPDAO] Deleted 0 expired OTPs
2025-10-06 23:07:33 [INFO] APPLICATION: [LicenseScheduler] OTP cleanup completed successfully
2025-10-06 23:07:33 [INFO] APPLICATION: [LicenseScheduler] Starting OTP cleanup
2025-10-06 23:07:33 [INFO] APPLICATION: [OTPDAO] Deleted 0 expired OTPs
2025-10-06 23:07:33 [INFO] APPLICATION: [LicenseScheduler] OTP cleanup completed successfully
2025-10-06 23:07:33 [INFO] APPLICATION: [LicenseScheduler] Starting OTP cleanup
2025-10-06 23:07:33 [INFO] APPLICATION: [OTPDAO] Deleted 0 expired OTPs
2025-10-06 23:07:33 [INFO] APPLICATION: [LicenseScheduler] OTP cleanup completed successfully
2025-10-06 23:07:33 [INFO] APPLICATION: [LicenseScheduler] Starting OTP cleanup
2025-10-06 23:07:33 [INFO] APPLICATION: [OTPDAO] Deleted 0 expired OTPs
2025-10-06 23:07:33 [INFO] APPLICATION: [LicenseScheduler] OTP cleanup completed successfully
2025-10-06 23:07:33 [INFO] APPLICATION: [LicenseScheduler] Starting OTP cleanup
2025-10-06 23:07:33 [INFO] APPLICATION: [OTPDAO] Deleted 0 expired OTPs
2025-10-06 23:07:33 [INFO] APPLICATION: [LicenseScheduler] OTP cleanup completed successfully
2025-10-06 23:07:33 [INFO] APPLICATION: [LicenseScheduler] Starting OTP cleanup
2025-10-06 23:07:33 [INFO] APPLICATION: [OTPDAO] Deleted 0 expired OTPs
2025-10-06 23:07:33 [INFO] APPLICATION: [LicenseScheduler] OTP cleanup completed successfully
2025-10-06 23:07:33 [INFO] APPLICATION: [LicenseScheduler] Starting OTP cleanup
2025-10-06 23:07:33 [INFO] APPLICATION: [OTPDAO] Deleted 0 expired OTPs
2025-10-06 23:07:33 [INFO] APPLICATION: [LicenseScheduler] OTP cleanup completed successfully
2025-10-06 23:07:33 [INFO] APPLICATION: [LicenseScheduler] Starting OTP cleanup
2025-10-06 23:07:33 [INFO] APPLICATION: [OTPDAO] Deleted 0 expired OTPs
2025-10-06 23:07:33 [INFO] APPLICATION: [LicenseScheduler] OTP cleanup completed successfully
2025-10-06 23:07:33 [INFO] APPLICATION: [LicenseScheduler] Starting OTP cleanup
2025-10-06 23:07:33 [INFO] APPLICATION: [OTPDAO] Deleted 0 expired OTPs
2025-10-06 23:07:33 [INFO] APPLICATION: [LicenseScheduler] OTP cleanup completed successfully
2025-10-06 23:07:33 [INFO] APPLICATION: [LicenseScheduler] Starting OTP cleanup
2025-10-06 23:07:33 [INFO] APPLICATION: [OTPDAO] Deleted 0 expired OTPs
2025-10-06 23:07:33 [INFO] APPLICATION: [LicenseScheduler] OTP cleanup completed successfully
2025-10-06 23:07:33 [INFO] APPLICATION: [LicenseScheduler] Starting OTP cleanup
2025-10-06 23:07:33 [INFO] APPLICATION: [OTPDAO] Deleted 0 expired OTPs
2025-10-06 23:07:33 [INFO] APPLICATION: [LicenseScheduler] OTP cleanup completed successfully
2025-10-06 23:07:33 [INFO] APPLICATION: [LicenseScheduler] Starting OTP cleanup
2025-10-06 23:07:33 [INFO] APPLICATION: [OTPDAO] Deleted 0 expired OTPs
2025-10-06 23:07:33 [INFO] APPLICATION: [LicenseScheduler] OTP cleanup completed successfully
2025-10-06 23:07:33 [INFO] APPLICATION: [LicenseScheduler] Starting OTP cleanup
2025-10-06 23:07:33 [INFO] APPLICATION: [OTPDAO] Deleted 0 expired OTPs
2025-10-06 23:07:33 [INFO] APPLICATION: [LicenseScheduler] OTP cleanup completed successfully
2025-10-06 23:07:33 [INFO] APPLICATION: [LicenseScheduler] Starting OTP cleanup
2025-10-06 23:07:34 [INFO] APPLICATION: [OTPDAO] Deleted 0 expired OTPs
2025-10-06 23:07:34 [INFO] APPLICATION: [LicenseScheduler] OTP cleanup completed successfully
2025-10-06 23:15:32 [INFO] APPLICATION: [LicenseScheduler] Starting OTP cleanup
2025-10-06 23:15:32 [INFO] APPLICATION: [OTPDAO] Deleted 0 expired OTPs
2025-10-06 23:15:32 [INFO] APPLICATION: [LicenseScheduler] OTP cleanup completed successfully
2025-10-06 23:59:04 [INFO] APPLICATION: [LicenseScheduler] Starting daily license check
2025-10-06 23:59:04 [INFO] APPLICATION: [LicenseDAO] License updated successfully with ID: 13
2025-10-06 23:59:04 [INFO] APPLICATION: [LicenseService] Daily license check completed. Remaining days: 28, Status: ACTIVE
2025-10-06 23:59:04 [INFO] APPLICATION: [LicenseScheduler] Daily license check completed successfully
2025-10-07 00:15:32 [INFO] APPLICATION: [LicenseScheduler] Starting OTP cleanup
2025-10-07 00:15:32 [INFO] APPLICATION: [OTPDAO] Deleted 0 expired OTPs
2025-10-07 00:15:32 [INFO] APPLICATION: [LicenseScheduler] OTP cleanup completed successfully
2025-10-07 01:15:32 [INFO] APPLICATION: [LicenseScheduler] Starting OTP cleanup
2025-10-07 01:15:32 [INFO] APPLICATION: [OTPDAO] Deleted 0 expired OTPs
2025-10-07 01:15:32 [INFO] APPLICATION: [LicenseScheduler] OTP cleanup completed successfully
2025-10-09 14:04:43 [INFO] APPLICATION: [LoggerUtil] Logging system initialized successfully with log rotation
2025-10-09 14:04:43 [INFO] APPLICATION: [MainApp] Starting School Management System...
2025-10-09 14:04:44 [INFO] APPLICATION: [MainApp] Database connection successful!
2025-10-09 14:04:44 [INFO] APPLICATION: DB_OPERATION: CONNECTION_TEST | TABLE: ALL | DETAILS: Database connectivity verified
2025-10-09 14:04:45 [INFO] APPLICATION: [MainApp] License validation successful. License expires on: 2025-11-03
2025-10-09 14:04:45 [INFO] APPLICATION: [MainApp] Database connection successful!
2025-10-09 14:04:45 [INFO] APPLICATION: DB_OPERATION: CONNECTION_TEST | TABLE: ALL | DETAILS: Database connectivity verified
2025-10-09 14:04:45 [INFO] APPLICATION: [LicenseScheduler] Starting OTP cleanup
2025-10-09 14:04:45 [INFO] APPLICATION: [LicenseScheduler] License scheduler started. Daily check will run in 35714 seconds
2025-10-09 14:04:45 [INFO] APPLICATION: [MainApp] License scheduler started successfully
2025-10-09 14:04:45 [INFO] APPLICATION: [MainApp] Backend API Server started on port 8081
2025-10-09 14:04:45 [INFO] APPLICATION: [MainApp] API Base URL: http://localhost:8081/api
2025-10-09 14:04:45 [INFO] APPLICATION: [MainApp] Server endpoints registered successfully
2025-10-09 14:04:45 [INFO] APPLICATION: [MainApp] Log rotation is active - logs will be automatically rotated when they exceed 10MB
2025-10-09 14:04:45 [INFO] APPLICATION: [OTPDAO] Deleted 0 expired OTPs
2025-10-09 14:04:45 [INFO] APPLICATION: [LicenseScheduler] OTP cleanup completed successfully
2025-10-09 14:16:34 [INFO] APPLICATION: [OTPDAO] OTP created successfully with ID: 12
2025-10-09 14:16:51 [INFO] APPLICATION: [OTPService] OTP email sent successfully for operation: RENEW
2025-10-09 14:17:36 [INFO] APPLICATION: [LicenseServlet] License information retrieved successfully
2025-10-09 14:35:36 [INFO] APPLICATION: [StudentServlet] Fetching all students from IP: [0:0:0:0:0:0:0:1]
2025-10-09 14:35:38 [INFO] APPLICATION: [StudentServlet] Fetching all students from IP: [0:0:0:0:0:0:0:1]
2025-10-09 14:37:46 [INFO] APPLICATION: [StudentServlet] Fetching all students from IP: [0:0:0:0:0:0:0:1]
2025-10-09 14:37:47 [INFO] APPLICATION: [StudentServlet] Fetching all students from IP: [0:0:0:0:0:0:0:1]
2025-10-09 14:38:14 [INFO] APPLICATION: [StudentServlet] Fetching all students from IP: [0:0:0:0:0:0:0:1]
2025-10-09 14:38:15 [INFO] APPLICATION: [StudentServlet] Fetching all students from IP: [0:0:0:0:0:0:0:1]
2025-10-09 14:41:47 [INFO] APPLICATION: [StudentServlet] Fetching all students from IP: [0:0:0:0:0:0:0:1]
2025-10-09 14:41:49 [INFO] APPLICATION: [StudentServlet] Fetching all students from IP: [0:0:0:0:0:0:0:1]
2025-10-09 15:09:21 [INFO] APPLICATION: [LoggerUtil] Logging system initialized successfully with log rotation
2025-10-09 15:09:21 [INFO] APPLICATION: [MainApp] Starting School Management System...
2025-10-09 15:09:22 [INFO] APPLICATION: [MainApp] Database connection successful!
2025-10-09 15:09:22 [INFO] APPLICATION: DB_OPERATION: CONNECTION_TEST | TABLE: ALL | DETAILS: Database connectivity verified
2025-10-09 15:09:22 [SEVERE] APPLICATION: [MainApp] No valid license found. Please contact administrator to obtain a license.
2025-10-09 15:11:42 [INFO] APPLICATION: [LoggerUtil] Logging system initialized successfully with log rotation
2025-10-09 15:11:42 [INFO] APPLICATION: [MainApp] Starting School Management System...
2025-10-09 15:11:42 [INFO] APPLICATION: [MainApp] Database connection successful!
2025-10-09 15:11:42 [INFO] APPLICATION: DB_OPERATION: CONNECTION_TEST | TABLE: ALL | DETAILS: Database connectivity verified
2025-10-09 15:11:42 [INFO] APPLICATION: [MainApp] System starting in license-restricted mode. Please renew license to access all features.
2025-10-09 15:11:42 [INFO] APPLICATION: [MainApp] Database connection successful!
2025-10-09 15:11:42 [INFO] APPLICATION: DB_OPERATION: CONNECTION_TEST | TABLE: ALL | DETAILS: Database connectivity verified
2025-10-09 15:11:43 [INFO] APPLICATION: [LicenseScheduler] Starting OTP cleanup
2025-10-09 15:11:43 [INFO] APPLICATION: [LicenseScheduler] License scheduler started. Daily check will run in 31696 seconds
2025-10-09 15:11:43 [INFO] APPLICATION: [MainApp] License scheduler started successfully
2025-10-09 15:11:43 [INFO] APPLICATION: [MainApp] Backend API Server started on port 8081
2025-10-09 15:11:43 [INFO] APPLICATION: [MainApp] API Base URL: http://localhost:8081/api
2025-10-09 15:11:43 [INFO] APPLICATION: [MainApp] Server endpoints registered successfully
2025-10-09 15:11:43 [INFO] APPLICATION: [MainApp] Log rotation is active - logs will be automatically rotated when they exceed 10MB
2025-10-09 15:11:43 [INFO] APPLICATION: [OTPDAO] Deleted 1 expired OTPs
2025-10-09 15:11:43 [INFO] APPLICATION: [OTPService] Cleaned up 1 expired OTPs
2025-10-09 15:11:43 [INFO] APPLICATION: [LicenseScheduler] OTP cleanup completed successfully
2025-10-09 15:15:08 [INFO] APPLICATION: [LoggerUtil] Logging system initialized successfully with log rotation
2025-10-09 15:15:08 [INFO] APPLICATION: [MainApp] Starting School Management System...
2025-10-09 15:15:08 [INFO] APPLICATION: [MainApp] Database connection successful!
2025-10-09 15:15:08 [INFO] APPLICATION: DB_OPERATION: CONNECTION_TEST | TABLE: ALL | DETAILS: Database connectivity verified
2025-10-09 15:15:08 [INFO] APPLICATION: [MainApp] System starting in license-restricted mode. Please renew license to access all features.
2025-10-09 15:15:08 [INFO] APPLICATION: [MainApp] Database connection successful!
2025-10-09 15:15:08 [INFO] APPLICATION: DB_OPERATION: CONNECTION_TEST | TABLE: ALL | DETAILS: Database connectivity verified
2025-10-09 15:15:09 [INFO] APPLICATION: [LicenseScheduler] Starting OTP cleanup
2025-10-09 15:15:09 [INFO] APPLICATION: [LicenseScheduler] License scheduler started. Daily check will run in 31490 seconds
2025-10-09 15:15:09 [INFO] APPLICATION: [MainApp] License scheduler started successfully
2025-10-09 15:15:09 [INFO] APPLICATION: [MainApp] Backend API Server started on port 8081
2025-10-09 15:15:09 [INFO] APPLICATION: [MainApp] API Base URL: http://localhost:8081/api
2025-10-09 15:15:09 [INFO] APPLICATION: [MainApp] Server endpoints registered successfully
2025-10-09 15:15:09 [INFO] APPLICATION: [MainApp] Log rotation is active - logs will be automatically rotated when they exceed 10MB
2025-10-09 15:15:09 [INFO] APPLICATION: [OTPDAO] Deleted 0 expired OTPs
2025-10-09 15:15:09 [INFO] APPLICATION: [LicenseScheduler] OTP cleanup completed successfully
2025-10-09 15:18:29 [INFO] APPLICATION: [OTPDAO] OTP created successfully with ID: 13
2025-10-09 15:18:45 [SEVERE] APPLICATION: [OTPService] Failed to send OTP email
2025-10-09 15:18:45 [SEVERE] APPLICATION: [StandaloneOTPServlet] Failed to generate developer OTP
2025-10-09 15:19:13 [INFO] APPLICATION: [OTPDAO] OTP created successfully with ID: 14
2025-10-09 15:19:33 [INFO] APPLICATION: [OTPService] OTP email sent successfully for operation: RENEW
2025-10-09 15:19:44 [INFO] APPLICATION: [OTPDAO] OTP marked as used with ID: 14
2025-10-09 15:19:44 [INFO] APPLICATION: [LicenseDAO] Deactivated 0 licenses
2025-10-09 15:19:44 [INFO] APPLICATION: [LicenseDAO] License created successfully with ID: 14
2025-10-09 15:20:05 [INFO] APPLICATION: [StudentServlet] Fetching all students from IP: [0:0:0:0:0:0:0:1]
2025-10-09 15:20:10 [INFO] APPLICATION: [StudentServlet] Fetching all students from IP: [0:0:0:0:0:0:0:1]
2025-10-09 15:21:08 [INFO] APPLICATION: [StudentServlet] Fetching all students from IP: [0:0:0:0:0:0:0:1]
2025-10-09 15:21:10 [INFO] APPLICATION: [StudentServlet] Fetching all students from IP: [0:0:0:0:0:0:0:1]
2025-10-09 15:23:22 [INFO] APPLICATION: [StudentServlet] Fetching all students from IP: [0:0:0:0:0:0:0:1]
2025-10-09 15:23:56 [INFO] APPLICATION: [StudentServlet] Fetching all students from IP: [0:0:0:0:0:0:0:1]
2025-10-09 15:23:59 [INFO] APPLICATION: [StudentServlet] Fetching all students from IP: [0:0:0:0:0:0:0:1]
2025-10-09 15:26:32 [INFO] APPLICATION: [StudentServlet] Fetching all students from IP: [0:0:0:0:0:0:0:1]
2025-10-09 15:26:34 [INFO] APPLICATION: [StudentServlet] Fetching all students from IP: [0:0:0:0:0:0:0:1]
2025-10-09 15:35:07 [INFO] APPLICATION: [StudentServlet] Fetching all students from IP: [0:0:0:0:0:0:0:1]
2025-10-09 15:35:09 [INFO] APPLICATION: [StudentServlet] Fetching all students from IP: [0:0:0:0:0:0:0:1]
2025-10-09 15:41:14 [INFO] APPLICATION: [StudentServlet] Fetching all students from IP: [0:0:0:0:0:0:0:1]
2025-10-09 15:42:26 [INFO] APPLICATION: [StudentServlet] Student delete failed - not found: ID 1 from IP: [0:0:0:0:0:0:0:1]
2025-10-09 15:42:42 [INFO] APPLICATION: [StudentServlet] Fetching all students from IP: [0:0:0:0:0:0:0:1]
2025-10-09 15:42:44 [INFO] APPLICATION: [StudentServlet] Fetching all students from IP: [0:0:0:0:0:0:0:1]
2025-10-09 15:58:11 [INFO] APPLICATION: [StudentServlet] Fetching all students from IP: [0:0:0:0:0:0:0:1]
2025-10-09 15:58:12 [INFO] APPLICATION: [StudentServlet] Fetching all students from IP: [0:0:0:0:0:0:0:1]
2025-10-09 15:58:51 [INFO] APPLICATION: [StudentServlet] Fetching all students from IP: [0:0:0:0:0:0:0:1]
2025-10-09 15:58:54 [INFO] APPLICATION: [StudentServlet] Fetching all students from IP: [0:0:0:0:0:0:0:1]
2025-10-09 16:16:39 [INFO] APPLICATION: [LoggerUtil] Logging system initialized successfully with log rotation
2025-10-09 16:16:39 [INFO] APPLICATION: [MainApp] Starting School Management System...
2025-10-09 16:16:39 [INFO] APPLICATION: [MainApp] Database connection successful!
2025-10-09 16:16:39 [INFO] APPLICATION: DB_OPERATION: CONNECTION_TEST | TABLE: ALL | DETAILS: Database connectivity verified
2025-10-09 16:16:39 [INFO] APPLICATION: [MainApp] License validation successful. License expires on: 2025-11-08
2025-10-09 16:16:39 [INFO] APPLICATION: [MainApp] Database connection successful!
2025-10-09 16:16:39 [INFO] APPLICATION: DB_OPERATION: CONNECTION_TEST | TABLE: ALL | DETAILS: Database connectivity verified
2025-10-09 16:16:40 [INFO] APPLICATION: [LicenseScheduler] Starting OTP cleanup
2025-10-09 16:16:40 [INFO] APPLICATION: [LicenseScheduler] License scheduler started. Daily check will run in 27799 seconds
2025-10-09 16:16:40 [INFO] APPLICATION: [MainApp] License scheduler started successfully
2025-10-09 16:16:40 [INFO] APPLICATION: [MainApp] Backend API Server started on port 8081
2025-10-09 16:16:40 [INFO] APPLICATION: [MainApp] API Base URL: http://localhost:8081/api
2025-10-09 16:16:40 [INFO] APPLICATION: [MainApp] Server endpoints registered successfully
2025-10-09 16:16:40 [INFO] APPLICATION: [MainApp] Log rotation is active - logs will be automatically rotated when they exceed 10MB
2025-10-09 16:16:40 [INFO] APPLICATION: [OTPDAO] Deleted 2 expired OTPs
2025-10-09 16:16:40 [INFO] APPLICATION: [OTPService] Cleaned up 2 expired OTPs
2025-10-09 16:16:40 [INFO] APPLICATION: [LicenseScheduler] OTP cleanup completed successfully
2025-10-09 16:18:43 [INFO] APPLICATION: [AuthServlet] Registration attempt with existing username: testuser from IP: [0:0:0:0:0:0:0:1]
2025-10-09 16:31:02 [INFO] APPLICATION: [StudentServlet] Fetching all students from IP: [0:0:0:0:0:0:0:1]
2025-10-09 16:47:07 [INFO] APPLICATION: [SchoolConfigServlet] New class created: 9ق
2025-10-09 16:54:00 [INFO] APPLICATION: [StudentServlet] Fetching all students from IP: [0:0:0:0:0:0:0:1]
2025-10-09 16:54:02 [INFO] APPLICATION: [StudentServlet] Fetching all students from IP: [0:0:0:0:0:0:0:1]
2025-10-09 17:16:40 [INFO] APPLICATION: [LicenseScheduler] Starting OTP cleanup
2025-10-09 17:16:40 [INFO] APPLICATION: [OTPDAO] Deleted 0 expired OTPs
2025-10-09 17:16:40 [INFO] APPLICATION: [LicenseScheduler] OTP cleanup completed successfully
2025-10-09 17:36:55 [INFO] APPLICATION: [StudentServlet] Fetching all students from IP: [0:0:0:0:0:0:0:1]
2025-10-09 17:36:56 [INFO] APPLICATION: [StudentServlet] Fetching all students from IP: [0:0:0:0:0:0:0:1]
2025-10-09 17:43:18 [INFO] APPLICATION: [StudentServlet] Fetching all students from IP: [0:0:0:0:0:0:0:1]
2025-10-09 17:43:20 [INFO] APPLICATION: [StudentServlet] Fetching all students from IP: [0:0:0:0:0:0:0:1]
2025-10-09 17:49:56 [INFO] APPLICATION: [StudentServlet] Fetching all students from IP: [0:0:0:0:0:0:0:1]
2025-10-09 17:58:52 [INFO] APPLICATION: [StudentServlet] Fetching all students from IP: [0:0:0:0:0:0:0:1]
2025-10-09 17:58:53 [INFO] APPLICATION: [StudentServlet] Fetching all students from IP: [0:0:0:0:0:0:0:1]
2025-10-09 18:48:53 [INFO] APPLICATION: [LicenseScheduler] Starting OTP cleanup
2025-10-09 18:48:53 [INFO] APPLICATION: [OTPDAO] Deleted 0 expired OTPs
2025-10-09 18:48:53 [INFO] APPLICATION: [LicenseScheduler] OTP cleanup completed successfully
2025-10-09 19:16:40 [INFO] APPLICATION: [LicenseScheduler] Starting OTP cleanup
2025-10-09 19:16:40 [INFO] APPLICATION: [OTPDAO] Deleted 0 expired OTPs
2025-10-09 19:16:40 [INFO] APPLICATION: [LicenseScheduler] OTP cleanup completed successfully
2025-10-09 20:16:40 [INFO] APPLICATION: [LicenseScheduler] Starting OTP cleanup
2025-10-09 20:16:40 [INFO] APPLICATION: [OTPDAO] Deleted 0 expired OTPs
2025-10-09 20:16:40 [INFO] APPLICATION: [LicenseScheduler] OTP cleanup completed successfully
2025-10-09 21:16:30 [INFO] APPLICATION: [MainApp] Server shutdown initiated
2025-10-09 21:50:45 [INFO] APPLICATION: [LoggerUtil] Logging system initialized successfully with log rotation
2025-10-09 21:50:45 [INFO] APPLICATION: [MainApp] Starting School Management System...
2025-10-09 21:50:46 [INFO] APPLICATION: [MainApp] Database connection successful!
2025-10-09 21:50:46 [INFO] APPLICATION: DB_OPERATION: CONNECTION_TEST | TABLE: ALL | DETAILS: Database connectivity verified
2025-10-09 21:50:46 [INFO] APPLICATION: [MainApp] License validation successful. License expires on: 2025-11-08
2025-10-09 21:50:46 [INFO] APPLICATION: [MainApp] Database connection successful!
2025-10-09 21:50:46 [INFO] APPLICATION: DB_OPERATION: CONNECTION_TEST | TABLE: ALL | DETAILS: Database connectivity verified
2025-10-09 21:50:47 [INFO] APPLICATION: [LicenseScheduler] Starting OTP cleanup
2025-10-09 21:50:47 [INFO] APPLICATION: [LicenseScheduler] License scheduler started. Daily check will run in 7752 seconds
2025-10-09 21:50:47 [INFO] APPLICATION: [MainApp] License scheduler started successfully
2025-10-09 21:50:47 [INFO] APPLICATION: [MainApp] Backend API Server started on port 8081
2025-10-09 21:50:47 [INFO] APPLICATION: [MainApp] API Base URL: http://localhost:8081/api
2025-10-09 21:50:47 [INFO] APPLICATION: [MainApp] Server endpoints registered successfully
2025-10-09 21:50:47 [INFO] APPLICATION: [MainApp] Log rotation is active - logs will be automatically rotated when they exceed 10MB
2025-10-09 21:50:47 [INFO] APPLICATION: [OTPDAO] Deleted 0 expired OTPs
2025-10-09 21:50:47 [INFO] APPLICATION: [LicenseScheduler] OTP cleanup completed successfully
2025-10-09 21:57:35 [SEVERE] APPLICATION: [OTPDAO] Failed to create OTP
2025-10-09 21:57:35 [SEVERE] APPLICATION: [AdminOTPService] Failed to generate admin OTP
2025-10-09 21:57:35 [SEVERE] APPLICATION: [AuthServlet] Token validation failed during admin registration: Failed to generate admin OTP
2025-10-09 21:58:23 [SEVERE] APPLICATION: [OTPDAO] Failed to create OTP
2025-10-09 21:58:23 [SEVERE] APPLICATION: [AdminOTPService] Failed to generate admin OTP
2025-10-09 21:58:23 [SEVERE] APPLICATION: [AuthServlet] Token validation failed during admin registration: Failed to generate admin OTP
2025-10-09 21:58:53 [SEVERE] APPLICATION: [OTPDAO] Failed to create OTP
2025-10-09 21:58:53 [SEVERE] APPLICATION: [AdminOTPService] Failed to generate admin OTP
2025-10-09 21:58:53 [SEVERE] APPLICATION: [AuthServlet] Token validation failed during admin registration: Failed to generate admin OTP
2025-10-09 22:00:19 [INFO] APPLICATION: [AuthServlet] Registration attempt with existing username: testuser from IP: [0:0:0:0:0:0:0:1]
2025-10-09 22:00:35 [SEVERE] APPLICATION: [OTPDAO] Failed to create OTP
2025-10-09 22:00:35 [SEVERE] APPLICATION: [AdminOTPService] Failed to generate admin OTP
2025-10-09 22:00:35 [SEVERE] APPLICATION: [AuthServlet] Token validation failed during admin registration: Failed to generate admin OTP
2025-10-09 22:02:27 [INFO] APPLICATION: [LoggerUtil] Logging system initialized successfully with log rotation
2025-10-09 22:02:27 [INFO] APPLICATION: [MainApp] Starting School Management System...
2025-10-09 22:02:28 [INFO] APPLICATION: [MainApp] Database connection successful!
2025-10-09 22:02:28 [INFO] APPLICATION: DB_OPERATION: CONNECTION_TEST | TABLE: ALL | DETAILS: Database connectivity verified
2025-10-09 22:02:28 [INFO] APPLICATION: [MainApp] License validation successful. License expires on: 2025-11-08
2025-10-09 22:02:28 [INFO] APPLICATION: [MainApp] Database connection successful!
2025-10-09 22:02:28 [INFO] APPLICATION: DB_OPERATION: CONNECTION_TEST | TABLE: ALL | DETAILS: Database connectivity verified
2025-10-09 22:02:29 [INFO] APPLICATION: [LicenseScheduler] Starting OTP cleanup
2025-10-09 22:02:29 [INFO] APPLICATION: [LicenseScheduler] License scheduler started. Daily check will run in 7050 seconds
2025-10-09 22:02:29 [INFO] APPLICATION: [MainApp] License scheduler started successfully
2025-10-09 22:02:29 [INFO] APPLICATION: [MainApp] Backend API Server started on port 8081
2025-10-09 22:02:29 [INFO] APPLICATION: [MainApp] API Base URL: http://localhost:8081/api
2025-10-09 22:02:29 [INFO] APPLICATION: [MainApp] Server endpoints registered successfully
2025-10-09 22:02:29 [INFO] APPLICATION: [MainApp] Log rotation is active - logs will be automatically rotated when they exceed 10MB
2025-10-09 22:02:29 [INFO] APPLICATION: [OTPDAO] Deleted 0 expired OTPs
2025-10-09 22:02:29 [INFO] APPLICATION: [LicenseScheduler] OTP cleanup completed successfully
2025-10-09 22:02:56 [SEVERE] APPLICATION: [OTPDAO] Failed to create OTP
2025-10-09 22:02:56 [SEVERE] APPLICATION: [AdminOTPService] Failed to generate admin OTP
2025-10-09 22:02:56 [SEVERE] APPLICATION: [AuthServlet] JWT token validation failed: Failed to generate admin OTP
2025-10-09 22:05:30 [INFO] APPLICATION: [LoggerUtil] Logging system initialized successfully with log rotation
2025-10-09 22:05:30 [INFO] APPLICATION: [MainApp] Starting School Management System...
2025-10-09 22:05:30 [INFO] APPLICATION: [MainApp] Database connection successful!
2025-10-09 22:05:30 [INFO] APPLICATION: DB_OPERATION: CONNECTION_TEST | TABLE: ALL | DETAILS: Database connectivity verified
2025-10-09 22:05:31 [INFO] APPLICATION: [MainApp] License validation successful. License expires on: 2025-11-08
2025-10-09 22:05:31 [INFO] APPLICATION: [MainApp] Database connection successful!
2025-10-09 22:05:31 [INFO] APPLICATION: DB_OPERATION: CONNECTION_TEST | TABLE: ALL | DETAILS: Database connectivity verified
2025-10-09 22:05:31 [INFO] APPLICATION: [LicenseScheduler] Starting OTP cleanup
2025-10-09 22:05:31 [INFO] APPLICATION: [LicenseScheduler] License scheduler started. Daily check will run in 6868 seconds
2025-10-09 22:05:31 [INFO] APPLICATION: [MainApp] License scheduler started successfully
2025-10-09 22:05:31 [INFO] APPLICATION: [MainApp] Backend API Server started on port 8081
2025-10-09 22:05:31 [INFO] APPLICATION: [MainApp] API Base URL: http://localhost:8081/api
2025-10-09 22:05:31 [INFO] APPLICATION: [MainApp] Server endpoints registered successfully
2025-10-09 22:05:31 [INFO] APPLICATION: [MainApp] Log rotation is active - logs will be automatically rotated when they exceed 10MB
2025-10-09 22:05:32 [INFO] APPLICATION: [OTPDAO] Deleted 0 expired OTPs
2025-10-09 22:05:32 [INFO] APPLICATION: [LicenseScheduler] OTP cleanup completed successfully
2025-10-09 22:05:43 [SEVERE] APPLICATION: [OTPDAO] Failed to create OTP
2025-10-09 22:05:43 [SEVERE] APPLICATION: [AdminOTPService] Failed to generate admin OTP
2025-10-09 22:05:43 [SEVERE] APPLICATION: [AuthServlet] JWT token validation failed: Failed to generate admin OTP
2025-10-09 22:07:20 [INFO] APPLICATION: [LoggerUtil] Logging system initialized successfully with log rotation
2025-10-09 22:07:20 [INFO] APPLICATION: [MainApp] Starting School Management System...
2025-10-09 22:07:20 [INFO] APPLICATION: [MainApp] Database connection successful!
2025-10-09 22:07:20 [INFO] APPLICATION: DB_OPERATION: CONNECTION_TEST | TABLE: ALL | DETAILS: Database connectivity verified
2025-10-09 22:07:21 [INFO] APPLICATION: [MainApp] License validation successful. License expires on: 2025-11-08
2025-10-09 22:07:21 [INFO] APPLICATION: [MainApp] Database connection successful!
2025-10-09 22:07:21 [INFO] APPLICATION: DB_OPERATION: CONNECTION_TEST | TABLE: ALL | DETAILS: Database connectivity verified
2025-10-09 22:07:21 [INFO] APPLICATION: [LicenseScheduler] Starting OTP cleanup
2025-10-09 22:07:21 [INFO] APPLICATION: [LicenseScheduler] License scheduler started. Daily check will run in 6758 seconds
2025-10-09 22:07:21 [INFO] APPLICATION: [MainApp] License scheduler started successfully
2025-10-09 22:07:21 [INFO] APPLICATION: [MainApp] Backend API Server started on port 8081
2025-10-09 22:07:21 [INFO] APPLICATION: [MainApp] API Base URL: http://localhost:8081/api
2025-10-09 22:07:21 [INFO] APPLICATION: [MainApp] Server endpoints registered successfully
2025-10-09 22:07:21 [INFO] APPLICATION: [MainApp] Log rotation is active - logs will be automatically rotated when they exceed 10MB
2025-10-09 22:07:21 [INFO] APPLICATION: [OTPDAO] Deleted 0 expired OTPs
2025-10-09 22:07:21 [INFO] APPLICATION: [LicenseScheduler] OTP cleanup completed successfully
2025-10-09 22:08:09 [INFO] APPLICATION: [LoggerUtil] Logging system initialized successfully with log rotation
2025-10-09 22:08:09 [INFO] APPLICATION: [MainApp] Starting School Management System...
2025-10-09 22:08:10 [INFO] APPLICATION: [MainApp] Database connection successful!
2025-10-09 22:08:10 [INFO] APPLICATION: DB_OPERATION: CONNECTION_TEST | TABLE: ALL | DETAILS: Database connectivity verified
2025-10-09 22:08:10 [INFO] APPLICATION: [MainApp] License validation successful. License expires on: 2025-11-08
2025-10-09 22:08:10 [INFO] APPLICATION: [MainApp] Database connection successful!
2025-10-09 22:08:10 [INFO] APPLICATION: DB_OPERATION: CONNECTION_TEST | TABLE: ALL | DETAILS: Database connectivity verified
2025-10-09 22:08:11 [INFO] APPLICATION: [LicenseScheduler] Starting OTP cleanup
2025-10-09 22:08:11 [INFO] APPLICATION: [LicenseScheduler] License scheduler started. Daily check will run in 6708 seconds
2025-10-09 22:08:11 [INFO] APPLICATION: [MainApp] License scheduler started successfully
2025-10-09 22:08:11 [INFO] APPLICATION: [MainApp] Backend API Server started on port 8081
2025-10-09 22:08:11 [INFO] APPLICATION: [MainApp] API Base URL: http://localhost:8081/api
2025-10-09 22:08:11 [INFO] APPLICATION: [MainApp] Server endpoints registered successfully
2025-10-09 22:08:11 [INFO] APPLICATION: [MainApp] Log rotation is active - logs will be automatically rotated when they exceed 10MB
2025-10-09 22:08:11 [INFO] APPLICATION: [OTPDAO] Deleted 0 expired OTPs
2025-10-09 22:08:11 [INFO] APPLICATION: [LicenseScheduler] OTP cleanup completed successfully
2025-10-09 22:08:23 [INFO] APPLICATION: [OTPDAO] OTP created successfully with ID: 21
2025-10-09 22:08:27 [INFO] APPLICATION: [AdminOTPService] Admin OTP email sent successfully for user: hamdyTheAdmin
2025-10-09 22:10:23 [INFO] APPLICATION: [LoggerUtil] Logging system initialized successfully with log rotation
2025-10-09 22:10:23 [INFO] APPLICATION: [MainApp] Starting School Management System...
2025-10-09 22:10:24 [INFO] APPLICATION: [MainApp] Database connection successful!
2025-10-09 22:10:24 [INFO] APPLICATION: DB_OPERATION: CONNECTION_TEST | TABLE: ALL | DETAILS: Database connectivity verified
2025-10-09 22:10:24 [INFO] APPLICATION: [MainApp] License validation successful. License expires on: 2025-11-08
2025-10-09 22:10:24 [INFO] APPLICATION: [MainApp] Database connection successful!
2025-10-09 22:10:24 [INFO] APPLICATION: DB_OPERATION: CONNECTION_TEST | TABLE: ALL | DETAILS: Database connectivity verified
2025-10-09 22:10:25 [INFO] APPLICATION: [LicenseScheduler] Starting OTP cleanup
2025-10-09 22:10:25 [INFO] APPLICATION: [LicenseScheduler] License scheduler started. Daily check will run in 6574 seconds
2025-10-09 22:10:25 [INFO] APPLICATION: [MainApp] License scheduler started successfully
2025-10-09 22:10:25 [INFO] APPLICATION: [MainApp] Backend API Server started on port 8081
2025-10-09 22:10:25 [INFO] APPLICATION: [MainApp] API Base URL: http://localhost:8081/api
2025-10-09 22:10:25 [INFO] APPLICATION: [MainApp] Server endpoints registered successfully
2025-10-09 22:10:25 [INFO] APPLICATION: [MainApp] Log rotation is active - logs will be automatically rotated when they exceed 10MB
2025-10-09 22:10:25 [INFO] APPLICATION: [OTPDAO] Deleted 0 expired OTPs
2025-10-09 22:10:25 [INFO] APPLICATION: [LicenseScheduler] OTP cleanup completed successfully
2025-10-09 22:10:40 [INFO] APPLICATION: [OTPDAO] OTP created successfully with ID: 22
2025-10-09 22:10:44 [INFO] APPLICATION: [AdminOTPService] Admin OTP email sent successfully for user: adminUser2025
2025-10-09 22:13:11 [INFO] APPLICATION: [OTPDAO] OTP marked as used with ID: 22
2025-10-10 14:30:53 [INFO] APPLICATION: [LoggerUtil] Logging system initialized successfully with log rotation
2025-10-10 14:30:53 [INFO] APPLICATION: [MainApp] Starting School Management System...
2025-10-10 14:30:54 [INFO] APPLICATION: [MainApp] Database connection successful!
2025-10-10 14:30:54 [INFO] APPLICATION: DB_OPERATION: CONNECTION_TEST | TABLE: ALL | DETAILS: Database connectivity verified
2025-10-10 14:30:54 [INFO] APPLICATION: [MainApp] License validation successful. License expires on: 2025-11-08
2025-10-10 14:30:54 [INFO] APPLICATION: [MainApp] Database connection successful!
2025-10-10 14:30:54 [INFO] APPLICATION: DB_OPERATION: CONNECTION_TEST | TABLE: ALL | DETAILS: Database connectivity verified
2025-10-10 14:30:55 [INFO] APPLICATION: [LicenseScheduler] Starting OTP cleanup
2025-10-10 14:30:55 [INFO] APPLICATION: [LicenseScheduler] License scheduler started. Daily check will run in 34144 seconds
2025-10-10 14:30:55 [INFO] APPLICATION: [MainApp] License scheduler started successfully
2025-10-10 14:30:55 [INFO] APPLICATION: [MainApp] Backend API Server started on port 8081
2025-10-10 14:30:55 [INFO] APPLICATION: [MainApp] API Base URL: http://localhost:8081/api
2025-10-10 14:30:55 [INFO] APPLICATION: [MainApp] Server endpoints registered successfully
2025-10-10 14:30:55 [INFO] APPLICATION: [MainApp] Log rotation is active - logs will be automatically rotated when they exceed 10MB
2025-10-10 14:30:55 [INFO] APPLICATION: [OTPDAO] Deleted 2 expired OTPs
2025-10-10 14:30:55 [INFO] APPLICATION: [OTPService] Cleaned up 2 expired OTPs
2025-10-10 14:30:55 [INFO] APPLICATION: [LicenseScheduler] OTP cleanup completed successfully
2025-10-10 14:34:56 [SEVERE] APPLICATION: [AuthServlet] JWT token validation failed: JWT signature does not match locally computed signature. JWT validity cannot be asserted and should not be trusted.
2025-10-10 14:35:09 [SEVERE] APPLICATION: [AuthServlet] JWT token validation failed: JWT signature does not match locally computed signature. JWT validity cannot be asserted and should not be trusted.
2025-10-10 14:36:15 [INFO] APPLICATION: [LoggerUtil] Logging system initialized successfully with log rotation
2025-10-10 14:36:15 [INFO] APPLICATION: [MainApp] Starting School Management System...
2025-10-10 14:36:16 [INFO] APPLICATION: [MainApp] Database connection successful!
2025-10-10 14:36:16 [INFO] APPLICATION: DB_OPERATION: CONNECTION_TEST | TABLE: ALL | DETAILS: Database connectivity verified
2025-10-10 14:36:17 [INFO] APPLICATION: [MainApp] License validation successful. License expires on: 2025-11-08
2025-10-10 14:36:17 [INFO] APPLICATION: [MainApp] Database connection successful!
2025-10-10 14:36:17 [INFO] APPLICATION: DB_OPERATION: CONNECTION_TEST | TABLE: ALL | DETAILS: Database connectivity verified
2025-10-10 14:36:17 [INFO] APPLICATION: [LicenseScheduler] Starting OTP cleanup
2025-10-10 14:36:17 [INFO] APPLICATION: [LicenseScheduler] License scheduler started. Daily check will run in 33822 seconds
2025-10-10 14:36:17 [INFO] APPLICATION: [MainApp] License scheduler started successfully
2025-10-10 14:36:17 [INFO] APPLICATION: [MainApp] Backend API Server started on port 8081
2025-10-10 14:36:17 [INFO] APPLICATION: [MainApp] API Base URL: http://localhost:8081/api
2025-10-10 14:36:17 [INFO] APPLICATION: [MainApp] Server endpoints registered successfully
2025-10-10 14:36:17 [INFO] APPLICATION: [MainApp] Log rotation is active - logs will be automatically rotated when they exceed 10MB
2025-10-10 14:36:17 [INFO] APPLICATION: [OTPDAO] Deleted 0 expired OTPs
2025-10-10 14:36:17 [INFO] APPLICATION: [LicenseScheduler] OTP cleanup completed successfully
2025-10-10 14:36:37 [SEVERE] APPLICATION: [AuthServlet] JWT token validation failed: JWT signature does not match locally computed signature. JWT validity cannot be asserted and should not be trusted.
2025-10-10 14:39:43 [SEVERE] APPLICATION: [AuthServlet] JWT token validation failed: JWT signature does not match locally computed signature. JWT validity cannot be asserted and should not be trusted.
2025-10-10 14:42:29 [INFO] APPLICATION: [LoggerUtil] Logging system initialized successfully with log rotation
2025-10-10 14:42:29 [INFO] APPLICATION: [MainApp] Starting School Management System...
2025-10-10 14:42:30 [INFO] APPLICATION: [MainApp] Database connection successful!
2025-10-10 14:42:30 [INFO] APPLICATION: DB_OPERATION: CONNECTION_TEST | TABLE: ALL | DETAILS: Database connectivity verified
2025-10-10 14:42:30 [INFO] APPLICATION: [MainApp] License validation successful. License expires on: 2025-11-08
2025-10-10 14:42:30 [INFO] APPLICATION: [MainApp] Database connection successful!
2025-10-10 14:42:30 [INFO] APPLICATION: DB_OPERATION: CONNECTION_TEST | TABLE: ALL | DETAILS: Database connectivity verified
2025-10-10 14:42:31 [INFO] APPLICATION: [LicenseScheduler] Starting OTP cleanup
2025-10-10 14:42:31 [INFO] APPLICATION: [LicenseScheduler] License scheduler started. Daily check will run in 33448 seconds
2025-10-10 14:42:31 [INFO] APPLICATION: [MainApp] License scheduler started successfully
2025-10-10 14:42:31 [INFO] APPLICATION: [MainApp] Backend API Server started on port 8081
2025-10-10 14:42:31 [INFO] APPLICATION: [MainApp] API Base URL: http://localhost:8081/api
2025-10-10 14:42:31 [INFO] APPLICATION: [MainApp] Server endpoints registered successfully
2025-10-10 14:42:31 [INFO] APPLICATION: [MainApp] Log rotation is active - logs will be automatically rotated when they exceed 10MB
2025-10-10 14:42:31 [INFO] APPLICATION: [OTPDAO] Deleted 0 expired OTPs
2025-10-10 14:42:31 [INFO] APPLICATION: [LicenseScheduler] OTP cleanup completed successfully
2025-10-10 14:43:23 [SEVERE] APPLICATION: [AuthServlet] An unexpected error occurred during registration: ERROR: duplicate key value violates unique constraint "users_email_key"
  Detail: Key (email)=(test@example.com) already exists.
2025-10-10 14:44:56 [INFO] APPLICATION: [LoggerUtil] Logging system initialized successfully with log rotation
2025-10-10 14:44:56 [INFO] APPLICATION: [MainApp] Starting School Management System...
2025-10-10 14:44:56 [INFO] APPLICATION: [MainApp] Database connection successful!
2025-10-10 14:44:56 [INFO] APPLICATION: DB_OPERATION: CONNECTION_TEST | TABLE: ALL | DETAILS: Database connectivity verified
2025-10-10 14:44:57 [INFO] APPLICATION: [MainApp] License validation successful. License expires on: 2025-11-08
2025-10-10 14:44:57 [INFO] APPLICATION: [MainApp] Database connection successful!
2025-10-10 14:44:57 [INFO] APPLICATION: DB_OPERATION: CONNECTION_TEST | TABLE: ALL | DETAILS: Database connectivity verified
2025-10-10 14:44:57 [INFO] APPLICATION: [LicenseScheduler] Starting OTP cleanup
2025-10-10 14:44:57 [INFO] APPLICATION: [LicenseScheduler] License scheduler started. Daily check will run in 33302 seconds
2025-10-10 14:44:57 [INFO] APPLICATION: [MainApp] License scheduler started successfully
2025-10-10 14:44:57 [INFO] APPLICATION: [MainApp] Backend API Server started on port 8081
2025-10-10 14:44:57 [INFO] APPLICATION: [MainApp] API Base URL: http://localhost:8081/api
2025-10-10 14:44:57 [INFO] APPLICATION: [MainApp] Server endpoints registered successfully
2025-10-10 14:44:57 [INFO] APPLICATION: [MainApp] Log rotation is active - logs will be automatically rotated when they exceed 10MB
2025-10-10 14:44:57 [INFO] APPLICATION: [OTPDAO] Deleted 0 expired OTPs
2025-10-10 14:44:57 [INFO] APPLICATION: [LicenseScheduler] OTP cleanup completed successfully
2025-10-10 14:45:16 [SEVERE] APPLICATION: [AuthServlet] JWT token validation failed: JWT signature does not match locally computed signature. JWT validity cannot be asserted and should not be trusted.
2025-10-10 14:45:20 [SEVERE] APPLICATION: [AuthServlet] JWT token validation failed: JWT signature does not match locally computed signature. JWT validity cannot be asserted and should not be trusted.
2025-10-10 14:46:53 [SEVERE] APPLICATION: [AuthServlet] JWT token validation failed: JWT signature does not match locally computed signature. JWT validity cannot be asserted and should not be trusted.
2025-10-10 14:48:29 [INFO] APPLICATION: [AuthServlet] Registration attempt with existing username: ibrahim from IP: [0:0:0:0:0:0:0:1]
2025-10-10 14:48:42 [SEVERE] APPLICATION: [OTPDAO] Failed to create OTP
2025-10-10 14:48:42 [SEVERE] APPLICATION: [AdminOTPService] Failed to generate admin OTP
2025-10-10 14:48:42 [SEVERE] APPLICATION: [AuthServlet] JWT token validation failed: Failed to generate admin OTP
2025-10-10 14:49:39 [SEVERE] APPLICATION: [OTPDAO] Failed to create OTP
2025-10-10 14:49:39 [SEVERE] APPLICATION: [AdminOTPService] Failed to generate admin OTP
2025-10-10 14:49:39 [SEVERE] APPLICATION: [AuthServlet] JWT token validation failed: Failed to generate admin OTP
2025-10-10 14:51:17 [SEVERE] APPLICATION: [OTPDAO] Failed to create OTP
2025-10-10 14:51:17 [SEVERE] APPLICATION: [AdminOTPService] Failed to generate admin OTP
2025-10-10 14:51:17 [SEVERE] APPLICATION: [AuthServlet] JWT token validation failed: Failed to generate admin OTP
2025-10-10 14:51:33 [SEVERE] APPLICATION: [OTPDAO] Failed to create OTP
2025-10-10 14:51:33 [SEVERE] APPLICATION: [AdminOTPService] Failed to generate admin OTP
2025-10-10 14:51:33 [SEVERE] APPLICATION: [AuthServlet] JWT token validation failed: Failed to generate admin OTP
2025-10-10 14:59:07 [INFO] APPLICATION: [LoggerUtil] Logging system initialized successfully with log rotation
2025-10-10 14:59:07 [INFO] APPLICATION: [MainApp] Starting School Management System...
2025-10-10 14:59:08 [INFO] APPLICATION: [MainApp] Database connection successful!
2025-10-10 14:59:08 [INFO] APPLICATION: DB_OPERATION: CONNECTION_TEST | TABLE: ALL | DETAILS: Database connectivity verified
2025-10-10 14:59:08 [INFO] APPLICATION: [MainApp] License validation successful. License expires on: 2025-11-08
2025-10-10 14:59:08 [INFO] APPLICATION: [MainApp] Database connection successful!
2025-10-10 14:59:08 [INFO] APPLICATION: DB_OPERATION: CONNECTION_TEST | TABLE: ALL | DETAILS: Database connectivity verified
2025-10-10 14:59:09 [INFO] APPLICATION: [LicenseScheduler] License scheduler started. Daily check will run in 32450 seconds
2025-10-10 14:59:09 [INFO] APPLICATION: [MainApp] License scheduler started successfully
2025-10-10 14:59:09 [INFO] APPLICATION: [MainApp] Backend API Server started on port 8081
2025-10-10 14:59:09 [INFO] APPLICATION: [MainApp] API Base URL: http://localhost:8081/api
2025-10-10 14:59:09 [INFO] APPLICATION: [MainApp] Server endpoints registered successfully
2025-10-10 14:59:09 [INFO] APPLICATION: [MainApp] Log rotation is active - logs will be automatically rotated when they exceed 10MB
2025-10-10 14:59:09 [INFO] APPLICATION: [LicenseScheduler] Starting OTP cleanup
2025-10-10 14:59:09 [INFO] APPLICATION: [OTPDAO] Deleted 0 expired OTPs
2025-10-10 14:59:09 [INFO] APPLICATION: [LicenseScheduler] OTP cleanup completed successfully
2025-10-10 14:59:34 [INFO] APPLICATION: [AuthServlet] Registration attempt with existing username: ibrahim from IP: [0:0:0:0:0:0:0:1]
2025-10-10 15:00:17 [INFO] APPLICATION: [AuthServlet] Registration attempt with existing username: ibrahim from IP: [0:0:0:0:0:0:0:1]
2025-10-10 15:00:34 [SEVERE] APPLICATION: [OTPDAO] Failed to create OTP
2025-10-10 15:00:34 [SEVERE] APPLICATION: [AdminOTPService] Failed to generate admin OTP
2025-10-10 15:00:34 [SEVERE] APPLICATION: [AuthServlet] JWT token validation failed: Failed to generate admin OTP
2025-10-10 15:08:00 [SEVERE] APPLICATION: [AuthServlet] JWT token validation failed: JWT signature does not match locally computed signature. JWT validity cannot be asserted and should not be trusted.
2025-10-10 15:09:25 [INFO] APPLICATION: [LoggerUtil] Logging system initialized successfully with log rotation
2025-10-10 15:09:25 [INFO] APPLICATION: [MainApp] Starting School Management System...
2025-10-10 15:09:26 [INFO] APPLICATION: [MainApp] Database connection successful!
2025-10-10 15:09:26 [INFO] APPLICATION: DB_OPERATION: CONNECTION_TEST | TABLE: ALL | DETAILS: Database connectivity verified
2025-10-10 15:09:26 [INFO] APPLICATION: [MainApp] License validation successful. License expires on: 2025-10-13
2025-10-10 15:09:26 [INFO] APPLICATION: [MainApp] Database connection successful!
2025-10-10 15:09:26 [INFO] APPLICATION: DB_OPERATION: CONNECTION_TEST | TABLE: ALL | DETAILS: Database connectivity verified
2025-10-10 15:09:26 [INFO] APPLICATION: [LicenseScheduler] Starting OTP cleanup
2025-10-10 15:09:26 [INFO] APPLICATION: [LicenseScheduler] License scheduler started. Daily check will run in 31833 seconds
2025-10-10 15:09:26 [INFO] APPLICATION: [MainApp] License scheduler started successfully
2025-10-10 15:09:26 [INFO] APPLICATION: [MainApp] Backend API Server started on port 8081
2025-10-10 15:09:26 [INFO] APPLICATION: [MainApp] API Base URL: http://localhost:8081/api
2025-10-10 15:09:26 [INFO] APPLICATION: [MainApp] Server endpoints registered successfully
2025-10-10 15:09:26 [INFO] APPLICATION: [MainApp] Log rotation is active - logs will be automatically rotated when they exceed 10MB
2025-10-10 15:09:27 [INFO] APPLICATION: [OTPDAO] Deleted 0 expired OTPs
2025-10-10 15:09:27 [INFO] APPLICATION: [LicenseScheduler] OTP cleanup completed successfully
2025-10-10 15:09:48 [SEVERE] APPLICATION: [AuthServlet] JWT token validation failed: JWT signature does not match locally computed signature. JWT validity cannot be asserted and should not be trusted.
2025-10-10 15:10:11 [INFO] APPLICATION: [OTPDAO] OTP created successfully with ID: 28
2025-10-10 15:10:24 [INFO] APPLICATION: [AdminOTPService] Admin OTP email sent successfully for user: newAdmin1
2025-10-10 15:11:19 [SEVERE] APPLICATION: [AuthServlet] An unexpected error occurred during OTP validation: class java.lang.Integer cannot be cast to class java.lang.String (java.lang.Integer and java.lang.String are in module java.base of loader 'bootstrap')
2025-10-10 15:11:31 [INFO] APPLICATION: [OTPDAO] OTP marked as used with ID: 28
2025-10-10 15:13:47 [INFO] APPLICATION: [AuthServlet] New user registered: userhamdy (userhamdy@example.com) with role: USER from IP: [0:0:0:0:0:0:0:1]
2025-10-10 16:09:26 [INFO] APPLICATION: [LicenseScheduler] Starting OTP cleanup
2025-10-10 16:09:27 [INFO] APPLICATION: [OTPDAO] Deleted 1 expired OTPs
2025-10-10 16:09:27 [INFO] APPLICATION: [OTPService] Cleaned up 1 expired OTPs
2025-10-10 16:09:27 [INFO] APPLICATION: [LicenseScheduler] OTP cleanup completed successfully
2025-10-12 19:42:31 [INFO] APPLICATION: [LicenseScheduler] Starting OTP cleanup
2025-10-12 19:42:31 [INFO] APPLICATION: [LicenseScheduler] Starting daily license check
2025-10-12 19:42:31 [INFO] APPLICATION: [OTPDAO] Deleted 0 expired OTPs
2025-10-12 19:42:31 [INFO] APPLICATION: [LicenseScheduler] OTP cleanup completed successfully
2025-10-12 19:42:31 [INFO] APPLICATION: [LicenseScheduler] Starting OTP cleanup
2025-10-12 19:42:31 [INFO] APPLICATION: [OTPDAO] Deleted 0 expired OTPs
2025-10-12 19:42:31 [INFO] APPLICATION: [LicenseScheduler] OTP cleanup completed successfully
2025-10-12 19:42:31 [INFO] APPLICATION: [LicenseScheduler] Starting OTP cleanup
2025-10-12 19:42:31 [INFO] APPLICATION: [OTPDAO] Deleted 0 expired OTPs
2025-10-12 19:42:31 [INFO] APPLICATION: [LicenseScheduler] OTP cleanup completed successfully
2025-10-12 19:42:31 [INFO] APPLICATION: [LicenseScheduler] Starting OTP cleanup
2025-10-12 19:42:31 [INFO] APPLICATION: [OTPDAO] Deleted 0 expired OTPs
2025-10-12 19:42:31 [INFO] APPLICATION: [LicenseScheduler] OTP cleanup completed successfully
2025-10-12 19:42:31 [INFO] APPLICATION: [LicenseScheduler] Starting OTP cleanup
2025-10-12 19:42:32 [INFO] APPLICATION: [OTPDAO] Deleted 0 expired OTPs
2025-10-12 19:42:32 [INFO] APPLICATION: [LicenseScheduler] OTP cleanup completed successfully
2025-10-12 19:42:32 [INFO] APPLICATION: [LicenseScheduler] Starting OTP cleanup
2025-10-12 19:42:32 [INFO] APPLICATION: [OTPDAO] Deleted 0 expired OTPs
2025-10-12 19:42:32 [INFO] APPLICATION: [LicenseScheduler] OTP cleanup completed successfully
2025-10-12 19:42:32 [INFO] APPLICATION: [LicenseScheduler] Starting OTP cleanup
2025-10-12 19:42:32 [INFO] APPLICATION: [OTPDAO] Deleted 0 expired OTPs
2025-10-12 19:42:32 [INFO] APPLICATION: [LicenseScheduler] OTP cleanup completed successfully
2025-10-12 19:42:32 [INFO] APPLICATION: [LicenseScheduler] Starting OTP cleanup
2025-10-12 19:42:32 [INFO] APPLICATION: [OTPDAO] Deleted 0 expired OTPs
2025-10-12 19:42:32 [INFO] APPLICATION: [LicenseScheduler] OTP cleanup completed successfully
2025-10-12 19:42:32 [INFO] APPLICATION: [LicenseScheduler] Starting OTP cleanup
2025-10-12 19:42:32 [INFO] APPLICATION: [LicenseDAO] License updated successfully with ID: 17
2025-10-12 19:42:32 [INFO] APPLICATION: [OTPDAO] Deleted 0 expired OTPs
2025-10-12 19:42:32 [INFO] APPLICATION: [LicenseScheduler] OTP cleanup completed successfully
2025-10-12 19:42:32 [INFO] APPLICATION: [LicenseScheduler] Starting OTP cleanup
2025-10-12 19:42:32 [INFO] APPLICATION: [LicenseService] Daily license check completed. Remaining days: 1, Status: EXPIRING_SOON
2025-10-12 19:42:32 [INFO] APPLICATION: [OTPDAO] Deleted 0 expired OTPs
2025-10-12 19:42:32 [INFO] APPLICATION: [LicenseScheduler] OTP cleanup completed successfully
2025-10-12 19:42:32 [INFO] APPLICATION: [LicenseScheduler] Starting OTP cleanup
2025-10-12 19:42:32 [INFO] APPLICATION: [LicenseScheduler] Daily license check completed successfully. Status: EXPIRING_SOON, Valid: true, Remaining Days: 1
2025-10-12 19:42:32 [INFO] APPLICATION: [LicenseScheduler] Starting daily license check
2025-10-12 19:42:32 [INFO] APPLICATION: [OTPDAO] Deleted 0 expired OTPs
2025-10-12 19:42:32 [INFO] APPLICATION: [LicenseScheduler] OTP cleanup completed successfully
2025-10-12 19:42:32 [INFO] APPLICATION: [LicenseScheduler] Starting OTP cleanup
2025-10-12 19:42:32 [INFO] APPLICATION: [OTPDAO] Deleted 0 expired OTPs
2025-10-12 19:42:32 [INFO] APPLICATION: [LicenseScheduler] OTP cleanup completed successfully
2025-10-12 19:42:32 [INFO] APPLICATION: [LicenseScheduler] Starting OTP cleanup
2025-10-12 19:42:32 [INFO] APPLICATION: [OTPDAO] Deleted 0 expired OTPs
2025-10-12 19:42:32 [INFO] APPLICATION: [LicenseScheduler] OTP cleanup completed successfully
2025-10-12 19:42:32 [INFO] APPLICATION: [LicenseScheduler] Starting OTP cleanup
2025-10-12 19:42:32 [INFO] APPLICATION: [LicenseDAO] License updated successfully with ID: 16
2025-10-12 19:42:32 [INFO] APPLICATION: [LicenseService] Daily license check completed. Remaining days: 1, Status: EXPIRING_SOON
2025-10-12 19:42:32 [INFO] APPLICATION: [OTPDAO] Deleted 0 expired OTPs
2025-10-12 19:42:32 [INFO] APPLICATION: [LicenseScheduler] OTP cleanup completed successfully
2025-10-12 19:42:32 [INFO] APPLICATION: [LicenseScheduler] Starting OTP cleanup
2025-10-12 19:42:32 [INFO] APPLICATION: [LicenseScheduler] Daily license check completed successfully. Status: ACTIVE, Valid: true, Remaining Days: 27
2025-10-12 19:42:32 [INFO] APPLICATION: [OTPDAO] Deleted 0 expired OTPs
2025-10-12 19:42:32 [INFO] APPLICATION: [LicenseScheduler] OTP cleanup completed successfully
2025-10-12 19:42:32 [INFO] APPLICATION: [LicenseScheduler] Starting OTP cleanup
2025-10-12 19:42:32 [INFO] APPLICATION: [OTPDAO] Deleted 0 expired OTPs
2025-10-12 19:42:32 [INFO] APPLICATION: [LicenseScheduler] OTP cleanup completed successfully
2025-10-12 19:42:32 [INFO] APPLICATION: [LicenseScheduler] Starting OTP cleanup
2025-10-12 19:42:32 [INFO] APPLICATION: [OTPDAO] Deleted 0 expired OTPs
2025-10-12 19:42:32 [INFO] APPLICATION: [LicenseScheduler] OTP cleanup completed successfully
2025-10-12 19:42:32 [INFO] APPLICATION: [LicenseScheduler] Starting OTP cleanup
2025-10-12 19:42:32 [INFO] APPLICATION: [OTPDAO] Deleted 0 expired OTPs
2025-10-12 19:42:32 [INFO] APPLICATION: [LicenseScheduler] OTP cleanup completed successfully
2025-10-12 19:42:32 [INFO] APPLICATION: [LicenseScheduler] Starting OTP cleanup
2025-10-12 19:42:32 [INFO] APPLICATION: [OTPDAO] Deleted 0 expired OTPs
2025-10-12 19:42:32 [INFO] APPLICATION: [LicenseScheduler] OTP cleanup completed successfully
2025-10-12 19:42:32 [INFO] APPLICATION: [LicenseScheduler] Starting OTP cleanup
2025-10-12 19:42:33 [INFO] APPLICATION: [OTPDAO] Deleted 0 expired OTPs
2025-10-12 19:42:33 [INFO] APPLICATION: [LicenseScheduler] OTP cleanup completed successfully
2025-10-12 19:42:33 [INFO] APPLICATION: [LicenseScheduler] Starting OTP cleanup
2025-10-12 19:42:33 [INFO] APPLICATION: [OTPDAO] Deleted 0 expired OTPs
2025-10-12 19:42:33 [INFO] APPLICATION: [LicenseScheduler] OTP cleanup completed successfully
2025-10-12 19:42:33 [INFO] APPLICATION: [LicenseScheduler] Starting OTP cleanup
2025-10-12 19:42:33 [INFO] APPLICATION: [OTPDAO] Deleted 0 expired OTPs
2025-10-12 19:42:33 [INFO] APPLICATION: [LicenseScheduler] OTP cleanup completed successfully
2025-10-12 19:42:33 [INFO] APPLICATION: [LicenseScheduler] Starting OTP cleanup
2025-10-12 19:42:33 [INFO] APPLICATION: [OTPDAO] Deleted 0 expired OTPs
2025-10-12 19:42:33 [INFO] APPLICATION: [LicenseScheduler] OTP cleanup completed successfully
2025-10-12 19:42:33 [INFO] APPLICATION: [LicenseScheduler] Starting OTP cleanup
2025-10-12 19:42:33 [INFO] APPLICATION: [OTPDAO] Deleted 0 expired OTPs
2025-10-12 19:42:33 [INFO] APPLICATION: [LicenseScheduler] OTP cleanup completed successfully
2025-10-12 19:42:33 [INFO] APPLICATION: [LicenseScheduler] Starting OTP cleanup
2025-10-12 19:42:33 [INFO] APPLICATION: [OTPDAO] Deleted 0 expired OTPs
2025-10-12 19:42:33 [INFO] APPLICATION: [LicenseScheduler] OTP cleanup completed successfully
2025-10-12 19:42:33 [INFO] APPLICATION: [LicenseScheduler] Starting OTP cleanup
2025-10-12 19:42:33 [INFO] APPLICATION: [OTPDAO] Deleted 0 expired OTPs
2025-10-12 19:42:33 [INFO] APPLICATION: [LicenseScheduler] OTP cleanup completed successfully
2025-10-12 19:42:33 [INFO] APPLICATION: [LicenseScheduler] Starting OTP cleanup
2025-10-12 19:42:33 [INFO] APPLICATION: [OTPDAO] Deleted 0 expired OTPs
2025-10-12 19:42:33 [INFO] APPLICATION: [LicenseScheduler] OTP cleanup completed successfully
2025-10-12 19:42:33 [INFO] APPLICATION: [LicenseScheduler] Starting OTP cleanup
2025-10-12 19:42:33 [INFO] APPLICATION: [OTPDAO] Deleted 0 expired OTPs
2025-10-12 19:42:33 [INFO] APPLICATION: [LicenseScheduler] OTP cleanup completed successfully
2025-10-12 19:42:33 [INFO] APPLICATION: [LicenseScheduler] Starting OTP cleanup
2025-10-12 19:42:33 [INFO] APPLICATION: [OTPDAO] Deleted 0 expired OTPs
2025-10-12 19:42:33 [INFO] APPLICATION: [LicenseScheduler] OTP cleanup completed successfully
2025-10-12 19:42:33 [INFO] APPLICATION: [LicenseScheduler] Starting OTP cleanup
2025-10-12 19:42:33 [INFO] APPLICATION: [OTPDAO] Deleted 0 expired OTPs
2025-10-12 19:42:33 [INFO] APPLICATION: [LicenseScheduler] OTP cleanup completed successfully
2025-10-12 19:42:33 [INFO] APPLICATION: [LicenseScheduler] Starting OTP cleanup
2025-10-12 19:42:33 [INFO] APPLICATION: [OTPDAO] Deleted 0 expired OTPs
2025-10-12 19:42:33 [INFO] APPLICATION: [LicenseScheduler] OTP cleanup completed successfully
2025-10-12 19:42:33 [INFO] APPLICATION: [LicenseScheduler] Starting OTP cleanup
2025-10-12 19:42:33 [INFO] APPLICATION: [OTPDAO] Deleted 0 expired OTPs
2025-10-12 19:42:33 [INFO] APPLICATION: [LicenseScheduler] OTP cleanup completed successfully
2025-10-12 19:42:33 [INFO] APPLICATION: [LicenseScheduler] Starting OTP cleanup
2025-10-12 19:42:33 [INFO] APPLICATION: [OTPDAO] Deleted 0 expired OTPs
2025-10-12 19:42:33 [INFO] APPLICATION: [LicenseScheduler] OTP cleanup completed successfully
2025-10-12 19:42:33 [INFO] APPLICATION: [LicenseScheduler] Starting OTP cleanup
2025-10-12 19:42:33 [INFO] APPLICATION: [OTPDAO] Deleted 0 expired OTPs
2025-10-12 19:42:33 [INFO] APPLICATION: [LicenseScheduler] OTP cleanup completed successfully
2025-10-12 19:42:33 [INFO] APPLICATION: [LicenseScheduler] Starting OTP cleanup
2025-10-12 19:42:33 [INFO] APPLICATION: [OTPDAO] Deleted 0 expired OTPs
2025-10-12 19:42:33 [INFO] APPLICATION: [LicenseScheduler] OTP cleanup completed successfully
2025-10-12 19:42:33 [INFO] APPLICATION: [LicenseScheduler] Starting OTP cleanup
2025-10-12 19:42:34 [INFO] APPLICATION: [OTPDAO] Deleted 0 expired OTPs
2025-10-12 19:42:34 [INFO] APPLICATION: [LicenseScheduler] OTP cleanup completed successfully
2025-10-12 19:42:34 [INFO] APPLICATION: [LicenseScheduler] Starting OTP cleanup
2025-10-12 19:42:34 [INFO] APPLICATION: [OTPDAO] Deleted 0 expired OTPs
2025-10-12 19:42:34 [INFO] APPLICATION: [LicenseScheduler] OTP cleanup completed successfully
2025-10-12 19:42:34 [INFO] APPLICATION: [LicenseScheduler] Starting OTP cleanup
2025-10-12 19:42:34 [INFO] APPLICATION: [OTPDAO] Deleted 0 expired OTPs
2025-10-12 19:42:34 [INFO] APPLICATION: [LicenseScheduler] OTP cleanup completed successfully
2025-10-12 19:42:34 [INFO] APPLICATION: [LicenseScheduler] Starting OTP cleanup
2025-10-12 19:42:34 [INFO] APPLICATION: [OTPDAO] Deleted 0 expired OTPs
2025-10-12 19:42:34 [INFO] APPLICATION: [LicenseScheduler] OTP cleanup completed successfully
2025-10-12 19:42:34 [INFO] APPLICATION: [LicenseScheduler] Starting OTP cleanup
2025-10-12 19:42:34 [INFO] APPLICATION: [OTPDAO] Deleted 0 expired OTPs
2025-10-12 19:42:34 [INFO] APPLICATION: [LicenseScheduler] OTP cleanup completed successfully
2025-10-12 19:42:34 [INFO] APPLICATION: [LicenseScheduler] Starting OTP cleanup
2025-10-12 19:42:34 [INFO] APPLICATION: [OTPDAO] Deleted 0 expired OTPs
2025-10-12 19:42:34 [INFO] APPLICATION: [LicenseScheduler] OTP cleanup completed successfully
2025-10-12 19:42:34 [INFO] APPLICATION: [LicenseScheduler] Starting OTP cleanup
2025-10-12 19:42:34 [INFO] APPLICATION: [OTPDAO] Deleted 0 expired OTPs
2025-10-12 19:42:34 [INFO] APPLICATION: [LicenseScheduler] OTP cleanup completed successfully
2025-10-12 19:42:34 [INFO] APPLICATION: [LicenseScheduler] Starting OTP cleanup
2025-10-12 19:42:34 [INFO] APPLICATION: [OTPDAO] Deleted 0 expired OTPs
2025-10-12 19:42:34 [INFO] APPLICATION: [LicenseScheduler] OTP cleanup completed successfully
2025-10-12 19:42:34 [INFO] APPLICATION: [LicenseScheduler] Starting OTP cleanup
2025-10-12 19:42:34 [INFO] APPLICATION: [OTPDAO] Deleted 0 expired OTPs
2025-10-12 19:42:34 [INFO] APPLICATION: [LicenseScheduler] OTP cleanup completed successfully
2025-10-12 19:42:34 [INFO] APPLICATION: [LicenseScheduler] Starting OTP cleanup
2025-10-12 19:42:34 [INFO] APPLICATION: [OTPDAO] Deleted 0 expired OTPs
2025-10-12 19:42:34 [INFO] APPLICATION: [LicenseScheduler] OTP cleanup completed successfully
2025-10-12 19:42:34 [INFO] APPLICATION: [LicenseScheduler] Starting OTP cleanup
2025-10-12 19:42:35 [INFO] APPLICATION: [OTPDAO] Deleted 0 expired OTPs
2025-10-12 19:42:35 [INFO] APPLICATION: [LicenseScheduler] OTP cleanup completed successfully
2025-10-12 19:42:35 [INFO] APPLICATION: [LicenseScheduler] Starting OTP cleanup
2025-10-12 19:42:35 [INFO] APPLICATION: [OTPDAO] Deleted 0 expired OTPs
2025-10-12 19:42:35 [INFO] APPLICATION: [LicenseScheduler] OTP cleanup completed successfully
2025-10-12 19:42:35 [INFO] APPLICATION: [LicenseScheduler] Starting OTP cleanup
2025-10-12 19:42:35 [INFO] APPLICATION: [OTPDAO] Deleted 0 expired OTPs
2025-10-12 19:42:35 [INFO] APPLICATION: [LicenseScheduler] OTP cleanup completed successfully
2025-10-12 19:42:35 [INFO] APPLICATION: [LicenseScheduler] Starting OTP cleanup
2025-10-12 19:42:35 [INFO] APPLICATION: [OTPDAO] Deleted 0 expired OTPs
2025-10-12 19:42:35 [INFO] APPLICATION: [LicenseScheduler] OTP cleanup completed successfully
2025-10-12 19:42:35 [INFO] APPLICATION: [LicenseScheduler] Starting OTP cleanup
2025-10-12 19:42:35 [INFO] APPLICATION: [OTPDAO] Deleted 0 expired OTPs
2025-10-12 19:42:35 [INFO] APPLICATION: [LicenseScheduler] OTP cleanup completed successfully
2025-10-12 19:42:35 [INFO] APPLICATION: [LicenseScheduler] Starting OTP cleanup
2025-10-12 19:42:35 [INFO] APPLICATION: [OTPDAO] Deleted 0 expired OTPs
2025-10-12 19:42:35 [INFO] APPLICATION: [LicenseScheduler] OTP cleanup completed successfully
2025-10-12 19:55:39 [INFO] APPLICATION: [StudentServlet] Fetching all students from IP: [0:0:0:0:0:0:0:1]
2025-10-12 19:55:40 [INFO] APPLICATION: [StudentServlet] Fetching all students from IP: [0:0:0:0:0:0:0:1]
2025-10-12 19:59:11 [INFO] APPLICATION: [StudentServlet] Fetching all students from IP: [0:0:0:0:0:0:0:1]
2025-10-12 19:59:12 [INFO] APPLICATION: [StudentServlet] Fetching all students from IP: [0:0:0:0:0:0:0:1]
2025-10-12 20:07:26 [INFO] APPLICATION: [StudentServlet] Fetching all students from IP: [0:0:0:0:0:0:0:1]
2025-10-12 20:07:27 [INFO] APPLICATION: [StudentServlet] Fetching all students from IP: [0:0:0:0:0:0:0:1]
2025-10-12 20:08:36 [INFO] APPLICATION: [StudentServlet] Fetching all students from IP: [0:0:0:0:0:0:0:1]
2025-10-12 20:08:37 [INFO] APPLICATION: [StudentServlet] Fetching all students from IP: [0:0:0:0:0:0:0:1]
2025-10-12 20:09:01 [INFO] APPLICATION: [LicenseScheduler] Starting OTP cleanup
2025-10-12 20:09:01 [INFO] APPLICATION: [OTPDAO] Deleted 0 expired OTPs
2025-10-12 20:09:01 [INFO] APPLICATION: [LicenseScheduler] OTP cleanup completed successfully
2025-10-12 20:17:22 [INFO] APPLICATION: [StudentServlet] Fetching all students from IP: [0:0:0:0:0:0:0:1]
2025-10-12 20:17:25 [INFO] APPLICATION: [StudentServlet] Fetching all students from IP: [0:0:0:0:0:0:0:1]
2025-10-12 20:17:54 [INFO] APPLICATION: [StudentServlet] Fetching all students from IP: [0:0:0:0:0:0:0:1]
2025-10-12 20:17:57 [INFO] APPLICATION: [StudentServlet] Fetching all students from IP: [0:0:0:0:0:0:0:1]
2025-10-12 20:19:00 [INFO] APPLICATION: [StudentServlet] Fetching all students from IP: [0:0:0:0:0:0:0:1]
2025-10-12 20:19:03 [INFO] APPLICATION: [StudentServlet] Fetching all students from IP: [0:0:0:0:0:0:0:1]
2025-10-12 20:23:10 [SEVERE] APPLICATION: [AuthServlet] An unexpected error occurred during registration: ERROR: duplicate key value violates unique constraint "users_email_key"
  Detail: Key (email)=(userhamdy@example.com) already exists.
2025-10-12 20:25:12 [INFO] APPLICATION: [StudentServlet] Fetching all students from IP: [0:0:0:0:0:0:0:1]
2025-10-12 20:25:14 [INFO] APPLICATION: [StudentServlet] Fetching all students from IP: [0:0:0:0:0:0:0:1]
2025-10-12 20:25:45 [SEVERE] APPLICATION: [AuthServlet] An unexpected error occurred during registration: ERROR: duplicate key value violates unique constraint "users_email_key"
  Detail: Key (email)=(userhamdy@example.com) already exists.
2025-10-12 20:26:13 [INFO] APPLICATION: [AuthServlet] New user registered: userhamdy2 (userhamdy2@example.com) with role: USER from IP: [0:0:0:0:0:0:0:1]
2025-10-12 20:26:43 [INFO] APPLICATION: [StudentServlet] Fetching all students from IP: [0:0:0:0:0:0:0:1]
2025-10-12 20:26:50 [INFO] APPLICATION: [StudentServlet] Fetching all students from IP: [0:0:0:0:0:0:0:1]
2025-10-12 20:27:41 [INFO] APPLICATION: [StudentServlet] Fetching all students from IP: [0:0:0:0:0:0:0:1]
2025-10-12 20:33:26 [INFO] APPLICATION: [StudentServlet] Fetching all students from IP: [0:0:0:0:0:0:0:1]
2025-10-12 20:33:27 [INFO] APPLICATION: [StudentServlet] Fetching all students from IP: [0:0:0:0:0:0:0:1]
2025-10-12 20:41:37 [INFO] APPLICATION: [StudentServlet] Fetching all students from IP: [0:0:0:0:0:0:0:1]
2025-10-12 20:41:38 [INFO] APPLICATION: [StudentServlet] Fetching all students from IP: [0:0:0:0:0:0:0:1]
2025-10-12 20:43:03 [INFO] APPLICATION: [StudentServlet] Fetching all students from IP: [0:0:0:0:0:0:0:1]
2025-10-12 20:43:04 [INFO] APPLICATION: [StudentServlet] Fetching all students from IP: [0:0:0:0:0:0:0:1]
2025-10-12 20:49:00 [INFO] APPLICATION: [StudentServlet] Fetching all students from IP: [0:0:0:0:0:0:0:1]
2025-10-12 20:49:01 [INFO] APPLICATION: [StudentServlet] Fetching all students from IP: [0:0:0:0:0:0:0:1]
2025-10-12 20:49:44 [INFO] APPLICATION: [StudentServlet] Fetching all students from IP: [0:0:0:0:0:0:0:1]
2025-10-12 20:49:44 [INFO] APPLICATION: [StudentServlet] Fetching all students from IP: [0:0:0:0:0:0:0:1]
2025-10-12 20:50:59 [INFO] APPLICATION: [StudentServlet] Fetching all students from IP: [0:0:0:0:0:0:0:1]
2025-10-12 20:51:00 [INFO] APPLICATION: [StudentServlet] Fetching all students from IP: [0:0:0:0:0:0:0:1]
2025-10-12 20:55:38 [INFO] APPLICATION: [StudentServlet] Fetching all students from IP: [0:0:0:0:0:0:0:1]
2025-10-12 20:55:39 [INFO] APPLICATION: [StudentServlet] Fetching all students from IP: [0:0:0:0:0:0:0:1]
2025-10-12 21:01:32 [INFO] APPLICATION: [StudentServlet] Fetching all students from IP: [0:0:0:0:0:0:0:1]
2025-10-12 21:01:33 [INFO] APPLICATION: [StudentServlet] Fetching all students from IP: [0:0:0:0:0:0:0:1]
2025-10-12 21:04:22 [INFO] APPLICATION: [StudentServlet] Fetching all students from IP: [0:0:0:0:0:0:0:1]
2025-10-12 21:04:23 [INFO] APPLICATION: [StudentServlet] Fetching all students from IP: [0:0:0:0:0:0:0:1]
2025-10-12 21:06:25 [INFO] APPLICATION: [StudentServlet] Fetching all students from IP: [0:0:0:0:0:0:0:1]
2025-10-12 21:06:25 [INFO] APPLICATION: [StudentServlet] Fetching all students from IP: [0:0:0:0:0:0:0:1]
2025-10-12 21:09:01 [INFO] APPLICATION: [LicenseScheduler] Starting OTP cleanup
2025-10-12 21:09:01 [INFO] APPLICATION: [OTPDAO] Deleted 0 expired OTPs
2025-10-12 21:09:01 [INFO] APPLICATION: [LicenseScheduler] OTP cleanup completed successfully
2025-10-12 21:10:35 [INFO] APPLICATION: [StudentServlet] Fetching all students from IP: [0:0:0:0:0:0:0:1]
2025-10-12 21:10:36 [INFO] APPLICATION: [StudentServlet] Fetching all students from IP: [0:0:0:0:0:0:0:1]
2025-10-12 21:14:23 [INFO] APPLICATION: [StudentServlet] Fetching all students from IP: [0:0:0:0:0:0:0:1]
2025-10-12 21:14:24 [INFO] APPLICATION: [StudentServlet] Fetching all students from IP: [0:0:0:0:0:0:0:1]
2025-10-12 21:16:22 [INFO] APPLICATION: [StudentServlet] Fetching all students from IP: [0:0:0:0:0:0:0:1]
2025-10-12 21:16:23 [INFO] APPLICATION: [StudentServlet] Fetching all students from IP: [0:0:0:0:0:0:0:1]
2025-10-12 21:24:22 [INFO] APPLICATION: [StudentServlet] Fetching all students from IP: [0:0:0:0:0:0:0:1]
2025-10-12 21:24:23 [INFO] APPLICATION: [StudentServlet] Fetching all students from IP: [0:0:0:0:0:0:0:1]
2025-10-12 21:31:01 [INFO] APPLICATION: [StudentServlet] Fetching all students from IP: [0:0:0:0:0:0:0:1]
2025-10-12 21:31:02 [INFO] APPLICATION: [StudentServlet] Fetching all students from IP: [0:0:0:0:0:0:0:1]
2025-10-12 21:38:02 [INFO] APPLICATION: [StudentServlet] Fetching all students from IP: [0:0:0:0:0:0:0:1]
2025-10-12 21:38:03 [INFO] APPLICATION: [StudentServlet] Fetching all students from IP: [0:0:0:0:0:0:0:1]
2025-10-12 21:38:17 [INFO] APPLICATION: [StudentServlet] Fetching all students from IP: [0:0:0:0:0:0:0:1]
2025-10-12 21:38:48 [INFO] APPLICATION: [StudentServlet] Fetching all students from IP: [0:0:0:0:0:0:0:1]
2025-10-12 21:40:17 [INFO] APPLICATION: [StudentServlet] Fetching all students from IP: [0:0:0:0:0:0:0:1]
2025-10-12 21:46:14 [INFO] APPLICATION: [StudentServlet] Fetching all students from IP: [0:0:0:0:0:0:0:1]
2025-10-12 21:46:15 [INFO] APPLICATION: [StudentServlet] Fetching all students from IP: [0:0:0:0:0:0:0:1]
2025-10-12 21:56:12 [INFO] APPLICATION: [MainApp] Server shutdown initiated
2025-10-12 21:56:12 [INFO] APPLICATION: [LicenseScheduler] License scheduler stopped successfully
2025-10-12 21:56:12 [INFO] APPLICATION: [MainApp] License scheduler stopped
2025-10-12 21:56:12 [INFO] APPLICATION: [LoggerUtil] LoggerUtil shutdown completed
2025-10-12 21:57:02 [INFO] APPLICATION: [LoggerUtil] Logging system initialized successfully with log rotation
2025-10-12 21:57:02 [INFO] APPLICATION: [MainApp] Starting School Management System...
2025-10-12 21:57:02 [INFO] APPLICATION: [MainApp] Database connection successful!
2025-10-12 21:57:02 [INFO] APPLICATION: DB_OPERATION: CONNECTION_TEST | TABLE: ALL | DETAILS: Database connectivity verified
2025-10-12 21:57:02 [INFO] APPLICATION: [MainApp] License validation successful. License expires on: 2025-11-08
2025-10-12 21:57:03 [INFO] APPLICATION: [MainApp] Database connection successful!
2025-10-12 21:57:03 [INFO] APPLICATION: DB_OPERATION: CONNECTION_TEST | TABLE: ALL | DETAILS: Database connectivity verified
2025-10-12 21:57:03 [INFO] APPLICATION: [LicenseScheduler] Starting OTP cleanup
2025-10-12 21:57:03 [INFO] APPLICATION: [LicenseScheduler] License scheduler started. Daily check will run in 7376 seconds
2025-10-12 21:57:03 [INFO] APPLICATION: [MainApp] License scheduler started successfully
2025-10-12 21:57:03 [INFO] APPLICATION: [MainApp] Backend API Server started on port 8081
2025-10-12 21:57:03 [INFO] APPLICATION: [MainApp] API Base URL: http://localhost:8081/api
2025-10-12 21:57:03 [INFO] APPLICATION: [MainApp] Server endpoints registered successfully
2025-10-12 21:57:03 [INFO] APPLICATION: [MainApp] Log rotation is active - logs will be automatically rotated when they exceed 10MB
2025-10-12 21:57:03 [INFO] APPLICATION: [OTPDAO] Deleted 0 expired OTPs
2025-10-12 21:57:03 [INFO] APPLICATION: [LicenseScheduler] OTP cleanup completed successfully
2025-10-12 22:07:11 [INFO] APPLICATION: [StudentServlet] Fetching all students from IP: [0:0:0:0:0:0:0:1]
2025-10-12 22:07:13 [INFO] APPLICATION: [StudentServlet] Fetching all students from IP: [0:0:0:0:0:0:0:1]
2025-10-12 22:12:40 [SEVERE] APPLICATION: [AuthServlet] An unexpected error occurred during login: Cannot construct instance of `java.util.LinkedHashMap` (although at least one Creator exists): no String-argument constructor/factory method to deserialize from String value ('myadmin')
 at [Source: REDACTED (`StreamReadFeature.INCLUDE_SOURCE_IN_LOCATION` disabled); line: 1, column: 1]
2025-10-12 22:13:01 [SEVERE] APPLICATION: [AuthServlet] An unexpected error occurred during login: Cannot construct instance of `java.util.LinkedHashMap` (although at least one Creator exists): no String-argument constructor/factory method to deserialize from String value ('myadmin')
 at [Source: REDACTED (`StreamReadFeature.INCLUDE_SOURCE_IN_LOCATION` disabled); line: 1, column: 1]
2025-10-12 22:15:51 [INFO] APPLICATION: [StudentServlet] Fetching all students from IP: [0:0:0:0:0:0:0:1]
2025-10-12 22:15:51 [INFO] APPLICATION: [StudentServlet] Fetching all students from IP: [0:0:0:0:0:0:0:1]
2025-10-12 22:17:11 [INFO] APPLICATION: [StudentServlet] Fetching all students from IP: [0:0:0:0:0:0:0:1]
2025-10-12 22:17:12 [INFO] APPLICATION: [StudentServlet] Fetching all students from IP: [0:0:0:0:0:0:0:1]
2025-10-12 22:19:13 [INFO] APPLICATION: [MainApp] Server shutdown initiated
2025-10-12 22:19:13 [INFO] APPLICATION: [LicenseScheduler] License scheduler stopped successfully
2025-10-12 22:19:13 [INFO] APPLICATION: [MainApp] License scheduler stopped
2025-10-12 22:19:13 [INFO] APPLICATION: [LoggerUtil] LoggerUtil shutdown completed
2025-10-12 22:19:39 [INFO] APPLICATION: [LoggerUtil] Logging system initialized successfully with log rotation
2025-10-12 22:19:39 [INFO] APPLICATION: [MainApp] Starting School Management System...
2025-10-12 22:19:39 [INFO] APPLICATION: [MainApp] Database connection successful!
2025-10-12 22:19:39 [INFO] APPLICATION: DB_OPERATION: CONNECTION_TEST | TABLE: ALL | DETAILS: Database connectivity verified
2025-10-12 22:19:39 [INFO] APPLICATION: [MainApp] License validation successful. License expires on: 2025-11-08
2025-10-12 22:19:40 [INFO] APPLICATION: [MainApp] Database connection successful!
2025-10-12 22:19:40 [INFO] APPLICATION: DB_OPERATION: CONNECTION_TEST | TABLE: ALL | DETAILS: Database connectivity verified
2025-10-12 22:19:40 [INFO] APPLICATION: [LicenseScheduler] Starting OTP cleanup
2025-10-12 22:19:40 [INFO] APPLICATION: [LicenseScheduler] License scheduler started. Daily check will run in 6019 seconds
2025-10-12 22:19:40 [INFO] APPLICATION: [MainApp] License scheduler started successfully
2025-10-12 22:19:40 [INFO] APPLICATION: [MainApp] Backend API Server started on port 8081
2025-10-12 22:19:40 [INFO] APPLICATION: [MainApp] API Base URL: http://localhost:8081/api
2025-10-12 22:19:40 [INFO] APPLICATION: [MainApp] Server endpoints registered successfully
2025-10-12 22:19:40 [INFO] APPLICATION: [MainApp] Log rotation is active - logs will be automatically rotated when they exceed 10MB
2025-10-12 22:19:40 [INFO] APPLICATION: [OTPDAO] Deleted 0 expired OTPs
2025-10-12 22:19:40 [INFO] APPLICATION: [LicenseScheduler] OTP cleanup completed successfully
2025-10-12 22:24:47 [INFO] APPLICATION: [StudentServlet] Fetching all students from IP: [0:0:0:0:0:0:0:1]
2025-10-12 22:24:48 [INFO] APPLICATION: [StudentServlet] Fetching all students from IP: [0:0:0:0:0:0:0:1]
2025-10-12 22:26:29 [INFO] APPLICATION: [StudentServlet] Fetching all students from IP: [0:0:0:0:0:0:0:1]
2025-10-12 22:28:55 [INFO] APPLICATION: [StudentServlet] Fetching all students from IP: [0:0:0:0:0:0:0:1]
2025-10-12 22:28:56 [INFO] APPLICATION: [StudentServlet] Fetching all students from IP: [0:0:0:0:0:0:0:1]
2025-10-12 22:29:09 [INFO] APPLICATION: [StudentServlet] Fetching all students from IP: [0:0:0:0:0:0:0:1]
2025-10-12 22:30:11 [INFO] APPLICATION: [StudentServlet] Fetching all students from IP: [0:0:0:0:0:0:0:1]
2025-10-12 22:31:20 [INFO] APPLICATION: [StudentServlet] Fetching all students from IP: [0:0:0:0:0:0:0:1]
2025-10-12 22:32:38 [INFO] APPLICATION: [StudentServlet] Fetching all students from IP: [0:0:0:0:0:0:0:1]
2025-10-12 22:32:39 [INFO] APPLICATION: [StudentServlet] Fetching all students from IP: [0:0:0:0:0:0:0:1]
2025-10-12 22:33:07 [INFO] APPLICATION: [StudentServlet] Student delete failed - not found: ID 2 from IP: [0:0:0:0:0:0:0:1]
2025-10-12 22:33:22 [INFO] APPLICATION: [StudentServlet] Fetching all students from IP: [0:0:0:0:0:0:0:1]
2025-10-12 22:33:23 [INFO] APPLICATION: [StudentServlet] Fetching all students from IP: [0:0:0:0:0:0:0:1]
2025-10-12 22:34:03 [INFO] APPLICATION: [StudentServlet] Student delete failed - not found: ID 3 from IP: [0:0:0:0:0:0:0:1]
2025-10-12 22:34:21 [INFO] APPLICATION: [StudentServlet] Fetching all students from IP: [0:0:0:0:0:0:0:1]
2025-10-12 22:34:21 [INFO] APPLICATION: [StudentServlet] Fetching all students from IP: [0:0:0:0:0:0:0:1]
2025-10-12 22:36:35 [INFO] APPLICATION: [StudentServlet] Fetching all students from IP: [0:0:0:0:0:0:0:1]
2025-10-12 22:36:56 [INFO] APPLICATION: [StudentServlet] Fetching all students from IP: [0:0:0:0:0:0:0:1]
2025-10-12 22:36:57 [INFO] APPLICATION: [StudentServlet] Fetching all students from IP: [0:0:0:0:0:0:0:1]
2025-10-12 22:38:38 [INFO] APPLICATION: [StudentServlet] Fetching all students from IP: [0:0:0:0:0:0:0:1]
2025-10-12 22:38:38 [INFO] APPLICATION: [StudentServlet] Fetching all students from IP: [0:0:0:0:0:0:0:1]
2025-10-12 22:39:18 [INFO] APPLICATION: [StudentServlet] Fetching all students from IP: [0:0:0:0:0:0:0:1]
2025-10-12 22:39:18 [INFO] APPLICATION: [StudentServlet] Fetching all students from IP: [0:0:0:0:0:0:0:1]
2025-10-12 22:46:59 [INFO] APPLICATION: [StudentServlet] Fetching all students from IP: [0:0:0:0:0:0:0:1]
2025-10-12 22:46:59 [INFO] APPLICATION: [StudentServlet] Fetching all students from IP: [0:0:0:0:0:0:0:1]
2025-10-12 22:47:32 [INFO] APPLICATION: [StudentServlet] Fetching all students from IP: [0:0:0:0:0:0:0:1]
2025-10-12 22:47:33 [INFO] APPLICATION: [StudentServlet] Fetching all students from IP: [0:0:0:0:0:0:0:1]
2025-10-12 22:52:22 [INFO] APPLICATION: [MainApp] Server shutdown initiated
2025-10-12 22:52:22 [INFO] APPLICATION: [LicenseScheduler] License scheduler stopped successfully
2025-10-12 22:52:22 [INFO] APPLICATION: [MainApp] License scheduler stopped
2025-10-12 22:52:22 [INFO] APPLICATION: [LoggerUtil] LoggerUtil shutdown completed
2025-10-12 22:52:24 [INFO] APPLICATION: [LoggerUtil] Logging system initialized successfully with log rotation
2025-10-12 22:52:24 [INFO] APPLICATION: [MainApp] Starting School Management System...
2025-10-12 22:52:25 [INFO] APPLICATION: [MainApp] Database connection successful!
2025-10-12 22:52:25 [INFO] APPLICATION: DB_OPERATION: CONNECTION_TEST | TABLE: ALL | DETAILS: Database connectivity verified
2025-10-12 22:52:25 [INFO] APPLICATION: [MainApp] License validation successful. License expires on: 2025-11-08
2025-10-12 22:52:25 [INFO] APPLICATION: [MainApp] Database connection successful!
2025-10-12 22:52:25 [INFO] APPLICATION: DB_OPERATION: CONNECTION_TEST | TABLE: ALL | DETAILS: Database connectivity verified
2025-10-12 22:52:25 [INFO] APPLICATION: [LicenseScheduler] Starting OTP cleanup
2025-10-12 22:52:25 [INFO] APPLICATION: [LicenseScheduler] License scheduler started. Daily check will run in 4054 seconds
2025-10-12 22:52:25 [INFO] APPLICATION: [MainApp] License scheduler started successfully
2025-10-12 22:52:25 [INFO] APPLICATION: [MainApp] Backend API Server started on port 8081
2025-10-12 22:52:25 [INFO] APPLICATION: [MainApp] API Base URL: http://localhost:8081/api
2025-10-12 22:52:25 [INFO] APPLICATION: [MainApp] Server endpoints registered successfully
2025-10-12 22:52:25 [INFO] APPLICATION: [MainApp] Log rotation is active - logs will be automatically rotated when they exceed 10MB
2025-10-12 22:52:26 [INFO] APPLICATION: [OTPDAO] Deleted 0 expired OTPs
2025-10-12 22:52:26 [INFO] APPLICATION: [LicenseScheduler] OTP cleanup completed successfully
2025-10-12 22:57:07 [INFO] APPLICATION: [MainApp] Server shutdown initiated
2025-10-12 22:57:07 [INFO] APPLICATION: [LicenseScheduler] License scheduler stopped successfully
2025-10-12 22:57:45 [INFO] APPLICATION: [LoggerUtil] Logging system initialized successfully with log rotation
2025-10-12 22:57:45 [INFO] APPLICATION: [MainApp] Starting School Management System...
2025-10-12 22:57:46 [INFO] APPLICATION: [MainApp] Database connection successful!
2025-10-12 22:57:46 [INFO] APPLICATION: DB_OPERATION: CONNECTION_TEST | TABLE: ALL | DETAILS: Database connectivity verified
2025-10-12 22:57:46 [INFO] APPLICATION: [MainApp] License validation successful. License expires on: 2025-11-08
2025-10-12 22:57:46 [INFO] APPLICATION: [MainApp] Database connection successful!
2025-10-12 22:57:46 [INFO] APPLICATION: DB_OPERATION: CONNECTION_TEST | TABLE: ALL | DETAILS: Database connectivity verified
2025-10-12 22:57:47 [INFO] APPLICATION: [LicenseScheduler] Starting OTP cleanup
2025-10-12 22:57:47 [INFO] APPLICATION: [LicenseScheduler] License scheduler started. Daily check will run in 3732 seconds
2025-10-12 22:57:47 [INFO] APPLICATION: [MainApp] License scheduler started successfully
2025-10-12 22:57:47 [INFO] APPLICATION: [MainApp] Backend API Server started on port 8081
2025-10-12 22:57:47 [INFO] APPLICATION: [MainApp] API Base URL: http://localhost:8081/api
2025-10-12 22:57:47 [INFO] APPLICATION: [MainApp] Server endpoints registered successfully
2025-10-12 22:57:47 [INFO] APPLICATION: [MainApp] Log rotation is active - logs will be automatically rotated when they exceed 10MB
2025-10-12 22:57:47 [INFO] APPLICATION: [OTPDAO] Deleted 0 expired OTPs
2025-10-12 22:57:47 [INFO] APPLICATION: [LicenseScheduler] OTP cleanup completed successfully
2025-10-12 23:05:17 [INFO] APPLICATION: [LoggerUtil] Logging system initialized successfully with log rotation
2025-10-12 23:05:17 [INFO] APPLICATION: [MainApp] Starting School Management System...
2025-10-12 23:05:17 [INFO] APPLICATION: [MainApp] Database connection successful!
2025-10-12 23:05:17 [INFO] APPLICATION: DB_OPERATION: CONNECTION_TEST | TABLE: ALL | DETAILS: Database connectivity verified
2025-10-12 23:05:17 [INFO] APPLICATION: [MainApp] License validation successful. License expires on: 2025-11-08
2025-10-12 23:05:17 [INFO] APPLICATION: [MainApp] Database connection successful!
2025-10-12 23:05:17 [INFO] APPLICATION: DB_OPERATION: CONNECTION_TEST | TABLE: ALL | DETAILS: Database connectivity verified
2025-10-12 23:05:18 [INFO] APPLICATION: [LicenseScheduler] Starting OTP cleanup
2025-10-12 23:05:18 [INFO] APPLICATION: [LicenseScheduler] License scheduler started. Daily check will run in 3281 seconds
2025-10-12 23:05:18 [INFO] APPLICATION: [MainApp] License scheduler started successfully
2025-10-12 23:05:18 [INFO] APPLICATION: [MainApp] Backend API Server started on port 8081
2025-10-12 23:05:18 [INFO] APPLICATION: [MainApp] API Base URL: http://localhost:8081/api
2025-10-12 23:05:18 [INFO] APPLICATION: [MainApp] Server endpoints registered successfully
2025-10-12 23:05:18 [INFO] APPLICATION: [MainApp] Log rotation is active - logs will be automatically rotated when they exceed 10MB
2025-10-12 23:05:18 [INFO] APPLICATION: [OTPDAO] Deleted 0 expired OTPs
2025-10-12 23:05:18 [INFO] APPLICATION: [LicenseScheduler] OTP cleanup completed successfully
2025-10-12 23:09:59 [INFO] APPLICATION: [LoggerUtil] Logging system initialized successfully with log rotation
2025-10-12 23:09:59 [INFO] APPLICATION: [MainApp] Starting School Management System...
2025-10-12 23:10:00 [INFO] APPLICATION: [MainApp] Database connection successful!
2025-10-12 23:10:00 [INFO] APPLICATION: DB_OPERATION: CONNECTION_TEST | TABLE: ALL | DETAILS: Database connectivity verified
2025-10-12 23:10:00 [INFO] APPLICATION: [MainApp] License validation successful. License expires on: 2025-11-08
2025-10-12 23:10:00 [INFO] APPLICATION: [MainApp] Database connection successful!
2025-10-12 23:10:00 [INFO] APPLICATION: DB_OPERATION: CONNECTION_TEST | TABLE: ALL | DETAILS: Database connectivity verified
2025-10-12 23:10:01 [INFO] APPLICATION: [LicenseScheduler] Starting OTP cleanup
2025-10-12 23:10:01 [INFO] APPLICATION: [LicenseScheduler] License scheduler started. Daily check will run in 2998 seconds
2025-10-12 23:10:01 [INFO] APPLICATION: [MainApp] License scheduler started successfully
2025-10-12 23:10:01 [INFO] APPLICATION: [MainApp] Backend API Server started on port 8081
2025-10-12 23:10:01 [INFO] APPLICATION: [MainApp] API Base URL: http://localhost:8081/api
2025-10-12 23:10:01 [INFO] APPLICATION: [MainApp] Server endpoints registered successfully
2025-10-12 23:10:01 [INFO] APPLICATION: [MainApp] Log rotation is active - logs will be automatically rotated when they exceed 10MB
2025-10-12 23:10:01 [INFO] APPLICATION: [OTPDAO] Deleted 0 expired OTPs
2025-10-12 23:10:01 [INFO] APPLICATION: [LicenseScheduler] OTP cleanup completed successfully
2025-10-12 23:10:47 [INFO] APPLICATION: [StudentServlet] Fetching all students from IP: [0:0:0:0:0:0:0:1]
2025-10-12 23:10:48 [INFO] APPLICATION: [StudentServlet] Fetching all students from IP: [0:0:0:0:0:0:0:1]
2025-10-12 23:11:27 [INFO] APPLICATION: [StudentServlet] Fetching all students from IP: [0:0:0:0:0:0:0:1]
2025-10-12 23:12:38 [INFO] APPLICATION: [LoggerUtil] Logging system initialized successfully with log rotation
2025-10-12 23:12:38 [INFO] APPLICATION: [MainApp] Starting School Management System...
2025-10-12 23:12:38 [INFO] APPLICATION: [MainApp] Database connection successful!
2025-10-12 23:12:38 [INFO] APPLICATION: DB_OPERATION: CONNECTION_TEST | TABLE: ALL | DETAILS: Database connectivity verified
2025-10-12 23:12:39 [INFO] APPLICATION: [MainApp] License validation successful. License expires on: 2025-11-08
2025-10-12 23:12:39 [INFO] APPLICATION: [MainApp] Database connection successful!
2025-10-12 23:12:39 [INFO] APPLICATION: DB_OPERATION: CONNECTION_TEST | TABLE: ALL | DETAILS: Database connectivity verified
2025-10-12 23:12:39 [INFO] APPLICATION: [LicenseScheduler] Starting OTP cleanup
2025-10-12 23:12:39 [INFO] APPLICATION: [LicenseScheduler] License scheduler started. Daily check will run in 2840 seconds
2025-10-12 23:12:39 [INFO] APPLICATION: [MainApp] License scheduler started successfully
2025-10-12 23:12:39 [INFO] APPLICATION: [MainApp] Backend API Server started on port 8081
2025-10-12 23:12:39 [INFO] APPLICATION: [MainApp] API Base URL: http://localhost:8081/api
2025-10-12 23:12:39 [INFO] APPLICATION: [MainApp] Server endpoints registered successfully
2025-10-12 23:12:39 [INFO] APPLICATION: [MainApp] Log rotation is active - logs will be automatically rotated when they exceed 10MB
2025-10-12 23:12:39 [INFO] APPLICATION: [OTPDAO] Deleted 0 expired OTPs
2025-10-12 23:12:39 [INFO] APPLICATION: [LicenseScheduler] OTP cleanup completed successfully
2025-10-12 23:12:45 [INFO] APPLICATION: [StudentServlet] Fetching all students from IP: [0:0:0:0:0:0:0:1]
2025-10-12 23:13:03 [INFO] APPLICATION: [StudentServlet] Fetching all students from IP: [0:0:0:0:0:0:0:1]
2025-10-12 23:16:11 [INFO] APPLICATION: [StudentServlet] Fetching all students from IP: [0:0:0:0:0:0:0:1]
2025-10-12 23:16:12 [INFO] APPLICATION: [StudentServlet] Fetching all students from IP: [0:0:0:0:0:0:0:1]
2025-10-12 23:16:13 [INFO] APPLICATION: [MainApp] Server shutdown initiated
2025-10-12 23:16:13 [INFO] APPLICATION: [LicenseScheduler] License scheduler stopped successfully
2025-10-12 23:16:13 [INFO] APPLICATION: [MainApp] License scheduler stopped
2025-10-12 23:16:15 [INFO] APPLICATION: [LoggerUtil] Logging system initialized successfully with log rotation
2025-10-12 23:16:15 [INFO] APPLICATION: [MainApp] Starting School Management System...
2025-10-12 23:16:16 [INFO] APPLICATION: [MainApp] Database connection successful!
2025-10-12 23:16:16 [INFO] APPLICATION: DB_OPERATION: CONNECTION_TEST | TABLE: ALL | DETAILS: Database connectivity verified
2025-10-12 23:16:16 [INFO] APPLICATION: [MainApp] License validation successful. License expires on: 2025-11-08
2025-10-12 23:16:16 [INFO] APPLICATION: [MainApp] Database connection successful!
2025-10-12 23:16:16 [INFO] APPLICATION: DB_OPERATION: CONNECTION_TEST | TABLE: ALL | DETAILS: Database connectivity verified
2025-10-12 23:16:17 [INFO] APPLICATION: [LicenseScheduler] Starting OTP cleanup
2025-10-12 23:16:17 [INFO] APPLICATION: [LicenseScheduler] License scheduler started. Daily check will run in 2622 seconds
2025-10-12 23:16:17 [INFO] APPLICATION: [MainApp] License scheduler started successfully
2025-10-12 23:16:17 [INFO] APPLICATION: [MainApp] Backend API Server started on port 8081
2025-10-12 23:16:17 [INFO] APPLICATION: [MainApp] API Base URL: http://localhost:8081/api
2025-10-12 23:16:17 [INFO] APPLICATION: [MainApp] Server endpoints registered successfully
2025-10-12 23:16:17 [INFO] APPLICATION: [MainApp] Log rotation is active - logs will be automatically rotated when they exceed 10MB
2025-10-12 23:16:17 [INFO] APPLICATION: [OTPDAO] Deleted 0 expired OTPs
2025-10-12 23:16:17 [INFO] APPLICATION: [LicenseScheduler] OTP cleanup completed successfully
2025-10-12 23:17:22 [INFO] APPLICATION: [StudentServlet] Fetching all students from IP: [0:0:0:0:0:0:0:1]
2025-10-12 23:17:22 [INFO] APPLICATION: [StudentServlet] Fetching all students from IP: [0:0:0:0:0:0:0:1]
2025-10-12 23:19:57 [INFO] APPLICATION: [MainApp] Server shutdown initiated
2025-10-12 23:19:57 [INFO] APPLICATION: [LicenseScheduler] License scheduler stopped successfully
2025-10-12 23:19:57 [INFO] APPLICATION: [MainApp] License scheduler stopped
2025-10-12 23:19:58 [INFO] APPLICATION: [LoggerUtil] Logging system initialized successfully with log rotation
2025-10-12 23:19:58 [INFO] APPLICATION: [MainApp] Starting School Management System...
2025-10-12 23:20:00 [INFO] APPLICATION: [MainApp] Database connection successful!
2025-10-12 23:20:00 [INFO] APPLICATION: DB_OPERATION: CONNECTION_TEST | TABLE: ALL | DETAILS: Database connectivity verified
2025-10-12 23:20:00 [INFO] APPLICATION: [MainApp] License validation successful. License expires on: 2025-11-08
2025-10-12 23:20:00 [INFO] APPLICATION: [MainApp] Database connection successful!
2025-10-12 23:20:00 [INFO] APPLICATION: DB_OPERATION: CONNECTION_TEST | TABLE: ALL | DETAILS: Database connectivity verified
2025-10-12 23:20:00 [INFO] APPLICATION: [LicenseScheduler] Starting OTP cleanup
2025-10-12 23:20:00 [INFO] APPLICATION: [LicenseScheduler] License scheduler started. Daily check will run in 2399 seconds
2025-10-12 23:20:00 [INFO] APPLICATION: [MainApp] License scheduler started successfully
2025-10-12 23:20:00 [INFO] APPLICATION: [MainApp] Backend API Server started on port 8081
2025-10-12 23:20:00 [INFO] APPLICATION: [MainApp] API Base URL: http://localhost:8081/api
2025-10-12 23:20:00 [INFO] APPLICATION: [MainApp] Server endpoints registered successfully
2025-10-12 23:20:00 [INFO] APPLICATION: [MainApp] Log rotation is active - logs will be automatically rotated when they exceed 10MB
2025-10-12 23:20:00 [INFO] APPLICATION: [OTPDAO] Deleted 0 expired OTPs
2025-10-12 23:20:00 [INFO] APPLICATION: [LicenseScheduler] OTP cleanup completed successfully
2025-10-12 23:20:57 [INFO] APPLICATION: [StudentServlet] Fetching all students from IP: [0:0:0:0:0:0:0:1]
2025-10-12 23:21:07 [INFO] APPLICATION: [StudentServlet] Fetching all students from IP: [0:0:0:0:0:0:0:1]
2025-10-12 23:21:08 [INFO] APPLICATION: [StudentServlet] Fetching all students from IP: [0:0:0:0:0:0:0:1]
2025-10-12 23:23:50 [INFO] APPLICATION: [MainApp] Server shutdown initiated
2025-10-12 23:23:50 [INFO] APPLICATION: [LicenseScheduler] License scheduler stopped successfully
2025-10-12 23:23:50 [INFO] APPLICATION: [MainApp] License scheduler stopped
2025-10-12 23:23:50 [INFO] APPLICATION: [LoggerUtil] LoggerUtil shutdown completed
2025-10-12 23:23:52 [INFO] APPLICATION: [LoggerUtil] Logging system initialized successfully with log rotation
2025-10-12 23:23:52 [INFO] APPLICATION: [MainApp] Starting School Management System...
2025-10-12 23:23:54 [INFO] APPLICATION: [MainApp] Database connection successful!
2025-10-12 23:23:54 [INFO] APPLICATION: DB_OPERATION: CONNECTION_TEST | TABLE: ALL | DETAILS: Database connectivity verified
2025-10-12 23:23:54 [INFO] APPLICATION: [MainApp] License validation successful. License expires on: 2025-11-08
2025-10-12 23:23:54 [INFO] APPLICATION: [MainApp] Database connection successful!
2025-10-12 23:23:54 [INFO] APPLICATION: DB_OPERATION: CONNECTION_TEST | TABLE: ALL | DETAILS: Database connectivity verified
2025-10-12 23:23:55 [INFO] APPLICATION: [LicenseScheduler] Starting OTP cleanup
2025-10-12 23:23:55 [INFO] APPLICATION: [LicenseScheduler] License scheduler started. Daily check will run in 2164 seconds
2025-10-12 23:23:55 [INFO] APPLICATION: [MainApp] License scheduler started successfully
2025-10-12 23:23:55 [INFO] APPLICATION: [MainApp] Backend API Server started on port 8081
2025-10-12 23:23:55 [INFO] APPLICATION: [MainApp] API Base URL: http://localhost:8081/api
2025-10-12 23:23:55 [INFO] APPLICATION: [MainApp] Server endpoints registered successfully
2025-10-12 23:23:55 [INFO] APPLICATION: [MainApp] Log rotation is active - logs will be automatically rotated when they exceed 10MB
2025-10-12 23:23:55 [INFO] APPLICATION: [OTPDAO] Deleted 0 expired OTPs
2025-10-12 23:23:55 [INFO] APPLICATION: [LicenseScheduler] OTP cleanup completed successfully
2025-10-14 20:53:58 [INFO] APPLICATION: [LicenseScheduler] Starting OTP cleanup
2025-10-14 20:53:58 [INFO] APPLICATION: [LicenseScheduler] Starting daily license check
2025-10-14 20:53:58 [INFO] APPLICATION: [OTPDAO] Deleted 0 expired OTPs
2025-10-14 20:53:58 [INFO] APPLICATION: [LicenseScheduler] OTP cleanup completed successfully
2025-10-14 20:53:58 [INFO] APPLICATION: [LicenseScheduler] Starting OTP cleanup
2025-10-14 20:53:58 [INFO] APPLICATION: [OTPDAO] Deleted 0 expired OTPs
2025-10-14 20:53:58 [INFO] APPLICATION: [LicenseScheduler] OTP cleanup completed successfully
2025-10-14 20:53:58 [INFO] APPLICATION: [LicenseScheduler] Starting OTP cleanup
2025-10-14 20:53:58 [INFO] APPLICATION: [OTPDAO] Deleted 0 expired OTPs
2025-10-14 20:53:58 [INFO] APPLICATION: [LicenseScheduler] OTP cleanup completed successfully
2025-10-14 20:53:58 [INFO] APPLICATION: [LicenseScheduler] Starting OTP cleanup
2025-10-14 20:53:58 [INFO] APPLICATION: [OTPDAO] Deleted 0 expired OTPs
2025-10-14 20:53:58 [INFO] APPLICATION: [LicenseScheduler] OTP cleanup completed successfully
2025-10-14 20:53:58 [INFO] APPLICATION: [LicenseScheduler] Starting OTP cleanup
2025-10-14 20:53:58 [INFO] APPLICATION: [OTPDAO] Deleted 0 expired OTPs
2025-10-14 20:53:58 [INFO] APPLICATION: [LicenseScheduler] OTP cleanup completed successfully
2025-10-14 20:53:58 [INFO] APPLICATION: [LicenseScheduler] Starting OTP cleanup
2025-10-14 20:53:58 [INFO] APPLICATION: [OTPDAO] Deleted 0 expired OTPs
2025-10-14 20:53:58 [INFO] APPLICATION: [LicenseScheduler] OTP cleanup completed successfully
2025-10-14 20:53:58 [INFO] APPLICATION: [LicenseScheduler] Starting OTP cleanup
2025-10-14 20:53:58 [INFO] APPLICATION: [OTPDAO] Deleted 0 expired OTPs
2025-10-14 20:53:58 [INFO] APPLICATION: [LicenseScheduler] OTP cleanup completed successfully
2025-10-14 20:53:58 [INFO] APPLICATION: [LicenseScheduler] Starting OTP cleanup
2025-10-14 20:53:59 [INFO] APPLICATION: [OTPDAO] Deleted 0 expired OTPs
2025-10-14 20:53:59 [INFO] APPLICATION: [LicenseScheduler] OTP cleanup completed successfully
2025-10-14 20:53:59 [INFO] APPLICATION: [LicenseScheduler] Starting OTP cleanup
2025-10-14 20:53:59 [INFO] APPLICATION: [LicenseDAO] License updated successfully with ID: 14
2025-10-14 20:53:59 [INFO] APPLICATION: [LicenseService] Daily license check completed. Remaining days: 25, Status: ACTIVE
2025-10-14 20:53:59 [INFO] APPLICATION: [OTPDAO] Deleted 0 expired OTPs
2025-10-14 20:53:59 [INFO] APPLICATION: [LicenseScheduler] OTP cleanup completed successfully
2025-10-14 20:53:59 [INFO] APPLICATION: [LicenseScheduler] Starting OTP cleanup
2025-10-14 20:53:59 [INFO] APPLICATION: [LicenseScheduler] Daily license check completed successfully. Status: ACTIVE, Valid: true, Remaining Days: 25
2025-10-14 20:53:59 [INFO] APPLICATION: [LicenseScheduler] Starting daily license check
2025-10-14 20:53:59 [INFO] APPLICATION: [OTPDAO] Deleted 0 expired OTPs
2025-10-14 20:53:59 [INFO] APPLICATION: [LicenseScheduler] OTP cleanup completed successfully
2025-10-14 20:53:59 [INFO] APPLICATION: [LicenseScheduler] Starting OTP cleanup
2025-10-14 20:53:59 [INFO] APPLICATION: [OTPDAO] Deleted 0 expired OTPs
2025-10-14 20:53:59 [INFO] APPLICATION: [LicenseScheduler] OTP cleanup completed successfully
2025-10-14 20:53:59 [INFO] APPLICATION: [LicenseScheduler] Starting OTP cleanup
2025-10-14 20:53:59 [INFO] APPLICATION: [OTPDAO] Deleted 0 expired OTPs
2025-10-14 20:53:59 [INFO] APPLICATION: [LicenseScheduler] OTP cleanup completed successfully
2025-10-14 20:53:59 [INFO] APPLICATION: [LicenseScheduler] Starting OTP cleanup
2025-10-14 20:53:59 [INFO] APPLICATION: [LicenseDAO] License updated successfully with ID: 14
2025-10-14 20:53:59 [INFO] APPLICATION: [LicenseService] Daily license check completed. Remaining days: 25, Status: ACTIVE
2025-10-14 20:53:59 [INFO] APPLICATION: [OTPDAO] Deleted 0 expired OTPs
2025-10-14 20:53:59 [INFO] APPLICATION: [LicenseScheduler] OTP cleanup completed successfully
2025-10-14 20:53:59 [INFO] APPLICATION: [LicenseScheduler] Starting OTP cleanup
2025-10-14 20:53:59 [INFO] APPLICATION: [LicenseScheduler] Daily license check completed successfully. Status: ACTIVE, Valid: true, Remaining Days: 25
2025-10-14 20:53:59 [INFO] APPLICATION: [OTPDAO] Deleted 0 expired OTPs
2025-10-14 20:53:59 [INFO] APPLICATION: [LicenseScheduler] OTP cleanup completed successfully
2025-10-14 20:53:59 [INFO] APPLICATION: [LicenseScheduler] Starting OTP cleanup
2025-10-14 20:53:59 [INFO] APPLICATION: [OTPDAO] Deleted 0 expired OTPs
2025-10-14 20:53:59 [INFO] APPLICATION: [LicenseScheduler] OTP cleanup completed successfully
2025-10-14 20:53:59 [INFO] APPLICATION: [LicenseScheduler] Starting OTP cleanup
2025-10-14 20:53:59 [INFO] APPLICATION: [OTPDAO] Deleted 0 expired OTPs
2025-10-14 20:53:59 [INFO] APPLICATION: [LicenseScheduler] OTP cleanup completed successfully
2025-10-14 20:53:59 [INFO] APPLICATION: [LicenseScheduler] Starting OTP cleanup
2025-10-14 20:53:59 [INFO] APPLICATION: [OTPDAO] Deleted 0 expired OTPs
2025-10-14 20:53:59 [INFO] APPLICATION: [LicenseScheduler] OTP cleanup completed successfully
2025-10-14 20:53:59 [INFO] APPLICATION: [LicenseScheduler] Starting OTP cleanup
2025-10-14 20:53:59 [INFO] APPLICATION: [OTPDAO] Deleted 0 expired OTPs
2025-10-14 20:53:59 [INFO] APPLICATION: [LicenseScheduler] OTP cleanup completed successfully
2025-10-14 20:53:59 [INFO] APPLICATION: [LicenseScheduler] Starting OTP cleanup
2025-10-14 20:53:59 [INFO] APPLICATION: [OTPDAO] Deleted 0 expired OTPs
2025-10-14 20:53:59 [INFO] APPLICATION: [LicenseScheduler] OTP cleanup completed successfully
2025-10-14 20:53:59 [INFO] APPLICATION: [LicenseScheduler] Starting OTP cleanup
2025-10-14 20:53:59 [INFO] APPLICATION: [OTPDAO] Deleted 0 expired OTPs
2025-10-14 20:53:59 [INFO] APPLICATION: [LicenseScheduler] OTP cleanup completed successfully
2025-10-14 20:53:59 [INFO] APPLICATION: [LicenseScheduler] Starting OTP cleanup
2025-10-14 20:53:59 [INFO] APPLICATION: [OTPDAO] Deleted 0 expired OTPs
2025-10-14 20:53:59 [INFO] APPLICATION: [LicenseScheduler] OTP cleanup completed successfully
2025-10-14 20:53:59 [INFO] APPLICATION: [LicenseScheduler] Starting OTP cleanup
2025-10-14 20:53:59 [INFO] APPLICATION: [OTPDAO] Deleted 0 expired OTPs
2025-10-14 20:54:00 [INFO] APPLICATION: [LicenseScheduler] OTP cleanup completed successfully
2025-10-14 20:54:00 [INFO] APPLICATION: [LicenseScheduler] Starting OTP cleanup
2025-10-14 20:54:00 [INFO] APPLICATION: [OTPDAO] Deleted 0 expired OTPs
2025-10-14 20:54:00 [INFO] APPLICATION: [LicenseScheduler] OTP cleanup completed successfully
2025-10-14 20:54:00 [INFO] APPLICATION: [LicenseScheduler] Starting OTP cleanup
2025-10-14 20:54:00 [INFO] APPLICATION: [OTPDAO] Deleted 0 expired OTPs
2025-10-14 20:54:00 [INFO] APPLICATION: [LicenseScheduler] OTP cleanup completed successfully
2025-10-14 20:54:00 [INFO] APPLICATION: [LicenseScheduler] Starting OTP cleanup
2025-10-14 20:54:00 [INFO] APPLICATION: [OTPDAO] Deleted 0 expired OTPs
2025-10-14 20:54:00 [INFO] APPLICATION: [LicenseScheduler] OTP cleanup completed successfully
2025-10-14 20:54:00 [INFO] APPLICATION: [LicenseScheduler] Starting OTP cleanup
2025-10-14 20:54:00 [INFO] APPLICATION: [OTPDAO] Deleted 0 expired OTPs
2025-10-14 20:54:00 [INFO] APPLICATION: [LicenseScheduler] OTP cleanup completed successfully
2025-10-14 20:54:00 [INFO] APPLICATION: [LicenseScheduler] Starting OTP cleanup
2025-10-14 20:54:00 [INFO] APPLICATION: [OTPDAO] Deleted 0 expired OTPs
2025-10-14 20:54:00 [INFO] APPLICATION: [LicenseScheduler] OTP cleanup completed successfully
2025-10-14 20:54:00 [INFO] APPLICATION: [LicenseScheduler] Starting OTP cleanup
2025-10-14 20:54:00 [INFO] APPLICATION: [OTPDAO] Deleted 0 expired OTPs
2025-10-14 20:54:00 [INFO] APPLICATION: [LicenseScheduler] OTP cleanup completed successfully
2025-10-14 20:54:00 [INFO] APPLICATION: [LicenseScheduler] Starting OTP cleanup
2025-10-14 20:54:00 [INFO] APPLICATION: [OTPDAO] Deleted 0 expired OTPs
2025-10-14 20:54:00 [INFO] APPLICATION: [LicenseScheduler] OTP cleanup completed successfully
2025-10-14 20:54:00 [INFO] APPLICATION: [LicenseScheduler] Starting OTP cleanup
2025-10-14 20:54:00 [INFO] APPLICATION: [OTPDAO] Deleted 0 expired OTPs
2025-10-14 20:54:00 [INFO] APPLICATION: [LicenseScheduler] OTP cleanup completed successfully
2025-10-14 20:54:00 [INFO] APPLICATION: [LicenseScheduler] Starting OTP cleanup
2025-10-14 20:54:00 [INFO] APPLICATION: [OTPDAO] Deleted 0 expired OTPs
2025-10-14 20:54:00 [INFO] APPLICATION: [LicenseScheduler] OTP cleanup completed successfully
2025-10-14 20:54:00 [INFO] APPLICATION: [LicenseScheduler] Starting OTP cleanup
2025-10-14 20:54:00 [INFO] APPLICATION: [OTPDAO] Deleted 0 expired OTPs
2025-10-14 20:54:00 [INFO] APPLICATION: [LicenseScheduler] OTP cleanup completed successfully
2025-10-14 20:54:00 [INFO] APPLICATION: [LicenseScheduler] Starting OTP cleanup
2025-10-14 20:54:00 [INFO] APPLICATION: [OTPDAO] Deleted 0 expired OTPs
2025-10-14 20:54:00 [INFO] APPLICATION: [LicenseScheduler] OTP cleanup completed successfully
2025-10-14 20:54:00 [INFO] APPLICATION: [LicenseScheduler] Starting OTP cleanup
2025-10-14 20:54:00 [INFO] APPLICATION: [OTPDAO] Deleted 0 expired OTPs
2025-10-14 20:54:00 [INFO] APPLICATION: [LicenseScheduler] OTP cleanup completed successfully
2025-10-14 20:54:00 [INFO] APPLICATION: [LicenseScheduler] Starting OTP cleanup
2025-10-14 20:54:00 [INFO] APPLICATION: [OTPDAO] Deleted 0 expired OTPs
2025-10-14 20:54:00 [INFO] APPLICATION: [LicenseScheduler] OTP cleanup completed successfully
2025-10-14 20:54:00 [INFO] APPLICATION: [LicenseScheduler] Starting OTP cleanup
2025-10-14 20:54:00 [INFO] APPLICATION: [OTPDAO] Deleted 0 expired OTPs
2025-10-14 20:54:00 [INFO] APPLICATION: [LicenseScheduler] OTP cleanup completed successfully
2025-10-14 20:54:00 [INFO] APPLICATION: [LicenseScheduler] Starting OTP cleanup
2025-10-14 20:54:00 [INFO] APPLICATION: [OTPDAO] Deleted 0 expired OTPs
2025-10-14 20:54:00 [INFO] APPLICATION: [LicenseScheduler] OTP cleanup completed successfully
2025-10-14 20:54:00 [INFO] APPLICATION: [LicenseScheduler] Starting OTP cleanup
2025-10-14 20:54:01 [INFO] APPLICATION: [OTPDAO] Deleted 0 expired OTPs
2025-10-14 20:54:01 [INFO] APPLICATION: [LicenseScheduler] OTP cleanup completed successfully
2025-10-14 20:54:01 [INFO] APPLICATION: [LicenseScheduler] Starting OTP cleanup
2025-10-14 20:54:01 [INFO] APPLICATION: [OTPDAO] Deleted 0 expired OTPs
2025-10-14 20:54:01 [INFO] APPLICATION: [LicenseScheduler] OTP cleanup completed successfully
2025-10-14 20:54:01 [INFO] APPLICATION: [LicenseScheduler] Starting OTP cleanup
2025-10-14 20:54:01 [INFO] APPLICATION: [OTPDAO] Deleted 0 expired OTPs
2025-10-14 20:54:01 [INFO] APPLICATION: [LicenseScheduler] OTP cleanup completed successfully
2025-10-14 20:54:01 [INFO] APPLICATION: [LicenseScheduler] Starting OTP cleanup
2025-10-14 20:54:01 [INFO] APPLICATION: [OTPDAO] Deleted 0 expired OTPs
2025-10-14 20:54:01 [INFO] APPLICATION: [LicenseScheduler] OTP cleanup completed successfully
2025-10-14 20:54:01 [INFO] APPLICATION: [LicenseScheduler] Starting OTP cleanup
2025-10-14 20:54:01 [INFO] APPLICATION: [OTPDAO] Deleted 0 expired OTPs
2025-10-14 20:54:01 [INFO] APPLICATION: [LicenseScheduler] OTP cleanup completed successfully
2025-10-14 20:54:01 [INFO] APPLICATION: [LicenseScheduler] Starting OTP cleanup
2025-10-14 20:54:01 [INFO] APPLICATION: [OTPDAO] Deleted 0 expired OTPs
2025-10-14 20:54:01 [INFO] APPLICATION: [LicenseScheduler] OTP cleanup completed successfully
2025-10-14 20:54:01 [INFO] APPLICATION: [LicenseScheduler] Starting OTP cleanup
2025-10-14 20:54:01 [INFO] APPLICATION: [OTPDAO] Deleted 0 expired OTPs
2025-10-14 20:54:01 [INFO] APPLICATION: [LicenseScheduler] OTP cleanup completed successfully
2025-10-14 20:54:01 [INFO] APPLICATION: [LicenseScheduler] Starting OTP cleanup
2025-10-14 20:54:01 [INFO] APPLICATION: [OTPDAO] Deleted 0 expired OTPs
2025-10-14 20:54:01 [INFO] APPLICATION: [LicenseScheduler] OTP cleanup completed successfully
2025-10-14 21:23:29 [INFO] APPLICATION: [LicenseScheduler] Starting OTP cleanup
2025-10-14 21:23:30 [INFO] APPLICATION: [OTPDAO] Deleted 0 expired OTPs
2025-10-14 21:23:30 [INFO] APPLICATION: [LicenseScheduler] OTP cleanup completed successfully
2025-10-14 22:23:29 [INFO] APPLICATION: [LicenseScheduler] Starting OTP cleanup
2025-10-14 22:23:30 [INFO] APPLICATION: [OTPDAO] Deleted 0 expired OTPs
2025-10-14 22:23:30 [INFO] APPLICATION: [LicenseScheduler] OTP cleanup completed successfully
2025-10-14 22:27:59 [INFO] APPLICATION: [StudentServlet] Fetching all students from IP: [0:0:0:0:0:0:0:1]
2025-10-14 22:27:59 [INFO] APPLICATION: [StudentServlet] Fetching all students from IP: [0:0:0:0:0:0:0:1]
2025-10-14 22:31:09 [INFO] APPLICATION: [LoggerUtil] Logging system initialized successfully with log rotation
2025-10-14 22:31:09 [INFO] APPLICATION: [MainApp] Starting School Management System...
2025-10-14 22:31:10 [INFO] APPLICATION: [MainApp] Database connection successful!
2025-10-14 22:31:10 [INFO] APPLICATION: DB_OPERATION: CONNECTION_TEST | TABLE: ALL | DETAILS: Database connectivity verified
2025-10-14 22:31:10 [INFO] APPLICATION: [MainApp] License validation successful. License expires on: 2025-11-08
2025-10-14 22:31:10 [INFO] APPLICATION: [MainApp] Database connection successful!
2025-10-14 22:31:10 [INFO] APPLICATION: DB_OPERATION: CONNECTION_TEST | TABLE: ALL | DETAILS: Database connectivity verified
2025-10-14 22:31:11 [INFO] APPLICATION: [LicenseScheduler] Starting OTP cleanup
2025-10-14 22:31:11 [INFO] APPLICATION: [LicenseScheduler] License scheduler started. Daily check will run in 5328 seconds
2025-10-14 22:31:11 [INFO] APPLICATION: [MainApp] License scheduler started successfully
2025-10-14 22:31:11 [INFO] APPLICATION: [MainApp] Backend API Server started on port 8081
2025-10-14 22:31:11 [INFO] APPLICATION: [MainApp] API Base URL: http://localhost:8081/api
2025-10-14 22:31:11 [INFO] APPLICATION: [MainApp] Server endpoints registered successfully
2025-10-14 22:31:11 [INFO] APPLICATION: [MainApp] Log rotation is active - logs will be automatically rotated when they exceed 10MB
2025-10-14 22:31:11 [INFO] APPLICATION: [OTPDAO] Deleted 0 expired OTPs
2025-10-14 22:31:11 [INFO] APPLICATION: [LicenseScheduler] OTP cleanup completed successfully
2025-10-14 22:34:56 [INFO] APPLICATION: [LoggerUtil] Logging system initialized successfully with log rotation
2025-10-14 22:34:56 [INFO] APPLICATION: [MainApp] Starting School Management System...
2025-10-14 22:34:57 [INFO] APPLICATION: [MainApp] Database connection successful!
2025-10-14 22:34:57 [INFO] APPLICATION: DB_OPERATION: CONNECTION_TEST | TABLE: ALL | DETAILS: Database connectivity verified
2025-10-14 22:34:57 [INFO] APPLICATION: [MainApp] License validation successful. License expires on: 2025-11-08
2025-10-14 22:34:57 [INFO] APPLICATION: [MainApp] Database connection successful!
2025-10-14 22:34:57 [INFO] APPLICATION: DB_OPERATION: CONNECTION_TEST | TABLE: ALL | DETAILS: Database connectivity verified
2025-10-14 22:34:58 [INFO] APPLICATION: [LicenseScheduler] Starting OTP cleanup
2025-10-14 22:34:58 [INFO] APPLICATION: [LicenseScheduler] License scheduler started. Daily check will run in 5101 seconds
2025-10-14 22:34:58 [INFO] APPLICATION: [MainApp] License scheduler started successfully
2025-10-14 22:34:58 [INFO] APPLICATION: [MainApp] Backend API Server started on port 8081
2025-10-14 22:34:58 [INFO] APPLICATION: [MainApp] API Base URL: http://localhost:8081/api
2025-10-14 22:34:58 [INFO] APPLICATION: [MainApp] Server endpoints registered successfully
2025-10-14 22:34:58 [INFO] APPLICATION: [MainApp] Log rotation is active - logs will be automatically rotated when they exceed 10MB
2025-10-14 22:34:58 [INFO] APPLICATION: [OTPDAO] Deleted 0 expired OTPs
2025-10-14 22:34:58 [INFO] APPLICATION: [LicenseScheduler] OTP cleanup completed successfully
2025-10-14 22:39:38 [INFO] APPLICATION: [StudentServlet] Fetching all students from IP: [0:0:0:0:0:0:0:1]
2025-10-14 22:40:12 [INFO] APPLICATION: [StudentServlet] Fetching all students from IP: [0:0:0:0:0:0:0:1]
2025-10-14 22:40:13 [INFO] APPLICATION: [StudentServlet] Fetching all students from IP: [0:0:0:0:0:0:0:1]
2025-10-14 22:41:02 [INFO] APPLICATION: [StudentServlet] Fetching all students from IP: [0:0:0:0:0:0:0:1]
2025-10-14 22:41:39 [INFO] APPLICATION: [StudentServlet] Fetching all students from IP: [0:0:0:0:0:0:0:1]
2025-10-14 22:52:00 [INFO] APPLICATION: [LoggerUtil] Logging system initialized successfully with log rotation
2025-10-14 22:52:00 [INFO] APPLICATION: [MainApp] Starting School Management System...
2025-10-14 22:52:01 [INFO] APPLICATION: [MainApp] Database connection successful!
2025-10-14 22:52:01 [INFO] APPLICATION: DB_OPERATION: CONNECTION_TEST | TABLE: ALL | DETAILS: Database connectivity verified
2025-10-14 22:52:01 [INFO] APPLICATION: [MainApp] License validation successful. License expires on: 2025-11-08
2025-10-14 22:52:01 [INFO] APPLICATION: [MainApp] Database connection successful!
2025-10-14 22:52:01 [INFO] APPLICATION: DB_OPERATION: CONNECTION_TEST | TABLE: ALL | DETAILS: Database connectivity verified
2025-10-14 22:52:01 [INFO] APPLICATION: [LicenseScheduler] Starting OTP cleanup
2025-10-14 22:52:01 [INFO] APPLICATION: [LicenseScheduler] License scheduler started. Daily check will run in 4078 seconds
2025-10-14 22:52:01 [INFO] APPLICATION: [MainApp] License scheduler started successfully
2025-10-14 22:52:01 [INFO] APPLICATION: [MainApp] Backend API Server started on port 8081
2025-10-14 22:52:01 [INFO] APPLICATION: [MainApp] API Base URL: http://localhost:8081/api
2025-10-14 22:52:01 [INFO] APPLICATION: [MainApp] Server endpoints registered successfully
2025-10-14 22:52:01 [INFO] APPLICATION: [MainApp] Log rotation is active - logs will be automatically rotated when they exceed 10MB
2025-10-14 22:52:01 [INFO] APPLICATION: [OTPDAO] Deleted 0 expired OTPs
2025-10-14 22:52:01 [INFO] APPLICATION: [LicenseScheduler] OTP cleanup completed successfully
2025-10-14 22:52:11 [INFO] APPLICATION: [MainApp] Server shutdown initiated
2025-10-14 22:52:11 [INFO] APPLICATION: [LicenseScheduler] License scheduler stopped successfully
2025-10-14 22:52:11 [INFO] APPLICATION: [MainApp] License scheduler stopped
2025-10-14 22:52:50 [INFO] APPLICATION: [LoggerUtil] Logging system initialized successfully with log rotation
2025-10-14 22:52:50 [INFO] APPLICATION: [MainApp] Starting School Management System...
2025-10-14 22:52:51 [INFO] APPLICATION: [MainApp] Database connection successful!
2025-10-14 22:52:51 [INFO] APPLICATION: DB_OPERATION: CONNECTION_TEST | TABLE: ALL | DETAILS: Database connectivity verified
2025-10-14 22:52:51 [INFO] APPLICATION: [MainApp] License validation successful. License expires on: 2025-11-08
2025-10-14 22:52:51 [INFO] APPLICATION: [MainApp] Database connection successful!
2025-10-14 22:52:51 [INFO] APPLICATION: DB_OPERATION: CONNECTION_TEST | TABLE: ALL | DETAILS: Database connectivity verified
2025-10-14 22:52:51 [INFO] APPLICATION: [LicenseScheduler] Starting OTP cleanup
2025-10-14 22:52:51 [INFO] APPLICATION: [LicenseScheduler] License scheduler started. Daily check will run in 4028 seconds
2025-10-14 22:52:51 [INFO] APPLICATION: [MainApp] License scheduler started successfully
2025-10-14 22:52:51 [INFO] APPLICATION: [MainApp] Backend API Server started on port 8081
2025-10-14 22:52:51 [INFO] APPLICATION: [MainApp] API Base URL: http://localhost:8081/api
2025-10-14 22:52:51 [INFO] APPLICATION: [MainApp] Server endpoints registered successfully
2025-10-14 22:52:51 [INFO] APPLICATION: [MainApp] Log rotation is active - logs will be automatically rotated when they exceed 10MB
2025-10-14 22:52:52 [INFO] APPLICATION: [OTPDAO] Deleted 0 expired OTPs
2025-10-14 22:52:52 [INFO] APPLICATION: [LicenseScheduler] OTP cleanup completed successfully
2025-10-14 22:53:30 [INFO] APPLICATION: [StudentServlet] Fetching all students from IP: [0:0:0:0:0:0:0:1]
2025-10-14 22:53:32 [INFO] APPLICATION: [StudentServlet] Fetching all students from IP: [0:0:0:0:0:0:0:1]
2025-10-14 22:53:44 [INFO] APPLICATION: [StudentServlet] Fetching all students from IP: [0:0:0:0:0:0:0:1]
2025-10-14 23:24:33 [INFO] APPLICATION: [StudentServlet] Fetching all students from IP: [0:0:0:0:0:0:0:1]
2025-10-14 23:24:34 [INFO] APPLICATION: [StudentServlet] Fetching all students from IP: [0:0:0:0:0:0:0:1]
2025-10-14 23:26:37 [INFO] APPLICATION: [StudentServlet] Fetching all students from IP: [0:0:0:0:0:0:0:1]
2025-10-14 23:27:08 [INFO] APPLICATION: [StudentServlet] Fetching all students from IP: [0:0:0:0:0:0:0:1]
2025-10-14 23:27:09 [INFO] APPLICATION: [StudentServlet] Fetching all students from IP: [0:0:0:0:0:0:0:1]
2025-10-14 23:28:05 [INFO] APPLICATION: [StudentServlet] Fetching all students from IP: [0:0:0:0:0:0:0:1]
2025-10-14 23:28:27 [INFO] APPLICATION: [StudentServlet] Fetching all students from IP: [0:0:0:0:0:0:0:1]
2025-10-14 23:48:13 [INFO] APPLICATION: [LoggerUtil] Logging system initialized successfully with log rotation
2025-10-14 23:48:13 [INFO] APPLICATION: [MainApp] Starting School Management System...
2025-10-14 23:48:14 [INFO] APPLICATION: [MainApp] Database connection successful!
2025-10-14 23:48:14 [INFO] APPLICATION: DB_OPERATION: CONNECTION_TEST | TABLE: ALL | DETAILS: Database connectivity verified
2025-10-14 23:48:14 [INFO] APPLICATION: [MainApp] License validation successful. License expires on: 2025-11-08
2025-10-14 23:48:14 [INFO] APPLICATION: [MainApp] Database connection successful!
2025-10-14 23:48:14 [INFO] APPLICATION: DB_OPERATION: CONNECTION_TEST | TABLE: ALL | DETAILS: Database connectivity verified
2025-10-14 23:48:15 [INFO] APPLICATION: [LicenseScheduler] Starting OTP cleanup
2025-10-14 23:48:15 [INFO] APPLICATION: [LicenseScheduler] License scheduler started. Daily check will run in 704 seconds
2025-10-14 23:48:15 [INFO] APPLICATION: [MainApp] License scheduler started successfully
2025-10-14 23:48:15 [INFO] APPLICATION: [MainApp] Backend API Server started on port 8081
2025-10-14 23:48:15 [INFO] APPLICATION: [MainApp] API Base URL: http://localhost:8081/api
2025-10-14 23:48:15 [INFO] APPLICATION: [MainApp] Server endpoints registered successfully
2025-10-14 23:48:15 [INFO] APPLICATION: [MainApp] Log rotation is active - logs will be automatically rotated when they exceed 10MB
2025-10-14 23:48:15 [INFO] APPLICATION: [OTPDAO] Deleted 0 expired OTPs
2025-10-14 23:48:15 [INFO] APPLICATION: [LicenseScheduler] OTP cleanup completed successfully
2025-10-14 23:53:41 [INFO] APPLICATION: [LoggerUtil] Logging system initialized successfully with log rotation
2025-10-14 23:53:41 [INFO] APPLICATION: [MainApp] Starting School Management System...
2025-10-14 23:53:41 [INFO] APPLICATION: [MainApp] Database connection successful!
2025-10-14 23:53:41 [INFO] APPLICATION: DB_OPERATION: CONNECTION_TEST | TABLE: ALL | DETAILS: Database connectivity verified
2025-10-14 23:53:41 [INFO] APPLICATION: [MainApp] License validation successful. License expires on: 2025-11-08
2025-10-14 23:53:41 [INFO] APPLICATION: [MainApp] Database connection successful!
2025-10-14 23:53:41 [INFO] APPLICATION: DB_OPERATION: CONNECTION_TEST | TABLE: ALL | DETAILS: Database connectivity verified
2025-10-14 23:53:42 [INFO] APPLICATION: [LicenseScheduler] Starting OTP cleanup
2025-10-14 23:53:42 [INFO] APPLICATION: [LicenseScheduler] License scheduler started. Daily check will run in 377 seconds
2025-10-14 23:53:42 [INFO] APPLICATION: [MainApp] License scheduler started successfully
2025-10-14 23:53:42 [INFO] APPLICATION: [MainApp] Backend API Server started on port 8081
2025-10-14 23:53:42 [INFO] APPLICATION: [MainApp] API Base URL: http://localhost:8081/api
2025-10-14 23:53:42 [INFO] APPLICATION: [MainApp] Server endpoints registered successfully
2025-10-14 23:53:42 [INFO] APPLICATION: [MainApp] Log rotation is active - logs will be automatically rotated when they exceed 10MB
2025-10-14 23:53:42 [INFO] APPLICATION: [OTPDAO] Deleted 0 expired OTPs
2025-10-14 23:53:42 [INFO] APPLICATION: [LicenseScheduler] OTP cleanup completed successfully
2025-10-14 23:55:34 [INFO] APPLICATION: [StudentServlet] Fetching all students from IP: [0:0:0:0:0:0:0:1]
2025-10-14 23:58:16 [INFO] APPLICATION: [StudentServlet] Fetching all students from IP: [0:0:0:0:0:0:0:1]
2025-10-14 23:58:17 [INFO] APPLICATION: [StudentServlet] Fetching all students from IP: [0:0:0:0:0:0:0:1]
2025-10-14 23:59:46 [INFO] APPLICATION: [LoggerUtil] Logging system initialized successfully with log rotation
2025-10-14 23:59:46 [INFO] APPLICATION: [MainApp] Starting School Management System...
2025-10-14 23:59:47 [INFO] APPLICATION: [MainApp] Database connection successful!
2025-10-14 23:59:47 [INFO] APPLICATION: DB_OPERATION: CONNECTION_TEST | TABLE: ALL | DETAILS: Database connectivity verified
2025-10-14 23:59:47 [INFO] APPLICATION: [MainApp] License validation successful. License expires on: 2025-11-08
2025-10-14 23:59:47 [INFO] APPLICATION: [MainApp] Database connection successful!
2025-10-14 23:59:47 [INFO] APPLICATION: DB_OPERATION: CONNECTION_TEST | TABLE: ALL | DETAILS: Database connectivity verified
2025-10-14 23:59:48 [INFO] APPLICATION: [LicenseScheduler] Starting OTP cleanup
2025-10-14 23:59:48 [INFO] APPLICATION: [LicenseScheduler] License scheduler started. Daily check will run in 11 seconds
2025-10-14 23:59:48 [INFO] APPLICATION: [MainApp] License scheduler started successfully
2025-10-14 23:59:48 [INFO] APPLICATION: [MainApp] Backend API Server started on port 8081
2025-10-14 23:59:48 [INFO] APPLICATION: [MainApp] API Base URL: http://localhost:8081/api
2025-10-14 23:59:48 [INFO] APPLICATION: [MainApp] Server endpoints registered successfully
2025-10-14 23:59:48 [INFO] APPLICATION: [MainApp] Log rotation is active - logs will be automatically rotated when they exceed 10MB
2025-10-14 23:59:48 [INFO] APPLICATION: [OTPDAO] Deleted 0 expired OTPs
2025-10-14 23:59:48 [INFO] APPLICATION: [LicenseScheduler] OTP cleanup completed successfully
2025-10-14 23:59:59 [INFO] APPLICATION: [LicenseScheduler] Starting daily license check
2025-10-14 23:59:59 [INFO] APPLICATION: [LicenseDAO] License updated successfully with ID: 14
2025-10-14 23:59:59 [INFO] APPLICATION: [LicenseService] Daily license check completed. Remaining days: 25, Status: ACTIVE
2025-10-14 23:59:59 [INFO] APPLICATION: [LicenseScheduler] Daily license check completed successfully. Status: ACTIVE, Valid: true, Remaining Days: 25
2025-10-15 00:00:29 [INFO] APPLICATION: [StudentServlet] Fetching all students from IP: [0:0:0:0:0:0:0:1]
2025-10-15 00:00:30 [INFO] APPLICATION: [StudentServlet] Fetching all students from IP: [0:0:0:0:0:0:0:1]
2025-10-15 00:00:45 [INFO] APPLICATION: [StudentServlet] Fetching all students from IP: [0:0:0:0:0:0:0:1]
2025-10-15 00:01:56 [INFO] APPLICATION: [StudentServlet] Fetching all students from IP: [0:0:0:0:0:0:0:1]
2025-10-15 00:02:25 [INFO] APPLICATION: [StudentServlet] Fetching all students from IP: [0:0:0:0:0:0:0:1]
2025-10-15 00:05:53 [INFO] APPLICATION: [LoggerUtil] Logging system initialized successfully with log rotation
2025-10-15 00:05:53 [INFO] APPLICATION: [MainApp] Starting School Management System...
2025-10-15 00:05:54 [INFO] APPLICATION: [MainApp] Database connection successful!
2025-10-15 00:05:54 [INFO] APPLICATION: DB_OPERATION: CONNECTION_TEST | TABLE: ALL | DETAILS: Database connectivity verified
2025-10-15 00:05:54 [INFO] APPLICATION: [MainApp] License validation successful. License expires on: 2025-11-08
2025-10-15 00:05:54 [INFO] APPLICATION: [MainApp] Database connection successful!
2025-10-15 00:05:54 [INFO] APPLICATION: DB_OPERATION: CONNECTION_TEST | TABLE: ALL | DETAILS: Database connectivity verified
2025-10-15 00:05:55 [INFO] APPLICATION: [LicenseScheduler] Starting OTP cleanup
2025-10-15 00:05:55 [INFO] APPLICATION: [LicenseScheduler] License scheduler started. Daily check will run in 86044 seconds
2025-10-15 00:05:55 [INFO] APPLICATION: [MainApp] License scheduler started successfully
2025-10-15 00:05:55 [INFO] APPLICATION: [MainApp] Backend API Server started on port 8081
2025-10-15 00:05:55 [INFO] APPLICATION: [MainApp] API Base URL: http://localhost:8081/api
2025-10-15 00:05:55 [INFO] APPLICATION: [MainApp] Server endpoints registered successfully
2025-10-15 00:05:55 [INFO] APPLICATION: [MainApp] Log rotation is active - logs will be automatically rotated when they exceed 10MB
2025-10-15 00:05:55 [INFO] APPLICATION: [OTPDAO] Deleted 0 expired OTPs
2025-10-15 00:05:55 [INFO] APPLICATION: [LicenseScheduler] OTP cleanup completed successfully
2025-10-15 00:10:52 [INFO] APPLICATION: [LoggerUtil] Logging system initialized successfully with log rotation
2025-10-15 00:10:52 [INFO] APPLICATION: [MainApp] Starting School Management System...
2025-10-15 00:10:53 [INFO] APPLICATION: [MainApp] Database connection successful!
2025-10-15 00:10:53 [INFO] APPLICATION: DB_OPERATION: CONNECTION_TEST | TABLE: ALL | DETAILS: Database connectivity verified
2025-10-15 00:10:53 [INFO] APPLICATION: [MainApp] License validation successful. License expires on: 2025-11-08
2025-10-15 00:10:53 [INFO] APPLICATION: [MainApp] Database connection successful!
2025-10-15 00:10:53 [INFO] APPLICATION: DB_OPERATION: CONNECTION_TEST | TABLE: ALL | DETAILS: Database connectivity verified
2025-10-15 00:10:54 [INFO] APPLICATION: [LicenseScheduler] Starting OTP cleanup
2025-10-15 00:10:54 [INFO] APPLICATION: [LicenseScheduler] License scheduler started. Daily check will run in 85745 seconds
2025-10-15 00:10:54 [INFO] APPLICATION: [MainApp] License scheduler started successfully
2025-10-15 00:10:54 [INFO] APPLICATION: [MainApp] Backend API Server started on port 8081
2025-10-15 00:10:54 [INFO] APPLICATION: [MainApp] API Base URL: http://localhost:8081/api
2025-10-15 00:10:54 [INFO] APPLICATION: [MainApp] Server endpoints registered successfully
2025-10-15 00:10:54 [INFO] APPLICATION: [MainApp] Log rotation is active - logs will be automatically rotated when they exceed 10MB
2025-10-15 00:10:54 [INFO] APPLICATION: [OTPDAO] Deleted 0 expired OTPs
2025-10-15 00:10:54 [INFO] APPLICATION: [LicenseScheduler] OTP cleanup completed successfully
2025-10-15 00:15:10 [INFO] APPLICATION: [LoggerUtil] Logging system initialized successfully with log rotation
2025-10-15 00:15:10 [INFO] APPLICATION: [MainApp] Starting School Management System...
2025-10-15 00:15:11 [INFO] APPLICATION: [MainApp] Database connection successful!
2025-10-15 00:15:11 [INFO] APPLICATION: DB_OPERATION: CONNECTION_TEST | TABLE: ALL | DETAILS: Database connectivity verified
2025-10-15 00:15:11 [INFO] APPLICATION: [MainApp] License validation successful. License expires on: 2025-11-08
2025-10-15 00:15:11 [INFO] APPLICATION: [MainApp] Database connection successful!
2025-10-15 00:15:11 [INFO] APPLICATION: DB_OPERATION: CONNECTION_TEST | TABLE: ALL | DETAILS: Database connectivity verified
2025-10-15 00:15:12 [INFO] APPLICATION: [LicenseScheduler] Starting OTP cleanup
2025-10-15 00:15:12 [INFO] APPLICATION: [LicenseScheduler] License scheduler started. Daily check will run in 85487 seconds
2025-10-15 00:15:12 [INFO] APPLICATION: [MainApp] License scheduler started successfully
2025-10-15 00:15:12 [INFO] APPLICATION: [MainApp] Backend API Server started on port 8081
2025-10-15 00:15:12 [INFO] APPLICATION: [MainApp] API Base URL: http://localhost:8081/api
2025-10-15 00:15:12 [INFO] APPLICATION: [MainApp] Server endpoints registered successfully
2025-10-15 00:15:12 [INFO] APPLICATION: [MainApp] Log rotation is active - logs will be automatically rotated when they exceed 10MB
2025-10-15 00:15:12 [INFO] APPLICATION: [OTPDAO] Deleted 0 expired OTPs
2025-10-15 00:15:12 [INFO] APPLICATION: [LicenseScheduler] OTP cleanup completed successfully
2025-10-15 00:16:22 [INFO] APPLICATION: [LoggerUtil] Logging system initialized successfully with log rotation
2025-10-15 00:16:22 [INFO] APPLICATION: [MainApp] Starting School Management System...
2025-10-15 00:16:22 [INFO] APPLICATION: [MainApp] Database connection successful!
2025-10-15 00:16:22 [INFO] APPLICATION: DB_OPERATION: CONNECTION_TEST | TABLE: ALL | DETAILS: Database connectivity verified
2025-10-15 00:16:22 [INFO] APPLICATION: [MainApp] License validation successful. License expires on: 2025-11-08
2025-10-15 00:16:23 [INFO] APPLICATION: [MainApp] Database connection successful!
2025-10-15 00:16:23 [INFO] APPLICATION: DB_OPERATION: CONNECTION_TEST | TABLE: ALL | DETAILS: Database connectivity verified
2025-10-15 00:16:23 [INFO] APPLICATION: [LicenseScheduler] Starting OTP cleanup
2025-10-15 00:16:23 [INFO] APPLICATION: [LicenseScheduler] License scheduler started. Daily check will run in 85416 seconds
2025-10-15 00:16:23 [INFO] APPLICATION: [MainApp] License scheduler started successfully
2025-10-15 00:16:23 [INFO] APPLICATION: [MainApp] Backend API Server started on port 8081
2025-10-15 00:16:23 [INFO] APPLICATION: [MainApp] API Base URL: http://localhost:8081/api
2025-10-15 00:16:23 [INFO] APPLICATION: [MainApp] Server endpoints registered successfully
2025-10-15 00:16:23 [INFO] APPLICATION: [MainApp] Log rotation is active - logs will be automatically rotated when they exceed 10MB
2025-10-15 00:16:23 [INFO] APPLICATION: [OTPDAO] Deleted 0 expired OTPs
2025-10-15 00:16:23 [INFO] APPLICATION: [LicenseScheduler] OTP cleanup completed successfully
2025-10-15 00:17:46 [INFO] APPLICATION: [LoggerUtil] Logging system initialized successfully with log rotation
2025-10-15 00:17:46 [INFO] APPLICATION: [MainApp] Starting School Management System...
2025-10-15 00:17:47 [INFO] APPLICATION: [MainApp] Database connection successful!
2025-10-15 00:17:47 [INFO] APPLICATION: DB_OPERATION: CONNECTION_TEST | TABLE: ALL | DETAILS: Database connectivity verified
2025-10-15 00:17:47 [INFO] APPLICATION: [MainApp] License validation successful. License expires on: 2025-11-08
2025-10-15 00:17:47 [INFO] APPLICATION: [MainApp] Database connection successful!
2025-10-15 00:17:47 [INFO] APPLICATION: DB_OPERATION: CONNECTION_TEST | TABLE: ALL | DETAILS: Database connectivity verified
2025-10-15 00:17:47 [INFO] APPLICATION: [LicenseScheduler] Starting OTP cleanup
2025-10-15 00:17:47 [INFO] APPLICATION: [LicenseScheduler] License scheduler started. Daily check will run in 85332 seconds
2025-10-15 00:17:47 [INFO] APPLICATION: [MainApp] License scheduler started successfully
2025-10-15 00:17:47 [INFO] APPLICATION: [MainApp] Backend API Server started on port 8081
2025-10-15 00:17:47 [INFO] APPLICATION: [MainApp] API Base URL: http://localhost:8081/api
2025-10-15 00:17:47 [INFO] APPLICATION: [MainApp] Server endpoints registered successfully
2025-10-15 00:17:47 [INFO] APPLICATION: [MainApp] Log rotation is active - logs will be automatically rotated when they exceed 10MB
2025-10-15 00:17:48 [INFO] APPLICATION: [OTPDAO] Deleted 0 expired OTPs
2025-10-15 00:17:48 [INFO] APPLICATION: [LicenseScheduler] OTP cleanup completed successfully
2025-10-15 00:21:37 [INFO] APPLICATION: [LoggerUtil] Logging system initialized successfully with log rotation
2025-10-15 00:21:37 [INFO] APPLICATION: [MainApp] Starting School Management System...
2025-10-15 00:21:38 [INFO] APPLICATION: [MainApp] Database connection successful!
2025-10-15 00:21:38 [INFO] APPLICATION: DB_OPERATION: CONNECTION_TEST | TABLE: ALL | DETAILS: Database connectivity verified
2025-10-15 00:21:38 [INFO] APPLICATION: [MainApp] License validation successful. License expires on: 2025-11-08
2025-10-15 00:21:38 [INFO] APPLICATION: [MainApp] Database connection successful!
2025-10-15 00:21:38 [INFO] APPLICATION: DB_OPERATION: CONNECTION_TEST | TABLE: ALL | DETAILS: Database connectivity verified
2025-10-15 00:21:39 [INFO] APPLICATION: [LicenseScheduler] Starting OTP cleanup
2025-10-15 00:21:39 [INFO] APPLICATION: [LicenseScheduler] License scheduler started. Daily check will run in 85100 seconds
2025-10-15 00:21:39 [INFO] APPLICATION: [MainApp] License scheduler started successfully
2025-10-15 00:21:39 [INFO] APPLICATION: [MainApp] Backend API Server started on port 8081
2025-10-15 00:21:39 [INFO] APPLICATION: [MainApp] API Base URL: http://localhost:8081/api
2025-10-15 00:21:39 [INFO] APPLICATION: [MainApp] Server endpoints registered successfully
2025-10-15 00:21:39 [INFO] APPLICATION: [MainApp] Log rotation is active - logs will be automatically rotated when they exceed 10MB
2025-10-15 00:21:39 [INFO] APPLICATION: [OTPDAO] Deleted 0 expired OTPs
2025-10-15 00:21:39 [INFO] APPLICATION: [LicenseScheduler] OTP cleanup completed successfully
2025-10-16 16:10:31 [INFO] APPLICATION: [LoggerUtil] Logging system initialized successfully with log rotation
2025-10-16 16:10:31 [INFO] APPLICATION: [MainApp] Starting School Management System...
2025-10-16 16:10:32 [INFO] APPLICATION: [MainApp] Database connection successful!
2025-10-16 16:10:32 [INFO] APPLICATION: DB_OPERATION: CONNECTION_TEST | TABLE: ALL | DETAILS: Database connectivity verified
2025-10-16 16:10:32 [INFO] APPLICATION: [MainApp] License validation successful. License expires on: 2025-11-08
2025-10-16 16:10:33 [INFO] APPLICATION: [MainApp] Database connection successful!
2025-10-16 16:10:33 [INFO] APPLICATION: DB_OPERATION: CONNECTION_TEST | TABLE: ALL | DETAILS: Database connectivity verified
2025-10-16 16:10:34 [INFO] APPLICATION: [LicenseScheduler] Starting OTP cleanup
2025-10-16 16:10:34 [INFO] APPLICATION: [LicenseScheduler] License scheduler started. Daily check will run in 28165 seconds
2025-10-16 16:10:34 [INFO] APPLICATION: [MainApp] License scheduler started successfully
2025-10-16 16:10:34 [INFO] APPLICATION: [MainApp] Backend API Server started on port 8081
2025-10-16 16:10:34 [INFO] APPLICATION: [MainApp] API Base URL: http://localhost:8081/api
2025-10-16 16:10:34 [INFO] APPLICATION: [MainApp] Server endpoints registered successfully
2025-10-16 16:10:34 [INFO] APPLICATION: [MainApp] Log rotation is active - logs will be automatically rotated when they exceed 10MB
2025-10-16 16:10:34 [INFO] APPLICATION: [OTPDAO] Deleted 0 expired OTPs
2025-10-16 16:10:34 [INFO] APPLICATION: [LicenseScheduler] OTP cleanup completed successfully
2025-10-16 16:18:31 [INFO] APPLICATION: [LoggerUtil] Logging system initialized successfully with log rotation
2025-10-16 16:18:31 [INFO] APPLICATION: [MainApp] Starting School Management System...
2025-10-16 16:18:32 [INFO] APPLICATION: [MainApp] Database connection successful!
2025-10-16 16:18:32 [INFO] APPLICATION: DB_OPERATION: CONNECTION_TEST | TABLE: ALL | DETAILS: Database connectivity verified
2025-10-16 16:18:32 [INFO] APPLICATION: [MainApp] License validation successful. License expires on: 2025-11-08
2025-10-16 16:18:32 [INFO] APPLICATION: [MainApp] Database connection successful!
2025-10-16 16:18:32 [INFO] APPLICATION: DB_OPERATION: CONNECTION_TEST | TABLE: ALL | DETAILS: Database connectivity verified
2025-10-16 16:18:34 [INFO] APPLICATION: [LicenseScheduler] Starting OTP cleanup
2025-10-16 16:18:34 [INFO] APPLICATION: [LicenseScheduler] License scheduler started. Daily check will run in 27685 seconds
2025-10-16 16:18:34 [INFO] APPLICATION: [MainApp] License scheduler started successfully
2025-10-16 16:18:34 [INFO] APPLICATION: [MainApp] Backend API Server started on port 8081
2025-10-16 16:18:34 [INFO] APPLICATION: [MainApp] API Base URL: http://localhost:8081/api
2025-10-16 16:18:34 [INFO] APPLICATION: [MainApp] Server endpoints registered successfully
2025-10-16 16:18:34 [INFO] APPLICATION: [MainApp] Log rotation is active - logs will be automatically rotated when they exceed 10MB
2025-10-16 16:18:34 [INFO] APPLICATION: [OTPDAO] Deleted 0 expired OTPs
2025-10-16 16:18:34 [INFO] APPLICATION: [LicenseScheduler] OTP cleanup completed successfully
2025-10-16 17:06:42 [INFO] APPLICATION: [LoggerUtil] Logging system initialized successfully with log rotation
2025-10-16 17:06:42 [INFO] APPLICATION: [MainApp] Starting School Management System...
2025-10-16 17:06:43 [INFO] APPLICATION: [MainApp] Database connection successful!
2025-10-16 17:06:43 [INFO] APPLICATION: DB_OPERATION: CONNECTION_TEST | TABLE: ALL | DETAILS: Database connectivity verified
2025-10-16 17:06:43 [INFO] APPLICATION: [MainApp] License validation successful. License expires on: 2025-11-08
2025-10-16 17:06:43 [INFO] APPLICATION: [MainApp] Database connection successful!
2025-10-16 17:06:43 [INFO] APPLICATION: DB_OPERATION: CONNECTION_TEST | TABLE: ALL | DETAILS: Database connectivity verified
2025-10-16 17:06:44 [INFO] APPLICATION: [LicenseScheduler] Starting OTP cleanup
2025-10-16 17:06:44 [INFO] APPLICATION: [LicenseScheduler] License scheduler started. Daily check will run in 24795 seconds
2025-10-16 17:06:44 [INFO] APPLICATION: [MainApp] License scheduler started successfully
2025-10-16 17:06:44 [INFO] APPLICATION: [MainApp] Backend API Server started on port 8081
2025-10-16 17:06:44 [INFO] APPLICATION: [MainApp] API Base URL: http://localhost:8081/api
2025-10-16 17:06:44 [INFO] APPLICATION: [MainApp] Server endpoints registered successfully
2025-10-16 17:06:44 [INFO] APPLICATION: [MainApp] Log rotation is active - logs will be automatically rotated when they exceed 10MB
2025-10-16 17:06:44 [INFO] APPLICATION: [OTPDAO] Deleted 0 expired OTPs
2025-10-16 17:06:44 [INFO] APPLICATION: [LicenseScheduler] OTP cleanup completed successfully
2025-10-16 17:08:44 [INFO] APPLICATION: [LoggerUtil] Logging system initialized successfully with log rotation
2025-10-16 17:08:44 [INFO] APPLICATION: [MainApp] Starting School Management System...
2025-10-16 17:08:46 [INFO] APPLICATION: [MainApp] Database connection successful!
2025-10-16 17:08:46 [INFO] APPLICATION: DB_OPERATION: CONNECTION_TEST | TABLE: ALL | DETAILS: Database connectivity verified
2025-10-16 17:08:46 [INFO] APPLICATION: [MainApp] License validation successful. License expires on: 2025-11-08
2025-10-16 17:08:46 [INFO] APPLICATION: [MainApp] Database connection successful!
2025-10-16 17:08:46 [INFO] APPLICATION: DB_OPERATION: CONNECTION_TEST | TABLE: ALL | DETAILS: Database connectivity verified
2025-10-16 17:08:47 [INFO] APPLICATION: [LicenseScheduler] Starting OTP cleanup
2025-10-16 17:08:47 [INFO] APPLICATION: [LicenseScheduler] License scheduler started. Daily check will run in 24672 seconds
2025-10-16 17:08:47 [INFO] APPLICATION: [MainApp] License scheduler started successfully
2025-10-16 17:08:47 [INFO] APPLICATION: [MainApp] Backend API Server started on port 8081
2025-10-16 17:08:47 [INFO] APPLICATION: [MainApp] API Base URL: http://localhost:8081/api
2025-10-16 17:08:47 [INFO] APPLICATION: [MainApp] Server endpoints registered successfully
2025-10-16 17:08:47 [INFO] APPLICATION: [MainApp] Log rotation is active - logs will be automatically rotated when they exceed 10MB
2025-10-16 17:08:47 [INFO] APPLICATION: [OTPDAO] Deleted 0 expired OTPs
2025-10-16 17:08:47 [INFO] APPLICATION: [LicenseScheduler] OTP cleanup completed successfully
2025-10-16 17:12:40 [INFO] APPLICATION: [LoggerUtil] Logging system initialized successfully with log rotation
2025-10-16 17:12:40 [INFO] APPLICATION: [MainApp] Starting School Management System...
2025-10-16 17:12:41 [INFO] APPLICATION: [MainApp] Database connection successful!
2025-10-16 17:12:41 [INFO] APPLICATION: DB_OPERATION: CONNECTION_TEST | TABLE: ALL | DETAILS: Database connectivity verified
2025-10-16 17:12:41 [INFO] APPLICATION: [MainApp] License validation successful. License expires on: 2025-11-08
2025-10-16 17:12:42 [INFO] APPLICATION: [MainApp] Database connection successful!
2025-10-16 17:12:42 [INFO] APPLICATION: DB_OPERATION: CONNECTION_TEST | TABLE: ALL | DETAILS: Database connectivity verified
2025-10-16 17:12:44 [INFO] APPLICATION: [LicenseScheduler] License scheduler started. Daily check will run in 24435 seconds
2025-10-16 17:12:44 [INFO] APPLICATION: [MainApp] License scheduler started successfully
2025-10-16 17:12:44 [INFO] APPLICATION: [LicenseScheduler] Starting OTP cleanup
2025-10-16 17:12:44 [INFO] APPLICATION: [MainApp] Backend API Server started on port 8081
2025-10-16 17:12:44 [INFO] APPLICATION: [MainApp] API Base URL: http://localhost:8081/api
2025-10-16 17:12:44 [INFO] APPLICATION: [MainApp] Server endpoints registered successfully
2025-10-16 17:12:44 [INFO] APPLICATION: [MainApp] Log rotation is active - logs will be automatically rotated when they exceed 10MB
2025-10-16 17:12:44 [INFO] APPLICATION: [OTPDAO] Deleted 0 expired OTPs
2025-10-16 17:12:44 [INFO] APPLICATION: [LicenseScheduler] OTP cleanup completed successfully
2025-10-16 17:16:50 [INFO] APPLICATION: [LoggerUtil] Logging system initialized successfully with log rotation
2025-10-16 17:16:50 [INFO] APPLICATION: [MainApp] Starting School Management System...
2025-10-16 17:16:50 [INFO] APPLICATION: [MainApp] Database connection successful!
2025-10-16 17:16:50 [INFO] APPLICATION: DB_OPERATION: CONNECTION_TEST | TABLE: ALL | DETAILS: Database connectivity verified
2025-10-16 17:16:50 [INFO] APPLICATION: [MainApp] License validation successful. License expires on: 2025-11-08
2025-10-16 17:16:51 [INFO] APPLICATION: [MainApp] Database connection successful!
2025-10-16 17:16:51 [INFO] APPLICATION: DB_OPERATION: CONNECTION_TEST | TABLE: ALL | DETAILS: Database connectivity verified
2025-10-16 17:16:51 [INFO] APPLICATION: [LicenseScheduler] Starting OTP cleanup
2025-10-16 17:16:51 [INFO] APPLICATION: [LicenseScheduler] License scheduler started. Daily check will run in 24188 seconds
2025-10-16 17:16:51 [INFO] APPLICATION: [MainApp] License scheduler started successfully
2025-10-16 17:16:51 [INFO] APPLICATION: [MainApp] Backend API Server started on port 8081
2025-10-16 17:16:51 [INFO] APPLICATION: [MainApp] API Base URL: http://localhost:8081/api
2025-10-16 17:16:51 [INFO] APPLICATION: [MainApp] Server endpoints registered successfully
2025-10-16 17:16:51 [INFO] APPLICATION: [MainApp] Log rotation is active - logs will be automatically rotated when they exceed 10MB
2025-10-16 17:16:51 [INFO] APPLICATION: [OTPDAO] Deleted 0 expired OTPs
2025-10-16 17:16:51 [INFO] APPLICATION: [LicenseScheduler] OTP cleanup completed successfully
2025-10-16 17:19:07 [INFO] APPLICATION: [LoggerUtil] Logging system initialized successfully with log rotation
2025-10-16 17:19:07 [INFO] APPLICATION: [MainApp] Starting School Management System...
2025-10-16 17:19:07 [INFO] APPLICATION: [MainApp] Database connection successful!
2025-10-16 17:19:07 [INFO] APPLICATION: DB_OPERATION: CONNECTION_TEST | TABLE: ALL | DETAILS: Database connectivity verified
2025-10-16 17:19:08 [INFO] APPLICATION: [MainApp] License validation successful. License expires on: 2025-11-08
2025-10-16 17:19:08 [INFO] APPLICATION: [MainApp] Database connection successful!
2025-10-16 17:19:08 [INFO] APPLICATION: DB_OPERATION: CONNECTION_TEST | TABLE: ALL | DETAILS: Database connectivity verified
2025-10-16 17:19:09 [INFO] APPLICATION: [LicenseScheduler] Starting OTP cleanup
2025-10-16 17:19:09 [INFO] APPLICATION: [LicenseScheduler] License scheduler started. Daily check will run in 24050 seconds
2025-10-16 17:19:09 [INFO] APPLICATION: [MainApp] License scheduler started successfully
2025-10-16 17:19:09 [INFO] APPLICATION: [MainApp] Backend API Server started on port 8081
2025-10-16 17:19:09 [INFO] APPLICATION: [MainApp] API Base URL: http://localhost:8081/api
2025-10-16 17:19:09 [INFO] APPLICATION: [MainApp] Server endpoints registered successfully
2025-10-16 17:19:09 [INFO] APPLICATION: [MainApp] Log rotation is active - logs will be automatically rotated when they exceed 10MB
2025-10-16 17:19:09 [INFO] APPLICATION: [OTPDAO] Deleted 0 expired OTPs
2025-10-16 17:19:09 [INFO] APPLICATION: [LicenseScheduler] OTP cleanup completed successfully
2025-10-16 17:23:40 [INFO] APPLICATION: [LoggerUtil] Logging system initialized successfully with log rotation
2025-10-16 17:23:40 [INFO] APPLICATION: [MainApp] Starting School Management System...
2025-10-16 17:23:40 [INFO] APPLICATION: [MainApp] Database connection successful!
2025-10-16 17:23:40 [INFO] APPLICATION: DB_OPERATION: CONNECTION_TEST | TABLE: ALL | DETAILS: Database connectivity verified
2025-10-16 17:23:40 [INFO] APPLICATION: [MainApp] License validation successful. License expires on: 2025-11-08
2025-10-16 17:23:40 [INFO] APPLICATION: [MainApp] Database connection successful!
2025-10-16 17:23:40 [INFO] APPLICATION: DB_OPERATION: CONNECTION_TEST | TABLE: ALL | DETAILS: Database connectivity verified
2025-10-16 17:23:41 [INFO] APPLICATION: [LicenseScheduler] Starting OTP cleanup
2025-10-16 17:23:41 [INFO] APPLICATION: [LicenseScheduler] License scheduler started. Daily check will run in 23778 seconds
2025-10-16 17:23:41 [INFO] APPLICATION: [MainApp] License scheduler started successfully
2025-10-16 17:23:41 [INFO] APPLICATION: [MainApp] Backend API Server started on port 8081
2025-10-16 17:23:41 [INFO] APPLICATION: [MainApp] API Base URL: http://localhost:8081/api
2025-10-16 17:23:41 [INFO] APPLICATION: [MainApp] Server endpoints registered successfully
2025-10-16 17:23:41 [INFO] APPLICATION: [MainApp] Log rotation is active - logs will be automatically rotated when they exceed 10MB
2025-10-16 17:23:41 [INFO] APPLICATION: [OTPDAO] Deleted 0 expired OTPs
2025-10-16 17:23:41 [INFO] APPLICATION: [LicenseScheduler] OTP cleanup completed successfully
2025-10-16 17:25:00 [INFO] APPLICATION: [LoggerUtil] Logging system initialized successfully with log rotation
2025-10-16 17:25:00 [INFO] APPLICATION: [MainApp] Starting School Management System...
2025-10-16 17:25:00 [INFO] APPLICATION: [MainApp] Database connection successful!
2025-10-16 17:25:00 [INFO] APPLICATION: DB_OPERATION: CONNECTION_TEST | TABLE: ALL | DETAILS: Database connectivity verified
2025-10-16 17:25:00 [INFO] APPLICATION: [MainApp] License validation successful. License expires on: 2025-11-08
2025-10-16 17:25:01 [INFO] APPLICATION: [MainApp] Database connection successful!
2025-10-16 17:25:01 [INFO] APPLICATION: DB_OPERATION: CONNECTION_TEST | TABLE: ALL | DETAILS: Database connectivity verified
2025-10-16 17:25:01 [INFO] APPLICATION: [LicenseScheduler] Starting OTP cleanup
2025-10-16 17:25:01 [INFO] APPLICATION: [LicenseScheduler] License scheduler started. Daily check will run in 23698 seconds
2025-10-16 17:25:01 [INFO] APPLICATION: [MainApp] License scheduler started successfully
2025-10-16 17:25:01 [INFO] APPLICATION: [MainApp] Backend API Server started on port 8081
2025-10-16 17:25:01 [INFO] APPLICATION: [MainApp] API Base URL: http://localhost:8081/api
2025-10-16 17:25:01 [INFO] APPLICATION: [MainApp] Server endpoints registered successfully
2025-10-16 17:25:01 [INFO] APPLICATION: [MainApp] Log rotation is active - logs will be automatically rotated when they exceed 10MB
2025-10-16 17:25:01 [INFO] APPLICATION: [OTPDAO] Deleted 0 expired OTPs
2025-10-16 17:25:01 [INFO] APPLICATION: [LicenseScheduler] OTP cleanup completed successfully
2025-10-16 17:29:19 [INFO] APPLICATION: [LoggerUtil] Logging system initialized successfully with log rotation
2025-10-16 17:29:19 [INFO] APPLICATION: [MainApp] Starting School Management System...
2025-10-16 17:29:20 [INFO] APPLICATION: [MainApp] Database connection successful!
2025-10-16 17:29:20 [INFO] APPLICATION: DB_OPERATION: CONNECTION_TEST | TABLE: ALL | DETAILS: Database connectivity verified
2025-10-16 17:29:20 [INFO] APPLICATION: [MainApp] License validation successful. License expires on: 2025-11-08
2025-10-16 17:29:20 [INFO] APPLICATION: [MainApp] Database connection successful!
2025-10-16 17:29:20 [INFO] APPLICATION: DB_OPERATION: CONNECTION_TEST | TABLE: ALL | DETAILS: Database connectivity verified
2025-10-16 17:29:21 [INFO] APPLICATION: [LicenseScheduler] Starting OTP cleanup
2025-10-16 17:29:21 [INFO] APPLICATION: [LicenseScheduler] License scheduler started. Daily check will run in 23438 seconds
2025-10-16 17:29:21 [INFO] APPLICATION: [MainApp] License scheduler started successfully
2025-10-16 17:29:21 [INFO] APPLICATION: [MainApp] Backend API Server started on port 8081
2025-10-16 17:29:21 [INFO] APPLICATION: [MainApp] API Base URL: http://localhost:8081/api
2025-10-16 17:29:21 [INFO] APPLICATION: [MainApp] Server endpoints registered successfully
2025-10-16 17:29:21 [INFO] APPLICATION: [MainApp] Log rotation is active - logs will be automatically rotated when they exceed 10MB
2025-10-16 17:29:21 [INFO] APPLICATION: [OTPDAO] Deleted 0 expired OTPs
2025-10-16 17:29:21 [INFO] APPLICATION: [LicenseScheduler] OTP cleanup completed successfully
2025-10-16 17:54:30 [INFO] APPLICATION: [LoggerUtil] Logging system initialized successfully with log rotation
2025-10-16 17:54:30 [INFO] APPLICATION: [MainApp] Starting School Management System...
2025-10-16 17:54:31 [INFO] APPLICATION: [MainApp] Database connection successful!
2025-10-16 17:54:31 [INFO] APPLICATION: DB_OPERATION: CONNECTION_TEST | TABLE: ALL | DETAILS: Database connectivity verified
2025-10-16 17:54:31 [INFO] APPLICATION: [MainApp] License validation successful. License expires on: 2025-11-08
2025-10-16 17:54:31 [INFO] APPLICATION: [MainApp] Database connection successful!
2025-10-16 17:54:31 [INFO] APPLICATION: DB_OPERATION: CONNECTION_TEST | TABLE: ALL | DETAILS: Database connectivity verified
2025-10-16 17:54:32 [INFO] APPLICATION: [LicenseScheduler] Starting OTP cleanup
2025-10-16 17:54:32 [INFO] APPLICATION: [LicenseScheduler] License scheduler started. Daily check will run in 21927 seconds
2025-10-16 17:54:32 [INFO] APPLICATION: [MainApp] License scheduler started successfully
2025-10-16 17:54:32 [INFO] APPLICATION: [MainApp] Backend API Server started on port 8081
2025-10-16 17:54:32 [INFO] APPLICATION: [MainApp] API Base URL: http://localhost:8081/api
2025-10-16 17:54:32 [INFO] APPLICATION: [MainApp] Server endpoints registered successfully
2025-10-16 17:54:32 [INFO] APPLICATION: [MainApp] Log rotation is active - logs will be automatically rotated when they exceed 10MB
2025-10-16 17:54:32 [INFO] APPLICATION: [OTPDAO] Deleted 0 expired OTPs
2025-10-16 17:54:32 [INFO] APPLICATION: [LicenseScheduler] OTP cleanup completed successfully
2025-10-16 18:15:20 [INFO] APPLICATION: [LoggerUtil] Logging system initialized successfully with log rotation
2025-10-16 18:15:20 [INFO] APPLICATION: [MainApp] Starting School Management System...
2025-10-16 18:15:21 [INFO] APPLICATION: [MainApp] Database connection successful!
2025-10-16 18:15:21 [INFO] APPLICATION: DB_OPERATION: CONNECTION_TEST | TABLE: ALL | DETAILS: Database connectivity verified
2025-10-16 18:15:21 [INFO] APPLICATION: [MainApp] License validation successful. License expires on: 2025-11-08
2025-10-16 18:15:21 [INFO] APPLICATION: [MainApp] Database connection successful!
2025-10-16 18:15:21 [INFO] APPLICATION: DB_OPERATION: CONNECTION_TEST | TABLE: ALL | DETAILS: Database connectivity verified
2025-10-16 18:15:22 [INFO] APPLICATION: [LicenseScheduler] Starting OTP cleanup
2025-10-16 18:15:22 [INFO] APPLICATION: [LicenseScheduler] License scheduler started. Daily check will run in 20677 seconds
2025-10-16 18:15:22 [INFO] APPLICATION: [MainApp] License scheduler started successfully
2025-10-16 18:15:22 [INFO] APPLICATION: [MainApp] Backend API Server started on port 8081
2025-10-16 18:15:22 [INFO] APPLICATION: [MainApp] API Base URL: http://localhost:8081/api
2025-10-16 18:15:22 [INFO] APPLICATION: [MainApp] Server endpoints registered successfully
2025-10-16 18:15:22 [INFO] APPLICATION: [MainApp] Log rotation is active - logs will be automatically rotated when they exceed 10MB
2025-10-16 18:15:22 [INFO] APPLICATION: [OTPDAO] Deleted 0 expired OTPs
2025-10-16 18:15:22 [INFO] APPLICATION: [LicenseScheduler] OTP cleanup completed successfully
2025-10-16 19:15:22 [INFO] APPLICATION: [LicenseScheduler] Starting OTP cleanup
2025-10-16 19:15:22 [INFO] APPLICATION: [OTPDAO] Deleted 0 expired OTPs
2025-10-16 19:15:22 [INFO] APPLICATION: [LicenseScheduler] OTP cleanup completed successfully
2025-10-16 19:46:46 [INFO] APPLICATION: [LoggerUtil] Logging system initialized successfully with log rotation
2025-10-16 19:46:46 [INFO] APPLICATION: [MainApp] Starting School Management System...
2025-10-16 19:46:46 [INFO] APPLICATION: [MainApp] Database connection successful!
2025-10-16 19:46:46 [INFO] APPLICATION: DB_OPERATION: CONNECTION_TEST | TABLE: ALL | DETAILS: Database connectivity verified
2025-10-16 19:46:47 [INFO] APPLICATION: [MainApp] License validation successful. License expires on: 2025-11-08
2025-10-16 19:46:47 [INFO] APPLICATION: [MainApp] Database connection successful!
2025-10-16 19:46:47 [INFO] APPLICATION: DB_OPERATION: CONNECTION_TEST | TABLE: ALL | DETAILS: Database connectivity verified
2025-10-16 19:46:48 [INFO] APPLICATION: [LicenseScheduler] Starting OTP cleanup
2025-10-16 19:46:48 [INFO] APPLICATION: [LicenseScheduler] License scheduler started. Daily check will run in 15191 seconds
2025-10-16 19:46:48 [INFO] APPLICATION: [MainApp] License scheduler started successfully
2025-10-16 19:46:48 [INFO] APPLICATION: [MainApp] Backend API Server started on port 8081
2025-10-16 19:46:48 [INFO] APPLICATION: [MainApp] API Base URL: http://localhost:8081/api
2025-10-16 19:46:48 [INFO] APPLICATION: [MainApp] Server endpoints registered successfully
2025-10-16 19:46:48 [INFO] APPLICATION: [MainApp] Log rotation is active - logs will be automatically rotated when they exceed 10MB
2025-10-16 19:46:48 [INFO] APPLICATION: [OTPDAO] Deleted 0 expired OTPs
2025-10-16 19:46:48 [INFO] APPLICATION: [LicenseScheduler] OTP cleanup completed successfully
2025-10-16 19:48:57 [INFO] APPLICATION: [AttendanceServlet] Retrieved attendance for date: 2025-10-16
2025-10-16 19:51:19 [INFO] APPLICATION: [LoggerUtil] Logging system initialized successfully with log rotation
2025-10-16 19:51:19 [INFO] APPLICATION: [MainApp] Starting School Management System...
2025-10-16 19:51:19 [INFO] APPLICATION: [MainApp] Database connection successful!
2025-10-16 19:51:19 [INFO] APPLICATION: DB_OPERATION: CONNECTION_TEST | TABLE: ALL | DETAILS: Database connectivity verified
2025-10-16 19:51:19 [INFO] APPLICATION: [MainApp] License validation successful. License expires on: 2025-11-08
2025-10-16 19:51:19 [INFO] APPLICATION: [MainApp] Database connection successful!
2025-10-16 19:51:19 [INFO] APPLICATION: DB_OPERATION: CONNECTION_TEST | TABLE: ALL | DETAILS: Database connectivity verified
2025-10-16 19:51:20 [INFO] APPLICATION: [LicenseScheduler] Starting OTP cleanup
2025-10-16 19:51:20 [INFO] APPLICATION: [LicenseScheduler] License scheduler started. Daily check will run in 14919 seconds
2025-10-16 19:51:20 [INFO] APPLICATION: [MainApp] License scheduler started successfully
2025-10-16 19:51:20 [INFO] APPLICATION: [MainApp] Backend API Server started on port 8081
2025-10-16 19:51:20 [INFO] APPLICATION: [MainApp] API Base URL: http://localhost:8081/api
2025-10-16 19:51:20 [INFO] APPLICATION: [MainApp] Server endpoints registered successfully
2025-10-16 19:51:20 [INFO] APPLICATION: [MainApp] Log rotation is active - logs will be automatically rotated when they exceed 10MB
2025-10-16 19:51:20 [INFO] APPLICATION: [OTPDAO] Deleted 0 expired OTPs
2025-10-16 19:51:20 [INFO] APPLICATION: [LicenseScheduler] OTP cleanup completed successfully
2025-10-16 19:51:32 [INFO] APPLICATION: [AttendanceServlet] Retrieved attendance for date: 2025-10-16
2025-10-16 19:57:02 [INFO] APPLICATION: [AttendanceServlet] Retrieved attendance for date: 2025-01-15
2025-10-16 19:57:10 [INFO] APPLICATION: [AttendanceServlet] Retrieved attendance for date: 2025-06-22
2025-10-16 19:57:11 [INFO] APPLICATION: [AttendanceServlet] Retrieved attendance for date: 2025-06-22
2025-10-16 20:03:29 [INFO] APPLICATION: [LoggerUtil] Logging system initialized successfully with log rotation
2025-10-16 20:03:29 [INFO] APPLICATION: [MainApp] Starting School Management System...
2025-10-16 20:03:29 [INFO] APPLICATION: [MainApp] Database connection successful!
2025-10-16 20:03:29 [INFO] APPLICATION: DB_OPERATION: CONNECTION_TEST | TABLE: ALL | DETAILS: Database connectivity verified
2025-10-16 20:03:30 [INFO] APPLICATION: [MainApp] License validation successful. License expires on: 2025-11-08
2025-10-16 20:03:30 [INFO] APPLICATION: [MainApp] Database connection successful!
2025-10-16 20:03:30 [INFO] APPLICATION: DB_OPERATION: CONNECTION_TEST | TABLE: ALL | DETAILS: Database connectivity verified
2025-10-16 20:03:31 [INFO] APPLICATION: [LicenseScheduler] Starting OTP cleanup
2025-10-16 20:03:31 [INFO] APPLICATION: [LicenseScheduler] License scheduler started. Daily check will run in 14188 seconds
2025-10-16 20:03:31 [INFO] APPLICATION: [MainApp] License scheduler started successfully
2025-10-16 20:03:31 [INFO] APPLICATION: [MainApp] Backend API Server started on port 8081
2025-10-16 20:03:31 [INFO] APPLICATION: [MainApp] API Base URL: http://localhost:8081/api
2025-10-16 20:03:31 [INFO] APPLICATION: [MainApp] Server endpoints registered successfully
2025-10-16 20:03:31 [INFO] APPLICATION: [MainApp] Log rotation is active - logs will be automatically rotated when they exceed 10MB
2025-10-16 20:03:31 [INFO] APPLICATION: [OTPDAO] Deleted 0 expired OTPs
2025-10-16 20:03:31 [INFO] APPLICATION: [LicenseScheduler] OTP cleanup completed successfully
2025-10-16 20:03:53 [INFO] APPLICATION: [AttendanceServlet] Retrieved attendance for date: 2025-01-15
2025-10-16 20:10:27 [INFO] APPLICATION: [LoggerUtil] Logging system initialized successfully with log rotation
2025-10-16 20:10:27 [INFO] APPLICATION: [MainApp] Starting School Management System...
2025-10-16 20:10:28 [INFO] APPLICATION: [MainApp] Database connection successful!
2025-10-16 20:10:28 [INFO] APPLICATION: DB_OPERATION: CONNECTION_TEST | TABLE: ALL | DETAILS: Database connectivity verified
2025-10-16 20:10:28 [INFO] APPLICATION: [MainApp] License validation successful. License expires on: 2025-11-08
2025-10-16 20:10:29 [INFO] APPLICATION: [MainApp] Database connection successful!
2025-10-16 20:10:29 [INFO] APPLICATION: DB_OPERATION: CONNECTION_TEST | TABLE: ALL | DETAILS: Database connectivity verified
2025-10-16 20:10:29 [INFO] APPLICATION: [LicenseScheduler] Starting OTP cleanup
2025-10-16 20:10:29 [INFO] APPLICATION: [LicenseScheduler] License scheduler started. Daily check will run in 13770 seconds
2025-10-16 20:10:29 [INFO] APPLICATION: [MainApp] License scheduler started successfully
2025-10-16 20:10:29 [INFO] APPLICATION: [MainApp] Backend API Server started on port 8081
2025-10-16 20:10:29 [INFO] APPLICATION: [MainApp] API Base URL: http://localhost:8081/api
2025-10-16 20:10:29 [INFO] APPLICATION: [MainApp] Server endpoints registered successfully
2025-10-16 20:10:29 [INFO] APPLICATION: [MainApp] Log rotation is active - logs will be automatically rotated when they exceed 10MB
2025-10-16 20:10:29 [INFO] APPLICATION: [OTPDAO] Deleted 0 expired OTPs
2025-10-16 20:10:29 [INFO] APPLICATION: [LicenseScheduler] OTP cleanup completed successfully
2025-10-16 20:11:01 [INFO] APPLICATION: [AttendanceServlet] Retrieved all attendance records
2025-10-16 20:11:27 [INFO] APPLICATION: [AttendanceServlet] Retrieved attendance for student name: محمد
2025-10-16 20:11:58 [INFO] APPLICATION: [AttendanceServlet] Retrieved attendance for student ID: 6
2025-10-16 20:12:06 [INFO] APPLICATION: [AttendanceServlet] Retrieved all attendance records
2025-10-16 20:14:21 [INFO] APPLICATION: [AttendanceServlet] Retrieved attendance for date: 2025-06-22
2025-10-16 20:16:46 [INFO] APPLICATION: [LoggerUtil] Logging system initialized successfully with log rotation
2025-10-16 20:16:46 [INFO] APPLICATION: [MainApp] Starting School Management System...
2025-10-16 20:16:47 [INFO] APPLICATION: [MainApp] Database connection successful!
2025-10-16 20:16:47 [INFO] APPLICATION: DB_OPERATION: CONNECTION_TEST | TABLE: ALL | DETAILS: Database connectivity verified
2025-10-16 20:16:47 [INFO] APPLICATION: [MainApp] License validation successful. License expires on: 2025-11-08
2025-10-16 20:16:47 [INFO] APPLICATION: [MainApp] Database connection successful!
2025-10-16 20:16:47 [INFO] APPLICATION: DB_OPERATION: CONNECTION_TEST | TABLE: ALL | DETAILS: Database connectivity verified
2025-10-16 20:16:48 [INFO] APPLICATION: [LicenseScheduler] Starting OTP cleanup
2025-10-16 20:16:48 [INFO] APPLICATION: [LicenseScheduler] License scheduler started. Daily check will run in 13391 seconds
2025-10-16 20:16:48 [INFO] APPLICATION: [MainApp] License scheduler started successfully
2025-10-16 20:16:48 [INFO] APPLICATION: [MainApp] Backend API Server started on port 8081
2025-10-16 20:16:48 [INFO] APPLICATION: [MainApp] API Base URL: http://localhost:8081/api
2025-10-16 20:16:48 [INFO] APPLICATION: [MainApp] Server endpoints registered successfully
2025-10-16 20:16:48 [INFO] APPLICATION: [MainApp] Log rotation is active - logs will be automatically rotated when they exceed 10MB
2025-10-16 20:16:48 [INFO] APPLICATION: [OTPDAO] Deleted 0 expired OTPs
2025-10-16 20:16:48 [INFO] APPLICATION: [LicenseScheduler] OTP cleanup completed successfully
2025-10-16 20:17:03 [INFO] APPLICATION: [MainApp] Server shutdown initiated
2025-10-16 20:17:03 [INFO] APPLICATION: [LicenseScheduler] License scheduler stopped successfully
2025-10-16 20:17:03 [INFO] APPLICATION: [MainApp] License scheduler stopped
2025-10-16 20:17:04 [INFO] APPLICATION: [LoggerUtil] Logging system initialized successfully with log rotation
2025-10-16 20:17:04 [INFO] APPLICATION: [MainApp] Starting School Management System...
2025-10-16 20:17:05 [INFO] APPLICATION: [MainApp] Database connection successful!
2025-10-16 20:17:05 [INFO] APPLICATION: DB_OPERATION: CONNECTION_TEST | TABLE: ALL | DETAILS: Database connectivity verified
2025-10-16 20:17:05 [INFO] APPLICATION: [MainApp] License validation successful. License expires on: 2025-11-08
2025-10-16 20:17:05 [INFO] APPLICATION: [MainApp] Database connection successful!
2025-10-16 20:17:05 [INFO] APPLICATION: DB_OPERATION: CONNECTION_TEST | TABLE: ALL | DETAILS: Database connectivity verified
2025-10-16 20:17:06 [INFO] APPLICATION: [LicenseScheduler] Starting OTP cleanup
2025-10-16 20:17:06 [INFO] APPLICATION: [LicenseScheduler] License scheduler started. Daily check will run in 13373 seconds
2025-10-16 20:17:06 [INFO] APPLICATION: [MainApp] License scheduler started successfully
2025-10-16 20:17:06 [INFO] APPLICATION: [MainApp] Backend API Server started on port 8081
2025-10-16 20:17:06 [INFO] APPLICATION: [MainApp] API Base URL: http://localhost:8081/api
2025-10-16 20:17:06 [INFO] APPLICATION: [MainApp] Server endpoints registered successfully
2025-10-16 20:17:06 [INFO] APPLICATION: [MainApp] Log rotation is active - logs will be automatically rotated when they exceed 10MB
2025-10-16 20:17:06 [INFO] APPLICATION: [OTPDAO] Deleted 0 expired OTPs
2025-10-16 20:17:06 [INFO] APPLICATION: [LicenseScheduler] OTP cleanup completed successfully
2025-10-16 20:18:09 [INFO] APPLICATION: [LoggerUtil] Logging system initialized successfully with log rotation
2025-10-16 20:18:09 [INFO] APPLICATION: [MainApp] Starting School Management System...
2025-10-16 20:18:09 [INFO] APPLICATION: [MainApp] Database connection successful!
2025-10-16 20:18:09 [INFO] APPLICATION: DB_OPERATION: CONNECTION_TEST | TABLE: ALL | DETAILS: Database connectivity verified
2025-10-16 20:18:09 [INFO] APPLICATION: [MainApp] License validation successful. License expires on: 2025-11-08
2025-10-16 20:18:09 [INFO] APPLICATION: [MainApp] Database connection successful!
2025-10-16 20:18:09 [INFO] APPLICATION: DB_OPERATION: CONNECTION_TEST | TABLE: ALL | DETAILS: Database connectivity verified
2025-10-16 20:18:10 [INFO] APPLICATION: [LicenseScheduler] Starting OTP cleanup
2025-10-16 20:18:10 [INFO] APPLICATION: [LicenseScheduler] License scheduler started. Daily check will run in 13309 seconds
2025-10-16 20:18:10 [INFO] APPLICATION: [MainApp] License scheduler started successfully
2025-10-16 20:18:10 [INFO] APPLICATION: [MainApp] Backend API Server started on port 8081
2025-10-16 20:18:10 [INFO] APPLICATION: [MainApp] API Base URL: http://localhost:8081/api
2025-10-16 20:18:10 [INFO] APPLICATION: [MainApp] Server endpoints registered successfully
2025-10-16 20:18:10 [INFO] APPLICATION: [MainApp] Log rotation is active - logs will be automatically rotated when they exceed 10MB
2025-10-16 20:18:10 [INFO] APPLICATION: [OTPDAO] Deleted 0 expired OTPs
2025-10-16 20:18:10 [INFO] APPLICATION: [LicenseScheduler] OTP cleanup completed successfully
2025-10-16 20:18:59 [SEVERE] APPLICATION: [AttendanceServlet] Database error in doGet: Error getting all students attendance grouped
2025-10-16 20:22:03 [INFO] APPLICATION: [LoggerUtil] Logging system initialized successfully with log rotation
2025-10-16 20:22:03 [INFO] APPLICATION: [MainApp] Starting School Management System...
2025-10-16 20:22:04 [INFO] APPLICATION: [MainApp] Database connection successful!
2025-10-16 20:22:04 [INFO] APPLICATION: DB_OPERATION: CONNECTION_TEST | TABLE: ALL | DETAILS: Database connectivity verified
2025-10-16 20:22:04 [INFO] APPLICATION: [MainApp] License validation successful. License expires on: 2025-11-08
2025-10-16 20:22:04 [INFO] APPLICATION: [MainApp] Database connection successful!
2025-10-16 20:22:04 [INFO] APPLICATION: DB_OPERATION: CONNECTION_TEST | TABLE: ALL | DETAILS: Database connectivity verified
2025-10-16 20:22:06 [INFO] APPLICATION: [LicenseScheduler] Starting OTP cleanup
2025-10-16 20:22:06 [INFO] APPLICATION: [LicenseScheduler] License scheduler started. Daily check will run in 13073 seconds
2025-10-16 20:22:06 [INFO] APPLICATION: [MainApp] License scheduler started successfully
2025-10-16 20:22:06 [INFO] APPLICATION: [MainApp] Backend API Server started on port 8081
2025-10-16 20:22:06 [INFO] APPLICATION: [MainApp] API Base URL: http://localhost:8081/api
2025-10-16 20:22:06 [INFO] APPLICATION: [MainApp] Server endpoints registered successfully
2025-10-16 20:22:06 [INFO] APPLICATION: [MainApp] Log rotation is active - logs will be automatically rotated when they exceed 10MB
2025-10-16 20:22:06 [INFO] APPLICATION: [OTPDAO] Deleted 0 expired OTPs
2025-10-16 20:22:06 [INFO] APPLICATION: [LicenseScheduler] OTP cleanup completed successfully
2025-10-16 20:22:19 [SEVERE] APPLICATION: [AttendanceServlet] Database error in doGet: Error getting all students attendance grouped
2025-10-16 20:24:57 [INFO] APPLICATION: [LoggerUtil] Logging system initialized successfully with log rotation
2025-10-16 20:24:57 [INFO] APPLICATION: [MainApp] Starting School Management System...
2025-10-16 20:24:58 [INFO] APPLICATION: [MainApp] Database connection successful!
2025-10-16 20:24:58 [INFO] APPLICATION: DB_OPERATION: CONNECTION_TEST | TABLE: ALL | DETAILS: Database connectivity verified
2025-10-16 20:24:58 [INFO] APPLICATION: [MainApp] License validation successful. License expires on: 2025-11-08
2025-10-16 20:24:58 [INFO] APPLICATION: [MainApp] Database connection successful!
2025-10-16 20:24:58 [INFO] APPLICATION: DB_OPERATION: CONNECTION_TEST | TABLE: ALL | DETAILS: Database connectivity verified
2025-10-16 20:24:59 [INFO] APPLICATION: [LicenseScheduler] Starting OTP cleanup
2025-10-16 20:24:59 [INFO] APPLICATION: [LicenseScheduler] License scheduler started. Daily check will run in 12900 seconds
2025-10-16 20:24:59 [INFO] APPLICATION: [MainApp] License scheduler started successfully
2025-10-16 20:24:59 [INFO] APPLICATION: [MainApp] Backend API Server started on port 8081
2025-10-16 20:24:59 [INFO] APPLICATION: [MainApp] API Base URL: http://localhost:8081/api
2025-10-16 20:24:59 [INFO] APPLICATION: [MainApp] Server endpoints registered successfully
2025-10-16 20:24:59 [INFO] APPLICATION: [MainApp] Log rotation is active - logs will be automatically rotated when they exceed 10MB
2025-10-16 20:24:59 [INFO] APPLICATION: [OTPDAO] Deleted 0 expired OTPs
2025-10-16 20:24:59 [INFO] APPLICATION: [LicenseScheduler] OTP cleanup completed successfully
2025-10-16 20:25:12 [SEVERE] APPLICATION: [AttendanceServlet] Database error in doGet: Error getting all students attendance grouped
2025-10-16 20:28:15 [INFO] APPLICATION: [LoggerUtil] Logging system initialized successfully with log rotation
2025-10-16 20:28:15 [INFO] APPLICATION: [MainApp] Starting School Management System...
2025-10-16 20:28:16 [INFO] APPLICATION: [MainApp] Database connection successful!
2025-10-16 20:28:16 [INFO] APPLICATION: DB_OPERATION: CONNECTION_TEST | TABLE: ALL | DETAILS: Database connectivity verified
2025-10-16 20:28:16 [INFO] APPLICATION: [MainApp] License validation successful. License expires on: 2025-11-08
2025-10-16 20:28:16 [INFO] APPLICATION: [MainApp] Database connection successful!
2025-10-16 20:28:16 [INFO] APPLICATION: DB_OPERATION: CONNECTION_TEST | TABLE: ALL | DETAILS: Database connectivity verified
2025-10-16 20:28:17 [INFO] APPLICATION: [LicenseScheduler] Starting OTP cleanup
2025-10-16 20:28:17 [INFO] APPLICATION: [LicenseScheduler] License scheduler started. Daily check will run in 12702 seconds
2025-10-16 20:28:17 [INFO] APPLICATION: [MainApp] License scheduler started successfully
2025-10-16 20:28:17 [INFO] APPLICATION: [MainApp] Backend API Server started on port 8081
2025-10-16 20:28:17 [INFO] APPLICATION: [MainApp] API Base URL: http://localhost:8081/api
2025-10-16 20:28:17 [INFO] APPLICATION: [MainApp] Server endpoints registered successfully
2025-10-16 20:28:17 [INFO] APPLICATION: [MainApp] Log rotation is active - logs will be automatically rotated when they exceed 10MB
2025-10-16 20:28:17 [INFO] APPLICATION: [OTPDAO] Deleted 0 expired OTPs
2025-10-16 20:28:17 [INFO] APPLICATION: [LicenseScheduler] OTP cleanup completed successfully
2025-10-16 20:28:30 [INFO] APPLICATION: [AttendanceServlet] Retrieved grouped attendance for all students
2025-10-16 20:59:30 [INFO] APPLICATION: [AttendanceServlet] Retrieved attendance for date: 2025-06-22
2025-10-16 20:59:54 [INFO] APPLICATION: [AttendanceServlet] Retrieved all attendance records
2025-10-16 21:00:34 [INFO] APPLICATION: [AttendanceServlet] Retrieved attendance for student ID: 6
2025-10-16 21:05:18 [INFO] APPLICATION: [LoggerUtil] Logging system initialized successfully with log rotation
2025-10-16 21:05:18 [INFO] APPLICATION: [MainApp] Starting School Management System...
2025-10-16 21:05:18 [INFO] APPLICATION: [MainApp] Database connection successful!
2025-10-16 21:05:18 [INFO] APPLICATION: DB_OPERATION: CONNECTION_TEST | TABLE: ALL | DETAILS: Database connectivity verified
2025-10-16 21:05:18 [INFO] APPLICATION: [MainApp] License validation successful. License expires on: 2025-11-08
2025-10-16 21:05:18 [INFO] APPLICATION: [MainApp] Database connection successful!
2025-10-16 21:05:18 [INFO] APPLICATION: DB_OPERATION: CONNECTION_TEST | TABLE: ALL | DETAILS: Database connectivity verified
2025-10-16 21:05:19 [INFO] APPLICATION: [LicenseScheduler] Starting OTP cleanup
2025-10-16 21:05:19 [INFO] APPLICATION: [LicenseScheduler] License scheduler started. Daily check will run in 10480 seconds
2025-10-16 21:05:19 [INFO] APPLICATION: [MainApp] License scheduler started successfully
2025-10-16 21:05:19 [INFO] APPLICATION: [MainApp] Backend API Server started on port 8081
2025-10-16 21:05:19 [INFO] APPLICATION: [MainApp] API Base URL: http://localhost:8081/api
2025-10-16 21:05:19 [INFO] APPLICATION: [MainApp] Server endpoints registered successfully
2025-10-16 21:05:19 [INFO] APPLICATION: [MainApp] Log rotation is active - logs will be automatically rotated when they exceed 10MB
2025-10-16 21:05:19 [INFO] APPLICATION: [OTPDAO] Deleted 0 expired OTPs
2025-10-16 21:05:19 [INFO] APPLICATION: [LicenseScheduler] OTP cleanup completed successfully
2025-10-16 21:07:14 [INFO] APPLICATION: [AttendanceServlet] Retrieved attendance for student ID: 6
2025-10-16 21:07:30 [INFO] APPLICATION: [AttendanceServlet] Retrieved attendance for student name: محمد
2025-10-16 21:07:45 [INFO] APPLICATION: [AttendanceServlet] Retrieved grouped attendance for all students
2025-10-16 21:12:46 [INFO] APPLICATION: [AttendanceServlet] Retrieved all attendance records
2025-10-16 21:16:49 [INFO] APPLICATION: [AttendanceServlet] Retrieved all attendance records
2025-10-16 21:17:03 [INFO] APPLICATION: [AttendanceServlet] Retrieved attendance for student ID: 6
2025-10-16 21:17:16 [INFO] APPLICATION: [AttendanceServlet] Retrieved attendance for student name: محمد
2025-10-16 21:17:28 [INFO] APPLICATION: [AttendanceServlet] Retrieved grouped attendance for all students
2025-10-17 17:29:29 [INFO] APPLICATION: [StudentServlet] Fetching all students from IP: [0:0:0:0:0:0:0:1]
2025-10-17 17:29:31 [INFO] APPLICATION: [StudentServlet] Fetching all students from IP: [0:0:0:0:0:0:0:1]
2025-10-17 17:38:09 [INFO] APPLICATION: [AuthServlet] Registration attempt with existing username: userhamdy2 from IP: [0:0:0:0:0:0:0:1]
2025-10-17 17:44:48 [INFO] APPLICATION: [LoggerUtil] Logging system initialized successfully with log rotation
2025-10-17 17:44:48 [INFO] APPLICATION: [MainApp] Starting School Management System...
2025-10-17 17:44:48 [INFO] APPLICATION: [MainApp] Database connection successful!
2025-10-17 17:44:48 [INFO] APPLICATION: DB_OPERATION: CONNECTION_TEST | TABLE: ALL | DETAILS: Database connectivity verified
2025-10-17 17:44:49 [INFO] APPLICATION: [MainApp] License validation successful. License expires on: 2025-11-08
2025-10-17 17:44:49 [INFO] APPLICATION: [MainApp] Database connection successful!
2025-10-17 17:44:49 [INFO] APPLICATION: DB_OPERATION: CONNECTION_TEST | TABLE: ALL | DETAILS: Database connectivity verified
2025-10-17 17:44:49 [INFO] APPLICATION: [LicenseScheduler] Starting OTP cleanup
2025-10-17 17:44:49 [INFO] APPLICATION: [LicenseScheduler] License scheduler started. Daily check will run in 22510 seconds
2025-10-17 17:44:49 [INFO] APPLICATION: [MainApp] License scheduler started successfully
2025-10-17 17:44:49 [INFO] APPLICATION: [MainApp] Backend API Server started on port 8081
2025-10-17 17:44:49 [INFO] APPLICATION: [MainApp] API Base URL: http://localhost:8081/api
2025-10-17 17:44:49 [INFO] APPLICATION: [MainApp] Server endpoints registered successfully
2025-10-17 17:44:49 [INFO] APPLICATION: [MainApp] Log rotation is active - logs will be automatically rotated when they exceed 10MB
2025-10-17 17:44:49 [INFO] APPLICATION: [OTPDAO] Deleted 0 expired OTPs
2025-10-17 17:44:49 [INFO] APPLICATION: [LicenseScheduler] OTP cleanup completed successfully
2025-10-17 17:47:06 [INFO] APPLICATION: [AttendanceServlet] Retrieved attendance for date: 2025-10-17
2025-10-17 17:47:09 [INFO] APPLICATION: [StudentServlet] Fetching all students from IP: [0:0:0:0:0:0:0:1]
2025-10-17 17:47:10 [INFO] APPLICATION: [StudentServlet] Fetching all students from IP: [0:0:0:0:0:0:0:1]
2025-10-17 17:47:24 [INFO] APPLICATION: [AttendanceServlet] Retrieved attendance for date: 2025-10-17
2025-10-17 17:49:49 [INFO] APPLICATION: [StudentServlet] Fetching all students from IP: [0:0:0:0:0:0:0:1]
2025-10-17 17:50:10 [SEVERE] APPLICATION: [AuthServlet] JWT token validation failed: JWT expired at 2025-10-10T12:39:35Z. Current time: 2025-10-17T14:50:10Z, a difference of 612635878 milliseconds.  Allowed clock skew: 0 milliseconds.
2025-10-17 17:50:16 [INFO] APPLICATION: [StudentServlet] Fetching all students from IP: [0:0:0:0:0:0:0:1]
2025-10-17 17:51:20 [INFO] APPLICATION: [StudentServlet] Fetching all students from IP: [0:0:0:0:0:0:0:1]
2025-10-17 17:54:16 [INFO] APPLICATION: [LoggerUtil] Logging system initialized successfully with log rotation
2025-10-17 17:54:16 [INFO] APPLICATION: [MainApp] Starting School Management System...
2025-10-17 17:54:17 [INFO] APPLICATION: [MainApp] Database connection successful!
2025-10-17 17:54:17 [INFO] APPLICATION: DB_OPERATION: CONNECTION_TEST | TABLE: ALL | DETAILS: Database connectivity verified
2025-10-17 17:54:17 [INFO] APPLICATION: [MainApp] License validation successful. License expires on: 2025-11-08
2025-10-17 17:54:17 [INFO] APPLICATION: [MainApp] Database connection successful!
2025-10-17 17:54:17 [INFO] APPLICATION: DB_OPERATION: CONNECTION_TEST | TABLE: ALL | DETAILS: Database connectivity verified
2025-10-17 17:54:18 [INFO] APPLICATION: [LicenseScheduler] Starting OTP cleanup
2025-10-17 17:54:18 [INFO] APPLICATION: [LicenseScheduler] License scheduler started. Daily check will run in 21941 seconds
2025-10-17 17:54:18 [INFO] APPLICATION: [MainApp] License scheduler started successfully
2025-10-17 17:54:18 [INFO] APPLICATION: [MainApp] Backend API Server started on port 8081
2025-10-17 17:54:18 [INFO] APPLICATION: [MainApp] API Base URL: http://localhost:8081/api
2025-10-17 17:54:18 [INFO] APPLICATION: [MainApp] Server endpoints registered successfully
2025-10-17 17:54:18 [INFO] APPLICATION: [MainApp] Log rotation is active - logs will be automatically rotated when they exceed 10MB
2025-10-17 17:54:18 [INFO] APPLICATION: [OTPDAO] Deleted 0 expired OTPs
2025-10-17 17:54:18 [INFO] APPLICATION: [LicenseScheduler] OTP cleanup completed successfully
2025-10-17 18:07:01 [INFO] APPLICATION: [LoggerUtil] Logging system initialized successfully with log rotation
2025-10-17 18:07:01 [INFO] APPLICATION: [MainApp] Starting School Management System...
2025-10-17 18:07:02 [INFO] APPLICATION: [MainApp] Database connection successful!
2025-10-17 18:07:02 [INFO] APPLICATION: DB_OPERATION: CONNECTION_TEST | TABLE: ALL | DETAILS: Database connectivity verified
2025-10-17 18:07:02 [INFO] APPLICATION: [MainApp] License validation successful. License expires on: 2025-11-08
2025-10-17 18:07:02 [INFO] APPLICATION: [MainApp] Database connection successful!
2025-10-17 18:07:02 [INFO] APPLICATION: DB_OPERATION: CONNECTION_TEST | TABLE: ALL | DETAILS: Database connectivity verified
2025-10-17 18:07:03 [INFO] APPLICATION: [LicenseScheduler] Starting OTP cleanup
2025-10-17 18:07:03 [INFO] APPLICATION: [LicenseScheduler] License scheduler started. Daily check will run in 21176 seconds
2025-10-17 18:07:03 [INFO] APPLICATION: [MainApp] License scheduler started successfully
2025-10-17 18:07:03 [INFO] APPLICATION: [MainApp] Backend API Server started on port 8081
2025-10-17 18:07:03 [INFO] APPLICATION: [MainApp] API Base URL: http://localhost:8081/api
2025-10-17 18:07:03 [INFO] APPLICATION: [MainApp] Server endpoints registered successfully
2025-10-17 18:07:03 [INFO] APPLICATION: [MainApp] Log rotation is active - logs will be automatically rotated when they exceed 10MB
2025-10-17 18:07:03 [INFO] APPLICATION: [OTPDAO] Deleted 0 expired OTPs
2025-10-17 18:07:03 [INFO] APPLICATION: [LicenseScheduler] OTP cleanup completed successfully
2025-10-17 18:09:20 [SEVERE] APPLICATION: [AuthServlet] JWT token validation failed: JWT expired at 2025-10-10T12:39:35Z. Current time: 2025-10-17T15:09:20Z, a difference of 613785535 milliseconds.  Allowed clock skew: 0 milliseconds.
2025-10-17 18:09:39 [SEVERE] APPLICATION: [AuthServlet] JWT token validation failed: JWT expired at 2025-10-10T12:39:35Z. Current time: 2025-10-17T15:09:39Z, a difference of 613804218 milliseconds.  Allowed clock skew: 0 milliseconds.
2025-10-17 18:10:03 [SEVERE] APPLICATION: [AuthServlet] JWT token validation failed: JWT expired at 2025-10-10T12:39:35Z. Current time: 2025-10-17T15:10:03Z, a difference of 613828989 milliseconds.  Allowed clock skew: 0 milliseconds.
2025-10-17 18:10:14 [INFO] APPLICATION: [AuthServlet] User logout from IP: [0:0:0:0:0:0:0:1]
2025-10-17 18:10:20 [SEVERE] APPLICATION: [AuthServlet] JWT token validation failed: JWT expired at 2025-10-10T12:39:35Z. Current time: 2025-10-17T15:10:20Z, a difference of 613845549 milliseconds.  Allowed clock skew: 0 milliseconds.
2025-10-17 18:10:57 [SEVERE] APPLICATION: [AuthServlet] JWT token validation failed: JWT signature does not match locally computed signature. JWT validity cannot be asserted and should not be trusted.
2025-10-17 18:12:38 [INFO] APPLICATION: [AuthServlet] New user registered: testdev (testdev@example.com) with role: USER from IP: [0:0:0:0:0:0:0:1]
2025-10-17 18:14:56 [INFO] APPLICATION: [UserServlet] doGet called for path: /
2025-10-17 18:14:56 [INFO] APPLICATION: [UserServlet] Attributes - userId: 8, username: hamdy2, role: DEVELOPER
2025-10-17 18:14:56 [INFO] APPLICATION: [UserServlet] All users retrieved by: hamdy2
2025-10-17 18:20:09 [SEVERE] APPLICATION: [OTPDAO] Failed to create OTP
2025-10-17 18:20:09 [SEVERE] APPLICATION: [UserOTPService] Failed to generate password reset OTP
2025-10-17 18:20:09 [SEVERE] APPLICATION: [UserServlet] Failed to generate password reset OTP
2025-10-17 18:26:59 [INFO] APPLICATION: [LoggerUtil] Logging system initialized successfully with log rotation
2025-10-17 18:26:59 [INFO] APPLICATION: [MainApp] Starting School Management System...
2025-10-17 18:27:00 [INFO] APPLICATION: [MainApp] Database connection successful!
2025-10-17 18:27:00 [INFO] APPLICATION: DB_OPERATION: CONNECTION_TEST | TABLE: ALL | DETAILS: Database connectivity verified
2025-10-17 18:27:00 [INFO] APPLICATION: [MainApp] License validation successful. License expires on: 2025-11-08
2025-10-17 18:27:00 [INFO] APPLICATION: [MainApp] Database connection successful!
2025-10-17 18:27:00 [INFO] APPLICATION: DB_OPERATION: CONNECTION_TEST | TABLE: ALL | DETAILS: Database connectivity verified
2025-10-17 18:27:01 [INFO] APPLICATION: [LicenseScheduler] Starting OTP cleanup
2025-10-17 18:27:01 [INFO] APPLICATION: [LicenseScheduler] License scheduler started. Daily check will run in 19978 seconds
2025-10-17 18:27:01 [INFO] APPLICATION: [MainApp] License scheduler started successfully
2025-10-17 18:27:01 [INFO] APPLICATION: [MainApp] Backend API Server started on port 8081
2025-10-17 18:27:01 [INFO] APPLICATION: [MainApp] API Base URL: http://localhost:8081/api
2025-10-17 18:27:01 [INFO] APPLICATION: [MainApp] Server endpoints registered successfully
2025-10-17 18:27:01 [INFO] APPLICATION: [MainApp] Log rotation is active - logs will be automatically rotated when they exceed 10MB
2025-10-17 18:27:01 [INFO] APPLICATION: [OTPDAO] Deleted 0 expired OTPs
2025-10-17 18:27:01 [INFO] APPLICATION: [LicenseScheduler] OTP cleanup completed successfully
2025-10-17 18:30:28 [INFO] APPLICATION: [UserServlet] Dropped existing OTP constraint
2025-10-17 18:30:28 [INFO] APPLICATION: [UserServlet] Added new OTP constraint with PASSWORD_RESET
2025-10-17 18:30:40 [INFO] APPLICATION: [OTPDAO] OTP created successfully with ID: 1
2025-10-17 18:30:40 [INFO] APPLICATION: [UserOTPService] Email credentials not configured. Password reset OTP: 590317
2025-10-17 18:30:54 [INFO] APPLICATION: [UserServlet] doGet called for path: /
2025-10-17 18:30:54 [INFO] APPLICATION: [UserServlet] Attributes - userId: 8, username: hamdy2, role: DEVELOPER
2025-10-17 18:30:54 [INFO] APPLICATION: [UserServlet] All users retrieved by: hamdy2
2025-10-17 18:31:06 [INFO] APPLICATION: [UserServlet] doGet called for path: /8
2025-10-17 18:31:06 [INFO] APPLICATION: [UserServlet] Attributes - userId: 8, username: hamdy2, role: DEVELOPER
2025-10-17 18:31:06 [INFO] APPLICATION: [UserServlet] User 8 retrieved by: hamdy2
2025-10-17 18:36:12 [INFO] APPLICATION: [UserServlet] doGet called for path: /
2025-10-17 18:36:12 [INFO] APPLICATION: [UserServlet] Attributes - userId: 8, username: hamdy2, role: DEVELOPER
2025-10-17 18:36:12 [INFO] APPLICATION: [UserServlet] All users retrieved by: hamdy2
2025-10-17 18:36:21 [INFO] APPLICATION: [UserServlet] doGet called for path: /8
2025-10-17 18:36:21 [INFO] APPLICATION: [UserServlet] Attributes - userId: 8, username: hamdy2, role: DEVELOPER
2025-10-17 18:36:21 [INFO] APPLICATION: [UserServlet] User 8 retrieved by: hamdy2
2025-10-17 18:36:44 [INFO] APPLICATION: [OTPDAO] OTP created successfully with ID: 2
2025-10-17 18:36:44 [INFO] APPLICATION: [UserOTPService] Email credentials not configured. Password reset OTP: 411065
2025-10-17 18:44:03 [INFO] APPLICATION: [AuthServlet] Registration attempt with existing username: userhamdy2 from IP: [0:0:0:0:0:0:0:1]
2025-10-17 18:44:19 [SEVERE] APPLICATION: [AuthServlet] JWT token validation failed: JWT expired at 2025-10-10T12:39:35Z. Current time: 2025-10-17T15:44:19Z, a difference of 615884305 milliseconds.  Allowed clock skew: 0 milliseconds.
2025-10-17 18:45:45 [INFO] APPLICATION: [OTPDAO] OTP created successfully with ID: 3
2025-10-17 18:45:48 [INFO] APPLICATION: [AdminOTPService] Admin OTP email sent successfully for user: new
2025-10-17 18:49:36 [INFO] APPLICATION: [LoggerUtil] Logging system initialized successfully with log rotation
2025-10-17 18:49:36 [INFO] APPLICATION: [MainApp] Starting School Management System...
2025-10-17 18:49:37 [INFO] APPLICATION: [MainApp] Database connection successful!
2025-10-17 18:49:37 [INFO] APPLICATION: DB_OPERATION: CONNECTION_TEST | TABLE: ALL | DETAILS: Database connectivity verified
2025-10-17 18:49:37 [INFO] APPLICATION: [MainApp] License validation successful. License expires on: 2025-11-08
2025-10-17 18:49:37 [INFO] APPLICATION: [MainApp] Database connection successful!
2025-10-17 18:49:37 [INFO] APPLICATION: DB_OPERATION: CONNECTION_TEST | TABLE: ALL | DETAILS: Database connectivity verified
2025-10-17 18:49:38 [INFO] APPLICATION: [LicenseScheduler] Starting OTP cleanup
2025-10-17 18:49:38 [INFO] APPLICATION: [LicenseScheduler] License scheduler started. Daily check will run in 18621 seconds
2025-10-17 18:49:38 [INFO] APPLICATION: [MainApp] License scheduler started successfully
2025-10-17 18:49:38 [INFO] APPLICATION: [MainApp] Backend API Server started on port 8081
2025-10-17 18:49:38 [INFO] APPLICATION: [MainApp] API Base URL: http://localhost:8081/api
2025-10-17 18:49:38 [INFO] APPLICATION: [MainApp] Server endpoints registered successfully
2025-10-17 18:49:38 [INFO] APPLICATION: [MainApp] Log rotation is active - logs will be automatically rotated when they exceed 10MB
2025-10-17 18:49:38 [INFO] APPLICATION: [OTPDAO] Deleted 2 expired OTPs
2025-10-17 18:49:38 [INFO] APPLICATION: [OTPService] Cleaned up 2 expired OTPs
2025-10-17 18:49:38 [INFO] APPLICATION: [LicenseScheduler] OTP cleanup completed successfully
2025-10-17 18:49:52 [INFO] APPLICATION: [OTPDAO] OTP created successfully with ID: 4
2025-10-17 18:49:55 [INFO] APPLICATION: [UserOTPService] Password reset OTP email sent successfully for user: hamdy2
2025-10-17 18:50:52 [INFO] APPLICATION: [LoggerUtil] Logging system initialized successfully with log rotation
2025-10-17 18:50:52 [INFO] APPLICATION: [MainApp] Starting School Management System...
2025-10-17 18:50:53 [INFO] APPLICATION: [MainApp] Database connection successful!
2025-10-17 18:50:53 [INFO] APPLICATION: DB_OPERATION: CONNECTION_TEST | TABLE: ALL | DETAILS: Database connectivity verified
2025-10-17 18:50:53 [INFO] APPLICATION: [MainApp] License validation successful. License expires on: 2025-11-08
2025-10-17 18:50:53 [INFO] APPLICATION: [MainApp] Database connection successful!
2025-10-17 18:50:53 [INFO] APPLICATION: DB_OPERATION: CONNECTION_TEST | TABLE: ALL | DETAILS: Database connectivity verified
2025-10-17 18:50:54 [INFO] APPLICATION: [LicenseScheduler] Starting OTP cleanup
2025-10-17 18:50:54 [INFO] APPLICATION: [LicenseScheduler] License scheduler started. Daily check will run in 18545 seconds
2025-10-17 18:50:54 [INFO] APPLICATION: [MainApp] License scheduler started successfully
2025-10-17 18:50:54 [INFO] APPLICATION: [MainApp] Backend API Server started on port 8081
2025-10-17 18:50:54 [INFO] APPLICATION: [MainApp] API Base URL: http://localhost:8081/api
2025-10-17 18:50:54 [INFO] APPLICATION: [MainApp] Server endpoints registered successfully
2025-10-17 18:50:54 [INFO] APPLICATION: [MainApp] Log rotation is active - logs will be automatically rotated when they exceed 10MB
2025-10-17 18:50:54 [INFO] APPLICATION: [OTPDAO] Deleted 0 expired OTPs
2025-10-17 18:50:54 [INFO] APPLICATION: [LicenseScheduler] OTP cleanup completed successfully
2025-10-17 18:51:08 [INFO] APPLICATION: [OTPDAO] OTP created successfully with ID: 5
2025-10-17 18:51:21 [INFO] APPLICATION: [UserOTPService] Password reset OTP email sent successfully for user: hamdy2
2025-10-17 18:51:49 [INFO] APPLICATION: [OTPDAO] OTP marked as used with ID: 5
2025-10-17 18:52:22 [INFO] APPLICATION: [UserServlet] doGet called for path: /
2025-10-17 18:52:22 [INFO] APPLICATION: [UserServlet] Attributes - userId: 8, username: hamdy2, role: DEVELOPER
2025-10-17 18:52:22 [INFO] APPLICATION: [UserServlet] All users retrieved by: hamdy2
2025-10-17 18:52:48 [INFO] APPLICATION: [OTPDAO] OTP created successfully with ID: 6
2025-10-17 18:53:00 [INFO] APPLICATION: [AdminOTPService] Admin OTP email sent successfully for user: new
2025-10-17 18:54:00 [INFO] APPLICATION: [OTPDAO] OTP marked as used with ID: 6
2025-10-17 18:54:22 [INFO] APPLICATION: [OTPDAO] OTP created successfully with ID: 7
2025-10-17 18:54:34 [INFO] APPLICATION: [OTPService] OTP email sent successfully for operation: RENEW
2025-10-17 18:55:00 [INFO] APPLICATION: [OTPDAO] OTP marked as used with ID: 7
2025-10-17 18:55:00 [INFO] APPLICATION: [LicenseDAO] Deactivated 1 licenses
2025-10-17 18:55:00 [INFO] APPLICATION: [LicenseDAO] License created successfully with ID: 18
2025-10-17 19:14:15 [INFO] APPLICATION: [LoggerUtil] Logging system initialized successfully with log rotation
2025-10-17 19:14:15 [INFO] APPLICATION: [MainApp] Starting School Management System...
2025-10-17 19:14:16 [INFO] APPLICATION: [MainApp] Database connection successful!
2025-10-17 19:14:16 [INFO] APPLICATION: DB_OPERATION: CONNECTION_TEST | TABLE: ALL | DETAILS: Database connectivity verified
2025-10-17 19:14:16 [INFO] APPLICATION: [MainApp] License validation successful. License expires on: 2025-11-16
2025-10-17 19:14:16 [INFO] APPLICATION: [MainApp] Database connection successful!
2025-10-17 19:14:16 [INFO] APPLICATION: DB_OPERATION: CONNECTION_TEST | TABLE: ALL | DETAILS: Database connectivity verified
2025-10-17 19:14:17 [INFO] APPLICATION: [LicenseScheduler] Starting OTP cleanup
2025-10-17 19:14:17 [INFO] APPLICATION: [LicenseScheduler] License scheduler started. Daily check will run in 17142 seconds
2025-10-17 19:14:17 [INFO] APPLICATION: [MainApp] License scheduler started successfully
2025-10-17 19:14:17 [INFO] APPLICATION: [MainApp] Backend API Server started on port 8081
2025-10-17 19:14:17 [INFO] APPLICATION: [MainApp] API Base URL: http://localhost:8081/api
2025-10-17 19:14:17 [INFO] APPLICATION: [MainApp] Server endpoints registered successfully
2025-10-17 19:14:17 [INFO] APPLICATION: [MainApp] Log rotation is active - logs will be automatically rotated when they exceed 10MB
2025-10-17 19:14:17 [INFO] APPLICATION: [OTPDAO] Deleted 5 expired OTPs
2025-10-17 19:14:17 [INFO] APPLICATION: [OTPService] Cleaned up 5 expired OTPs
2025-10-17 19:14:17 [INFO] APPLICATION: [LicenseScheduler] OTP cleanup completed successfully
2025-10-17 19:15:41 [INFO] APPLICATION: [AttendanceServlet] Retrieved attendance for date: 2025-10-17
2025-10-17 19:15:43 [INFO] APPLICATION: [StudentServlet] Fetching all students from IP: [0:0:0:0:0:0:0:1]
2025-10-17 19:15:44 [INFO] APPLICATION: [StudentServlet] Fetching all students from IP: [0:0:0:0:0:0:0:1]
2025-10-17 20:14:17 [INFO] APPLICATION: [LicenseScheduler] Starting OTP cleanup
2025-10-17 20:14:17 [INFO] APPLICATION: [OTPDAO] Deleted 0 expired OTPs
2025-10-17 20:14:17 [INFO] APPLICATION: [LicenseScheduler] OTP cleanup completed successfully
2025-10-17 22:01:19 [INFO] APPLICATION: [LoggerUtil] Logging system initialized successfully with log rotation
2025-10-17 22:01:19 [INFO] APPLICATION: [MainApp] Starting School Management System...
2025-10-17 22:01:20 [INFO] APPLICATION: [MainApp] Database connection successful!
2025-10-17 22:01:20 [INFO] APPLICATION: DB_OPERATION: CONNECTION_TEST | TABLE: ALL | DETAILS: Database connectivity verified
2025-10-17 22:01:20 [INFO] APPLICATION: [MainApp] License validation successful. License expires on: 2025-11-16
2025-10-17 22:01:20 [INFO] APPLICATION: [MainApp] Database connection successful!
2025-10-17 22:01:20 [INFO] APPLICATION: DB_OPERATION: CONNECTION_TEST | TABLE: ALL | DETAILS: Database connectivity verified
2025-10-17 22:01:21 [INFO] APPLICATION: [LicenseScheduler] Starting OTP cleanup
2025-10-17 22:01:21 [INFO] APPLICATION: [LicenseScheduler] License scheduler started. Daily check will run in 7118 seconds
2025-10-17 22:01:21 [INFO] APPLICATION: [MainApp] License scheduler started successfully
2025-10-17 22:01:21 [INFO] APPLICATION: [MainApp] Backend API Server started on port 8081
2025-10-17 22:01:21 [INFO] APPLICATION: [MainApp] API Base URL: http://localhost:8081/api
2025-10-17 22:01:21 [INFO] APPLICATION: [MainApp] Server endpoints registered successfully
2025-10-17 22:01:21 [INFO] APPLICATION: [MainApp] Log rotation is active - logs will be automatically rotated when they exceed 10MB
2025-10-17 22:01:21 [INFO] APPLICATION: [OTPDAO] Deleted 0 expired OTPs
2025-10-17 22:01:21 [INFO] APPLICATION: [LicenseScheduler] OTP cleanup completed successfully
2025-10-17 22:01:53 [INFO] APPLICATION: [AuthServlet] Updated OTP constraint to include PASSWORD_RECOVERY
2025-10-17 22:02:04 [INFO] APPLICATION: [OTPDAO] OTP created successfully with ID: 8
2025-10-17 22:02:15 [SEVERE] APPLICATION: [PasswordRecoveryService] Failed to send password recovery OTP email for user: testuser
2025-10-17 22:11:02 [INFO] APPLICATION: [OTPDAO] OTP created successfully with ID: 9
2025-10-17 22:11:13 [SEVERE] APPLICATION: [PasswordRecoveryService] Failed to send password recovery OTP email for user: hamdy2
2025-10-17 22:12:16 [INFO] APPLICATION: [OTPDAO] OTP created successfully with ID: 10
2025-10-17 22:12:27 [SEVERE] APPLICATION: [PasswordRecoveryService] Failed to send password recovery OTP email for user: hamdy2
2025-10-17 22:16:53 [INFO] APPLICATION: [LoggerUtil] Logging system initialized successfully with log rotation
2025-10-17 22:16:53 [INFO] APPLICATION: [MainApp] Starting School Management System...
2025-10-17 22:16:53 [INFO] APPLICATION: [MainApp] Database connection successful!
2025-10-17 22:16:53 [INFO] APPLICATION: DB_OPERATION: CONNECTION_TEST | TABLE: ALL | DETAILS: Database connectivity verified
2025-10-17 22:16:54 [INFO] APPLICATION: [MainApp] License validation successful. License expires on: 2025-11-16
2025-10-17 22:16:54 [INFO] APPLICATION: [MainApp] Database connection successful!
2025-10-17 22:16:54 [INFO] APPLICATION: DB_OPERATION: CONNECTION_TEST | TABLE: ALL | DETAILS: Database connectivity verified
2025-10-17 22:16:55 [INFO] APPLICATION: [LicenseScheduler] Starting OTP cleanup
2025-10-17 22:16:55 [INFO] APPLICATION: [LicenseScheduler] License scheduler started. Daily check will run in 6184 seconds
2025-10-17 22:16:55 [INFO] APPLICATION: [MainApp] License scheduler started successfully
2025-10-17 22:16:55 [INFO] APPLICATION: [MainApp] Backend API Server started on port 8081
2025-10-17 22:16:55 [INFO] APPLICATION: [MainApp] API Base URL: http://localhost:8081/api
2025-10-17 22:16:55 [INFO] APPLICATION: [MainApp] Server endpoints registered successfully
2025-10-17 22:16:55 [INFO] APPLICATION: [MainApp] Log rotation is active - logs will be automatically rotated when they exceed 10MB
2025-10-17 22:16:55 [INFO] APPLICATION: [OTPDAO] Deleted 1 expired OTPs
2025-10-17 22:16:55 [INFO] APPLICATION: [OTPService] Cleaned up 1 expired OTPs
2025-10-17 22:16:55 [INFO] APPLICATION: [LicenseScheduler] OTP cleanup completed successfully
2025-10-17 22:17:52 [INFO] APPLICATION: [LoggerUtil] Logging system initialized successfully with log rotation
2025-10-17 22:17:52 [INFO] APPLICATION: [MainApp] Starting School Management System...
2025-10-17 22:17:53 [INFO] APPLICATION: [MainApp] Database connection successful!
2025-10-17 22:17:53 [INFO] APPLICATION: DB_OPERATION: CONNECTION_TEST | TABLE: ALL | DETAILS: Database connectivity verified
2025-10-17 22:17:53 [INFO] APPLICATION: [MainApp] License validation successful. License expires on: 2025-11-16
2025-10-17 22:17:53 [INFO] APPLICATION: [MainApp] Database connection successful!
2025-10-17 22:17:53 [INFO] APPLICATION: DB_OPERATION: CONNECTION_TEST | TABLE: ALL | DETAILS: Database connectivity verified
2025-10-17 22:17:54 [INFO] APPLICATION: [LicenseScheduler] Starting OTP cleanup
2025-10-17 22:17:54 [INFO] APPLICATION: [LicenseScheduler] License scheduler started. Daily check will run in 6125 seconds
2025-10-17 22:17:54 [INFO] APPLICATION: [MainApp] License scheduler started successfully
2025-10-17 22:17:54 [INFO] APPLICATION: [MainApp] Backend API Server started on port 8081
2025-10-17 22:17:54 [INFO] APPLICATION: [MainApp] API Base URL: http://localhost:8081/api
2025-10-17 22:17:54 [INFO] APPLICATION: [MainApp] Server endpoints registered successfully
2025-10-17 22:17:54 [INFO] APPLICATION: [MainApp] Log rotation is active - logs will be automatically rotated when they exceed 10MB
2025-10-17 22:17:54 [INFO] APPLICATION: [OTPDAO] Deleted 0 expired OTPs
2025-10-17 22:17:54 [INFO] APPLICATION: [LicenseScheduler] OTP cleanup completed successfully
2025-10-17 22:18:12 [INFO] APPLICATION: [OTPDAO] OTP created successfully with ID: 11
2025-10-17 22:18:24 [INFO] APPLICATION: [PasswordRecoveryService] Password recovery OTP email sent successfully for user: testuser
2025-10-17 22:18:30 [INFO] APPLICATION: [OTPDAO] OTP created successfully with ID: 12
2025-10-17 22:18:41 [INFO] APPLICATION: [PasswordRecoveryService] Password recovery OTP email sent successfully for user: hamdy2
2025-10-17 22:19:13 [SEVERE] APPLICATION: [PasswordRecoveryService] Failed to initiate password recovery
2025-10-17 22:19:13 [SEVERE] APPLICATION: [AuthServlet] Password recovery failed: Failed to initiate password recovery
2025-10-17 22:19:33 [INFO] APPLICATION: [OTPDAO] OTP created successfully with ID: 13
2025-10-17 22:19:44 [INFO] APPLICATION: [PasswordRecoveryService] Password recovery OTP email sent successfully for user: testuser
2025-10-17 22:21:23 [INFO] APPLICATION: [OTPDAO] OTP created successfully with ID: 14
2025-10-17 22:21:35 [INFO] APPLICATION: [PasswordRecoveryService] Password recovery OTP email sent successfully for user: hamdy2
2025-10-17 22:23:39 [INFO] APPLICATION: [OTPDAO] OTP marked as used with ID: 14
2025-10-17 22:23:56 [SEVERE] APPLICATION: [PasswordRecoveryService] Failed to verify OTP and reset password
2025-10-17 22:23:56 [SEVERE] APPLICATION: [AuthServlet] Password reset verification failed: Failed to verify OTP and reset password
2025-10-17 22:24:09 [INFO] APPLICATION: [OTPDAO] OTP created successfully with ID: 15
2025-10-17 22:24:21 [INFO] APPLICATION: [PasswordRecoveryService] Password recovery OTP email sent successfully for user: testuser
2025-10-17 22:29:01 [INFO] APPLICATION: [LoggerUtil] Logging system initialized successfully with log rotation
2025-10-17 22:29:01 [INFO] APPLICATION: [MainApp] Starting School Management System...
2025-10-17 22:29:02 [INFO] APPLICATION: [MainApp] Database connection successful!
2025-10-17 22:29:02 [INFO] APPLICATION: DB_OPERATION: CONNECTION_TEST | TABLE: ALL | DETAILS: Database connectivity verified
2025-10-17 22:29:03 [INFO] APPLICATION: [MainApp] License validation successful. License expires on: 2025-11-16
2025-10-17 22:29:03 [INFO] APPLICATION: [MainApp] Database connection successful!
2025-10-17 22:29:03 [INFO] APPLICATION: DB_OPERATION: CONNECTION_TEST | TABLE: ALL | DETAILS: Database connectivity verified
2025-10-17 22:29:04 [INFO] APPLICATION: [LicenseScheduler] Starting OTP cleanup
2025-10-17 22:29:04 [INFO] APPLICATION: [LicenseScheduler] License scheduler started. Daily check will run in 5455 seconds
2025-10-17 22:29:04 [INFO] APPLICATION: [MainApp] License scheduler started successfully
2025-10-17 22:29:04 [INFO] APPLICATION: [MainApp] Backend API Server started on port 8081
2025-10-17 22:29:04 [INFO] APPLICATION: [MainApp] API Base URL: http://localhost:8081/api
2025-10-17 22:29:04 [INFO] APPLICATION: [MainApp] Server endpoints registered successfully
2025-10-17 22:29:04 [INFO] APPLICATION: [MainApp] Log rotation is active - logs will be automatically rotated when they exceed 10MB
2025-10-17 22:29:04 [INFO] APPLICATION: [OTPDAO] Deleted 4 expired OTPs
2025-10-17 22:29:04 [INFO] APPLICATION: [OTPService] Cleaned up 4 expired OTPs
2025-10-17 22:29:04 [INFO] APPLICATION: [LicenseScheduler] OTP cleanup completed successfully
2025-10-17 22:32:14 [INFO] APPLICATION: [LoggerUtil] Logging system initialized successfully with log rotation
2025-10-17 22:32:14 [INFO] APPLICATION: [MainApp] Starting School Management System...
2025-10-17 22:32:15 [INFO] APPLICATION: [MainApp] Database connection successful!
2025-10-17 22:32:15 [INFO] APPLICATION: DB_OPERATION: CONNECTION_TEST | TABLE: ALL | DETAILS: Database connectivity verified
2025-10-17 22:32:15 [INFO] APPLICATION: [MainApp] License validation successful. License expires on: 2025-11-16
2025-10-17 22:32:15 [INFO] APPLICATION: [MainApp] Database connection successful!
2025-10-17 22:32:15 [INFO] APPLICATION: DB_OPERATION: CONNECTION_TEST | TABLE: ALL | DETAILS: Database connectivity verified
2025-10-17 22:32:16 [INFO] APPLICATION: [LicenseScheduler] Starting OTP cleanup
2025-10-17 22:32:16 [INFO] APPLICATION: [LicenseScheduler] License scheduler started. Daily check will run in 5263 seconds
2025-10-17 22:32:16 [INFO] APPLICATION: [MainApp] License scheduler started successfully
2025-10-17 22:32:16 [INFO] APPLICATION: [MainApp] Backend API Server started on port 8081
2025-10-17 22:32:16 [INFO] APPLICATION: [MainApp] API Base URL: http://localhost:8081/api
2025-10-17 22:32:16 [INFO] APPLICATION: [MainApp] Server endpoints registered successfully
2025-10-17 22:32:16 [INFO] APPLICATION: [MainApp] Log rotation is active - logs will be automatically rotated when they exceed 10MB
2025-10-17 22:32:17 [INFO] APPLICATION: [OTPDAO] Deleted 2 expired OTPs
2025-10-17 22:32:17 [INFO] APPLICATION: [OTPService] Cleaned up 2 expired OTPs
2025-10-17 22:32:17 [INFO] APPLICATION: [LicenseScheduler] OTP cleanup completed successfully
2025-10-17 22:41:41 [INFO] APPLICATION: [LoggerUtil] Logging system initialized successfully with log rotation
2025-10-17 22:41:41 [INFO] APPLICATION: [MainApp] Starting School Management System...
2025-10-17 22:41:42 [INFO] APPLICATION: [MainApp] Database connection successful!
2025-10-17 22:41:42 [INFO] APPLICATION: DB_OPERATION: CONNECTION_TEST | TABLE: ALL | DETAILS: Database connectivity verified
2025-10-17 22:41:42 [INFO] APPLICATION: [MainApp] License validation successful. License expires on: 2025-11-16
2025-10-17 22:41:42 [INFO] APPLICATION: [MainApp] Database connection successful!
2025-10-17 22:41:42 [INFO] APPLICATION: DB_OPERATION: CONNECTION_TEST | TABLE: ALL | DETAILS: Database connectivity verified
2025-10-17 22:41:43 [INFO] APPLICATION: [LicenseScheduler] Starting OTP cleanup
2025-10-17 22:41:43 [INFO] APPLICATION: [LicenseScheduler] License scheduler started. Daily check will run in 4696 seconds
2025-10-17 22:41:43 [INFO] APPLICATION: [MainApp] License scheduler started successfully
2025-10-17 22:41:43 [INFO] APPLICATION: [MainApp] Backend API Server started on port 8081
2025-10-17 22:41:43 [INFO] APPLICATION: [MainApp] API Base URL: http://localhost:8081/api
2025-10-17 22:41:43 [INFO] APPLICATION: [MainApp] Server endpoints registered successfully
2025-10-17 22:41:43 [INFO] APPLICATION: [MainApp] Log rotation is active - logs will be automatically rotated when they exceed 10MB
2025-10-17 22:41:43 [INFO] APPLICATION: [OTPDAO] Deleted 1 expired OTPs
2025-10-17 22:41:43 [INFO] APPLICATION: [OTPService] Cleaned up 1 expired OTPs
2025-10-17 22:41:43 [INFO] APPLICATION: [LicenseScheduler] OTP cleanup completed successfully
2025-10-17 22:41:52 [INFO] APPLICATION: [OTPDAO] OTP created successfully with ID: 16
2025-10-17 22:41:52 [INFO] APPLICATION: [OTPDAO] OTP created successfully with ID: 17
2025-10-17 22:42:03 [SEVERE] APPLICATION: [PasswordRecoveryService] Failed to send password recovery OTP email for user: hamdy2
2025-10-17 22:42:03 [SEVERE] APPLICATION: [PasswordRecoveryService] Failed to send password recovery OTP email for user: testuser
2025-10-17 22:42:09 [INFO] APPLICATION: [OTPDAO] OTP created successfully with ID: 18
2025-10-17 22:42:20 [SEVERE] APPLICATION: [PasswordRecoveryService] Failed to send password recovery OTP email for user: testuser
2025-10-17 22:43:12 [INFO] APPLICATION: [OTPDAO] OTP created successfully with ID: 19
2025-10-17 22:43:23 [SEVERE] APPLICATION: [PasswordRecoveryService] Failed to send password recovery OTP email for user: testuser
2025-10-17 22:43:34 [SEVERE] APPLICATION: [PasswordRecoveryService] Failed to verify OTP and reset password
2025-10-17 22:43:34 [SEVERE] APPLICATION: [AuthServlet] Error in handleVerifyResetOTP: Failed to verify OTP and reset password
2025-10-17 22:44:15 [INFO] APPLICATION: [OTPDAO] OTP created successfully with ID: 20
2025-10-17 22:44:25 [SEVERE] APPLICATION: [PasswordRecoveryService] Failed to send password recovery OTP email for user: hamdy2
2025-10-17 22:48:13 [INFO] APPLICATION: [LoggerUtil] Logging system initialized successfully with log rotation
2025-10-17 22:48:13 [INFO] APPLICATION: [MainApp] Starting School Management System...
2025-10-17 22:48:14 [INFO] APPLICATION: [MainApp] Database connection successful!
2025-10-17 22:48:14 [INFO] APPLICATION: DB_OPERATION: CONNECTION_TEST | TABLE: ALL | DETAILS: Database connectivity verified
2025-10-17 22:48:14 [INFO] APPLICATION: [MainApp] License validation successful. License expires on: 2025-11-16
2025-10-17 22:48:14 [INFO] APPLICATION: [MainApp] Database connection successful!
2025-10-17 22:48:14 [INFO] APPLICATION: DB_OPERATION: CONNECTION_TEST | TABLE: ALL | DETAILS: Database connectivity verified
2025-10-17 22:48:15 [INFO] APPLICATION: [LicenseScheduler] Starting OTP cleanup
2025-10-17 22:48:15 [INFO] APPLICATION: [LicenseScheduler] License scheduler started. Daily check will run in 4304 seconds
2025-10-17 22:48:15 [INFO] APPLICATION: [MainApp] License scheduler started successfully
2025-10-17 22:48:15 [INFO] APPLICATION: [MainApp] Backend API Server started on port 8081
2025-10-17 22:48:15 [INFO] APPLICATION: [MainApp] API Base URL: http://localhost:8081/api
2025-10-17 22:48:15 [INFO] APPLICATION: [MainApp] Server endpoints registered successfully
2025-10-17 22:48:15 [INFO] APPLICATION: [MainApp] Log rotation is active - logs will be automatically rotated when they exceed 10MB
2025-10-17 22:48:15 [INFO] APPLICATION: [OTPDAO] Deleted 0 expired OTPs
2025-10-17 22:48:15 [INFO] APPLICATION: [LicenseScheduler] OTP cleanup completed successfully
2025-10-17 22:48:33 [INFO] APPLICATION: [OTPDAO] OTP created successfully with ID: 21
2025-10-17 22:48:44 [SEVERE] APPLICATION: [PasswordRecoveryService] Failed to send password recovery OTP email for user: testuser. Error: 535-5.7.8 Username and Password not accepted. For more information, go to
535 5.7.8  https://support.google.com/mail/?p=BadCredentials ffacd0b85a97d-427f00ce06bsm817531f8f.45 - gsmtp

2025-10-17 22:52:18 [INFO] APPLICATION: [LoggerUtil] Logging system initialized successfully with log rotation
2025-10-17 22:52:18 [INFO] APPLICATION: [MainApp] Starting School Management System...
2025-10-17 22:52:20 [INFO] APPLICATION: [MainApp] Database connection successful!
2025-10-17 22:52:20 [INFO] APPLICATION: DB_OPERATION: CONNECTION_TEST | TABLE: ALL | DETAILS: Database connectivity verified
2025-10-17 22:52:20 [INFO] APPLICATION: [MainApp] License validation successful. License expires on: 2025-11-16
2025-10-17 22:52:20 [INFO] APPLICATION: [MainApp] Database connection successful!
2025-10-17 22:52:20 [INFO] APPLICATION: DB_OPERATION: CONNECTION_TEST | TABLE: ALL | DETAILS: Database connectivity verified
2025-10-17 22:52:21 [INFO] APPLICATION: [LicenseScheduler] Starting OTP cleanup
2025-10-17 22:52:21 [INFO] APPLICATION: [LicenseScheduler] License scheduler started. Daily check will run in 4058 seconds
2025-10-17 22:52:21 [INFO] APPLICATION: [MainApp] License scheduler started successfully
2025-10-17 22:52:21 [INFO] APPLICATION: [MainApp] Backend API Server started on port 8081
2025-10-17 22:52:21 [INFO] APPLICATION: [MainApp] API Base URL: http://localhost:8081/api
2025-10-17 22:52:21 [INFO] APPLICATION: [MainApp] Server endpoints registered successfully
2025-10-17 22:52:21 [INFO] APPLICATION: [MainApp] Log rotation is active - logs will be automatically rotated when they exceed 10MB
2025-10-17 22:52:21 [INFO] APPLICATION: [OTPDAO] Deleted 3 expired OTPs
2025-10-17 22:52:21 [INFO] APPLICATION: [OTPService] Cleaned up 3 expired OTPs
2025-10-17 22:52:21 [INFO] APPLICATION: [LicenseScheduler] OTP cleanup completed successfully
2025-10-17 22:52:33 [INFO] APPLICATION: [OTPDAO] OTP created successfully with ID: 22
2025-10-17 22:52:46 [INFO] APPLICATION: [PasswordRecoveryService] Password recovery OTP email sent successfully for user: hamdy2
2025-10-17 22:53:14 [SEVERE] APPLICATION: [PasswordRecoveryService] Failed to verify OTP and reset password
2025-10-17 22:53:14 [SEVERE] APPLICATION: [AuthServlet] Error in handleVerifyResetOTP: Failed to verify OTP and reset password
2025-10-17 22:53:17 [SEVERE] APPLICATION: [PasswordRecoveryService] Failed to verify OTP and reset password
2025-10-17 22:53:17 [SEVERE] APPLICATION: [AuthServlet] Error in handleVerifyResetOTP: Failed to verify OTP and reset password
2025-10-17 22:54:21 [SEVERE] APPLICATION: [PasswordRecoveryService] Failed to verify OTP and reset password
2025-10-17 22:54:21 [SEVERE] APPLICATION: [AuthServlet] Error in handleVerifyResetOTP: Failed to verify OTP and reset password
2025-10-17 22:57:30 [INFO] APPLICATION: [LoggerUtil] Logging system initialized successfully with log rotation
2025-10-17 22:57:30 [INFO] APPLICATION: [MainApp] Starting School Management System...
2025-10-17 22:57:31 [INFO] APPLICATION: [MainApp] Database connection successful!
2025-10-17 22:57:31 [INFO] APPLICATION: DB_OPERATION: CONNECTION_TEST | TABLE: ALL | DETAILS: Database connectivity verified
2025-10-17 22:57:31 [INFO] APPLICATION: [MainApp] License validation successful. License expires on: 2025-11-16
2025-10-17 22:57:32 [INFO] APPLICATION: [MainApp] Database connection successful!
2025-10-17 22:57:32 [INFO] APPLICATION: DB_OPERATION: CONNECTION_TEST | TABLE: ALL | DETAILS: Database connectivity verified
2025-10-17 23:00:16 [INFO] APPLICATION: [LoggerUtil] Logging system initialized successfully with log rotation
2025-10-17 23:00:16 [INFO] APPLICATION: [MainApp] Starting School Management System...
2025-10-17 23:00:16 [INFO] APPLICATION: [MainApp] Database connection successful!
2025-10-17 23:00:16 [INFO] APPLICATION: DB_OPERATION: CONNECTION_TEST | TABLE: ALL | DETAILS: Database connectivity verified
2025-10-17 23:00:16 [INFO] APPLICATION: [MainApp] License validation successful. License expires on: 2025-11-16
2025-10-17 23:00:16 [INFO] APPLICATION: [MainApp] Database connection successful!
2025-10-17 23:00:16 [INFO] APPLICATION: DB_OPERATION: CONNECTION_TEST | TABLE: ALL | DETAILS: Database connectivity verified
2025-10-17 23:00:18 [INFO] APPLICATION: [LicenseScheduler] License scheduler started. Daily check will run in 3581 seconds
2025-10-17 23:00:18 [INFO] APPLICATION: [MainApp] License scheduler started successfully
2025-10-17 23:00:18 [INFO] APPLICATION: [MainApp] Backend API Server started on port 8081
2025-10-17 23:00:18 [INFO] APPLICATION: [MainApp] API Base URL: http://localhost:8081/api
2025-10-17 23:00:18 [INFO] APPLICATION: [LicenseScheduler] Starting OTP cleanup
2025-10-17 23:00:18 [INFO] APPLICATION: [MainApp] Server endpoints registered successfully
2025-10-17 23:00:18 [INFO] APPLICATION: [MainApp] Log rotation is active - logs will be automatically rotated when they exceed 10MB
2025-10-17 23:00:18 [INFO] APPLICATION: [OTPDAO] Deleted 3 expired OTPs
2025-10-17 23:00:18 [INFO] APPLICATION: [OTPService] Cleaned up 3 expired OTPs
2025-10-17 23:00:18 [INFO] APPLICATION: [LicenseScheduler] OTP cleanup completed successfully
2025-10-17 23:00:36 [SEVERE] APPLICATION: [PasswordRecoveryService] Failed to verify OTP and reset password
2025-10-17 23:00:36 [SEVERE] APPLICATION: [AuthServlet] Error in handleVerifyResetOTP: Failed to verify OTP and reset password
2025-10-17 23:01:18 [INFO] APPLICATION: [OTPDAO] OTP created successfully with ID: 23
2025-10-17 23:01:31 [INFO] APPLICATION: [PasswordRecoveryService] Password recovery OTP email sent successfully for user: testuser
2025-10-17 23:03:05 [INFO] APPLICATION: [LoggerUtil] Logging system initialized successfully with log rotation
2025-10-17 23:03:05 [INFO] APPLICATION: [MainApp] Starting School Management System...
2025-10-17 23:03:05 [INFO] APPLICATION: [MainApp] Database connection successful!
2025-10-17 23:03:05 [INFO] APPLICATION: DB_OPERATION: CONNECTION_TEST | TABLE: ALL | DETAILS: Database connectivity verified
2025-10-17 23:03:05 [INFO] APPLICATION: [MainApp] License validation successful. License expires on: 2025-11-16
2025-10-17 23:03:06 [INFO] APPLICATION: [MainApp] Database connection successful!
2025-10-17 23:03:06 [INFO] APPLICATION: DB_OPERATION: CONNECTION_TEST | TABLE: ALL | DETAILS: Database connectivity verified
2025-10-17 23:03:06 [INFO] APPLICATION: [LicenseScheduler] Starting OTP cleanup
2025-10-17 23:03:06 [INFO] APPLICATION: [LicenseScheduler] License scheduler started. Daily check will run in 3413 seconds
2025-10-17 23:03:06 [INFO] APPLICATION: [MainApp] License scheduler started successfully
2025-10-17 23:03:06 [INFO] APPLICATION: [MainApp] Backend API Server started on port 8081
2025-10-17 23:03:06 [INFO] APPLICATION: [MainApp] API Base URL: http://localhost:8081/api
2025-10-17 23:03:06 [INFO] APPLICATION: [MainApp] Server endpoints registered successfully
2025-10-17 23:03:06 [INFO] APPLICATION: [MainApp] Log rotation is active - logs will be automatically rotated when they exceed 10MB
2025-10-17 23:03:06 [INFO] APPLICATION: [OTPDAO] Deleted 1 expired OTPs
2025-10-17 23:03:06 [INFO] APPLICATION: [OTPService] Cleaned up 1 expired OTPs
2025-10-17 23:03:06 [INFO] APPLICATION: [LicenseScheduler] OTP cleanup completed successfully
2025-10-17 23:03:15 [INFO] APPLICATION: [OTPDAO] OTP created successfully with ID: 24
2025-10-17 23:03:28 [INFO] APPLICATION: [PasswordRecoveryService] Password recovery OTP email sent successfully for user: testuser
2025-10-17 23:03:46 [SEVERE] APPLICATION: [PasswordRecoveryService] Failed to verify OTP and reset password
2025-10-17 23:03:46 [SEVERE] APPLICATION: [AuthServlet] Error in handleVerifyResetOTP: Failed to verify OTP and reset password
2025-10-17 23:05:07 [INFO] APPLICATION: [LoggerUtil] Logging system initialized successfully with log rotation
2025-10-17 23:05:07 [INFO] APPLICATION: [MainApp] Starting School Management System...
2025-10-17 23:05:07 [INFO] APPLICATION: [MainApp] Database connection successful!
2025-10-17 23:05:07 [INFO] APPLICATION: DB_OPERATION: CONNECTION_TEST | TABLE: ALL | DETAILS: Database connectivity verified
2025-10-17 23:05:07 [INFO] APPLICATION: [MainApp] License validation successful. License expires on: 2025-11-16
2025-10-17 23:05:07 [INFO] APPLICATION: [MainApp] Database connection successful!
2025-10-17 23:05:07 [INFO] APPLICATION: DB_OPERATION: CONNECTION_TEST | TABLE: ALL | DETAILS: Database connectivity verified
2025-10-17 23:05:08 [INFO] APPLICATION: [LicenseScheduler] Starting OTP cleanup
2025-10-17 23:05:08 [INFO] APPLICATION: [LicenseScheduler] License scheduler started. Daily check will run in 3291 seconds
2025-10-17 23:05:08 [INFO] APPLICATION: [MainApp] License scheduler started successfully
2025-10-17 23:05:08 [INFO] APPLICATION: [MainApp] Backend API Server started on port 8081
2025-10-17 23:05:08 [INFO] APPLICATION: [MainApp] API Base URL: http://localhost:8081/api
2025-10-17 23:05:08 [INFO] APPLICATION: [MainApp] Server endpoints registered successfully
2025-10-17 23:05:08 [INFO] APPLICATION: [MainApp] Log rotation is active - logs will be automatically rotated when they exceed 10MB
2025-10-17 23:05:08 [INFO] APPLICATION: [OTPDAO] Deleted 0 expired OTPs
2025-10-17 23:05:08 [INFO] APPLICATION: [LicenseScheduler] OTP cleanup completed successfully
2025-10-17 23:05:18 [INFO] APPLICATION: [OTPDAO] OTP created successfully with ID: 25
2025-10-17 23:05:30 [INFO] APPLICATION: [PasswordRecoveryService] Password recovery OTP email sent successfully for user: testuser
2025-10-17 23:05:49 [SEVERE] APPLICATION: [PasswordRecoveryService] Failed to verify OTP and reset password
2025-10-17 23:05:49 [SEVERE] APPLICATION: [AuthServlet] Error in handleVerifyResetOTP: Failed to verify OTP and reset password
2025-10-17 23:08:05 [INFO] APPLICATION: [LoggerUtil] Logging system initialized successfully with log rotation
2025-10-17 23:08:05 [INFO] APPLICATION: [MainApp] Starting School Management System...
2025-10-17 23:08:06 [INFO] APPLICATION: [MainApp] Database connection successful!
2025-10-17 23:08:06 [INFO] APPLICATION: DB_OPERATION: CONNECTION_TEST | TABLE: ALL | DETAILS: Database connectivity verified
2025-10-17 23:08:06 [INFO] APPLICATION: [MainApp] License validation successful. License expires on: 2025-11-16
2025-10-17 23:08:06 [INFO] APPLICATION: [MainApp] Database connection successful!
2025-10-17 23:08:06 [INFO] APPLICATION: DB_OPERATION: CONNECTION_TEST | TABLE: ALL | DETAILS: Database connectivity verified
2025-10-17 23:08:07 [INFO] APPLICATION: [LicenseScheduler] Starting OTP cleanup
2025-10-17 23:08:07 [INFO] APPLICATION: [LicenseScheduler] License scheduler started. Daily check will run in 3112 seconds
2025-10-17 23:08:07 [INFO] APPLICATION: [MainApp] License scheduler started successfully
2025-10-17 23:08:07 [INFO] APPLICATION: [MainApp] Backend API Server started on port 8081
2025-10-17 23:08:07 [INFO] APPLICATION: [MainApp] API Base URL: http://localhost:8081/api
2025-10-17 23:08:07 [INFO] APPLICATION: [MainApp] Server endpoints registered successfully
2025-10-17 23:08:07 [INFO] APPLICATION: [MainApp] Log rotation is active - logs will be automatically rotated when they exceed 10MB
2025-10-17 23:08:07 [INFO] APPLICATION: [OTPDAO] Deleted 0 expired OTPs
2025-10-17 23:08:07 [INFO] APPLICATION: [LicenseScheduler] OTP cleanup completed successfully
2025-10-17 23:08:18 [INFO] APPLICATION: [OTPDAO] OTP created successfully with ID: 26
2025-10-17 23:08:30 [INFO] APPLICATION: [PasswordRecoveryService] Password recovery OTP email sent successfully for user: testuser
2025-10-17 23:08:59 [INFO] APPLICATION: [OTPDAO] OTP marked as used with ID: 26
2025-10-17 23:09:12 [SEVERE] APPLICATION: [PasswordRecoveryService] Failed to verify OTP and reset password
2025-10-17 23:09:12 [SEVERE] APPLICATION: [AuthServlet] Error in handleVerifyResetOTP: Failed to verify OTP and reset password
2025-10-17 23:10:24 [INFO] APPLICATION: [OTPDAO] OTP created successfully with ID: 27
2025-10-17 23:10:36 [INFO] APPLICATION: [PasswordRecoveryService] Password recovery OTP email sent successfully for user: hamdy2
2025-10-17 23:11:00 [INFO] APPLICATION: [OTPDAO] OTP marked as used with ID: 27
2025-10-17 23:11:14 [INFO] APPLICATION: [MainApp] Server shutdown initiated
2025-10-17 23:11:14 [INFO] APPLICATION: [LicenseScheduler] License scheduler stopped successfully
2025-10-20 22:21:38 [INFO] APPLICATION: [LoggerUtil] Logging system initialized successfully with log rotation
2025-10-20 22:21:38 [INFO] APPLICATION: [MainApp] Starting School Management System...
2025-10-20 22:21:40 [INFO] APPLICATION: [MainApp] Database connection successful!
2025-10-20 22:21:40 [INFO] APPLICATION: DB_OPERATION: CONNECTION_TEST | TABLE: ALL | DETAILS: Database connectivity verified
2025-10-20 22:21:40 [INFO] APPLICATION: [MainApp] License validation successful. License expires on: 2025-11-16
2025-10-20 22:21:40 [INFO] APPLICATION: [MainApp] Database connection successful!
2025-10-20 22:21:40 [INFO] APPLICATION: DB_OPERATION: CONNECTION_TEST | TABLE: ALL | DETAILS: Database connectivity verified
2025-10-20 22:21:41 [INFO] APPLICATION: [LicenseScheduler] Starting OTP cleanup
2025-10-20 22:21:41 [INFO] APPLICATION: [LicenseScheduler] License scheduler started. Daily check will run in 5898 seconds
2025-10-20 22:21:41 [INFO] APPLICATION: [MainApp] License scheduler started successfully
2025-10-20 22:21:41 [INFO] APPLICATION: [MainApp] Backend API Server started on port 8081
2025-10-20 22:21:41 [INFO] APPLICATION: [MainApp] API Base URL: http://localhost:8081/api
2025-10-20 22:21:41 [INFO] APPLICATION: [MainApp] Server endpoints registered successfully
2025-10-20 22:21:41 [INFO] APPLICATION: [MainApp] Log rotation is active - logs will be automatically rotated when they exceed 10MB
2025-10-20 22:21:41 [INFO] APPLICATION: [OTPDAO] Deleted 5 expired OTPs
2025-10-20 22:21:41 [INFO] APPLICATION: [OTPService] Cleaned up 5 expired OTPs
2025-10-20 22:21:41 [INFO] APPLICATION: [LicenseScheduler] OTP cleanup completed successfully
2025-10-20 22:26:07 [INFO] APPLICATION: [UserServlet] doGet called for path: /
2025-10-20 22:26:07 [INFO] APPLICATION: [UserServlet] Attributes - userId: 34, username: userhamdy, role: USER
2025-10-20 22:26:44 [INFO] APPLICATION: [OTPDAO] OTP created successfully with ID: 28
2025-10-20 22:26:47 [INFO] APPLICATION: [PasswordRecoveryService] Password recovery OTP email sent successfully for user: hamdy2
2025-10-20 22:27:09 [INFO] APPLICATION: [UserServlet] doGet called for path: /
2025-10-20 22:27:09 [INFO] APPLICATION: [UserServlet] Attributes - userId: 8, username: hamdy2, role: DEVELOPER
2025-10-20 22:27:09 [INFO] APPLICATION: [UserServlet] All users retrieved by: hamdy2
2025-10-20 22:51:10 [INFO] APPLICATION: [UserServlet] doGet called for path: /
2025-10-20 22:51:10 [INFO] APPLICATION: [UserServlet] Attributes - userId: 28, username: myadmin, role: ADMIN
2025-10-20 22:51:10 [INFO] APPLICATION: [UserServlet] All users retrieved by: myadmin
2025-10-20 22:58:42 [INFO] APPLICATION: [MainApp] Server shutdown initiated
2025-10-20 22:58:42 [INFO] APPLICATION: [LicenseScheduler] License scheduler stopped successfully
2025-10-20 22:58:42 [INFO] APPLICATION: [MainApp] License scheduler stopped
2025-10-20 22:58:42 [INFO] APPLICATION: [LoggerUtil] LoggerUtil shutdown completed
2025-10-20 22:58:44 [INFO] APPLICATION: [LoggerUtil] Logging system initialized successfully with log rotation
2025-10-20 22:58:44 [INFO] APPLICATION: [MainApp] Starting School Management System...
2025-10-20 22:58:45 [INFO] APPLICATION: [MainApp] Database connection successful!
2025-10-20 22:58:45 [INFO] APPLICATION: DB_OPERATION: CONNECTION_TEST | TABLE: ALL | DETAILS: Database connectivity verified
2025-10-20 22:58:45 [INFO] APPLICATION: [MainApp] License validation successful. License expires on: 2025-11-16
2025-10-20 22:58:45 [INFO] APPLICATION: [MainApp] Database connection successful!
2025-10-20 22:58:45 [INFO] APPLICATION: DB_OPERATION: CONNECTION_TEST | TABLE: ALL | DETAILS: Database connectivity verified
2025-10-20 22:58:46 [INFO] APPLICATION: [LicenseScheduler] License scheduler started. Daily check will run in 3673 seconds
2025-10-20 22:58:46 [INFO] APPLICATION: [MainApp] License scheduler started successfully
2025-10-20 22:58:46 [INFO] APPLICATION: [MainApp] Backend API Server started on port 8081
2025-10-20 22:58:46 [INFO] APPLICATION: [LicenseScheduler] Starting OTP cleanup
2025-10-20 22:58:46 [INFO] APPLICATION: [MainApp] API Base URL: http://localhost:8081/api
2025-10-20 22:58:46 [INFO] APPLICATION: [MainApp] Server endpoints registered successfully
2025-10-20 22:58:46 [INFO] APPLICATION: [MainApp] Log rotation is active - logs will be automatically rotated when they exceed 10MB
2025-10-20 22:58:46 [INFO] APPLICATION: [OTPDAO] Deleted 1 expired OTPs
2025-10-20 22:58:46 [INFO] APPLICATION: [OTPService] Cleaned up 1 expired OTPs
2025-10-20 22:58:46 [INFO] APPLICATION: [LicenseScheduler] OTP cleanup completed successfully
2025-10-20 22:59:05 [INFO] APPLICATION: [UserServlet] doGet called for path: /
2025-10-20 22:59:05 [INFO] APPLICATION: [UserServlet] Attributes - userId: 28, username: myadmin, role: ADMIN
2025-10-20 22:59:05 [INFO] APPLICATION: [UserServlet] All users retrieved by: myadmin
2025-10-20 22:59:52 [INFO] APPLICATION: [UserServlet] doGet called for path: /
2025-10-20 22:59:52 [INFO] APPLICATION: [UserServlet] Attributes - userId: 8, username: hamdy2, role: DEVELOPER
2025-10-20 22:59:52 [INFO] APPLICATION: [UserServlet] All users retrieved by: hamdy2
2025-10-20 23:02:26 [INFO] APPLICATION: [UserServlet] doGet called for path: /
2025-10-20 23:02:26 [INFO] APPLICATION: [UserServlet] Attributes - userId: 28, username: myadmin, role: ADMIN
2025-10-20 23:02:26 [INFO] APPLICATION: [UserServlet] All users retrieved by: myadmin
2025-10-20 23:15:37 [INFO] APPLICATION: [UserServlet] doGet called for path: /8
2025-10-20 23:15:37 [INFO] APPLICATION: [UserServlet] Attributes - userId: 28, username: myadmin, role: ADMIN
2025-10-20 23:15:37 [INFO] APPLICATION: [UserServlet] User 8 retrieved by: myadmin
2025-10-20 23:24:08 [INFO] APPLICATION: [OTPDAO] OTP created successfully with ID: 29
2025-10-20 23:24:11 [INFO] APPLICATION: [UserOTPService] Password reset OTP email sent successfully for user: updated_user
2025-10-23 14:41:10 [INFO] APPLICATION: [LicenseScheduler] Starting daily license check
2025-10-23 14:41:10 [INFO] APPLICATION: [LicenseScheduler] Starting OTP cleanup
2025-10-23 14:41:10 [INFO] APPLICATION: [OTPDAO] Deleted 1 expired OTPs
2025-10-23 14:41:10 [INFO] APPLICATION: [OTPService] Cleaned up 1 expired OTPs
2025-10-23 14:41:10 [INFO] APPLICATION: [LicenseScheduler] OTP cleanup completed successfully
2025-10-23 14:41:10 [INFO] APPLICATION: [LicenseScheduler] Starting OTP cleanup
2025-10-23 14:41:10 [INFO] APPLICATION: [OTPDAO] Deleted 0 expired OTPs
2025-10-23 14:41:10 [INFO] APPLICATION: [LicenseScheduler] OTP cleanup completed successfully
2025-10-23 14:41:10 [INFO] APPLICATION: [LicenseScheduler] Starting OTP cleanup
2025-10-23 14:41:11 [INFO] APPLICATION: [OTPDAO] Deleted 0 expired OTPs
2025-10-23 14:41:11 [INFO] APPLICATION: [LicenseScheduler] OTP cleanup completed successfully
2025-10-23 14:41:11 [INFO] APPLICATION: [LicenseScheduler] Starting OTP cleanup
2025-10-23 14:41:11 [INFO] APPLICATION: [LicenseDAO] License updated successfully with ID: 18
2025-10-23 14:41:11 [INFO] APPLICATION: [LicenseService] Daily license check completed. Remaining days: 24, Status: ACTIVE
2025-10-23 14:41:11 [INFO] APPLICATION: [OTPDAO] Deleted 0 expired OTPs
2025-10-23 14:41:11 [INFO] APPLICATION: [LicenseScheduler] OTP cleanup completed successfully
2025-10-23 14:41:11 [INFO] APPLICATION: [LicenseScheduler] Starting OTP cleanup
2025-10-23 14:41:11 [INFO] APPLICATION: [LicenseScheduler] Daily license check completed successfully. Status: ACTIVE, Valid: true, Remaining Days: 24
2025-10-23 14:41:11 [INFO] APPLICATION: [LicenseScheduler] Starting daily license check
2025-10-23 14:41:11 [INFO] APPLICATION: [OTPDAO] Deleted 0 expired OTPs
2025-10-23 14:41:11 [INFO] APPLICATION: [LicenseScheduler] OTP cleanup completed successfully
2025-10-23 14:41:11 [INFO] APPLICATION: [LicenseScheduler] Starting OTP cleanup
2025-10-23 14:41:11 [INFO] APPLICATION: [OTPDAO] Deleted 0 expired OTPs
2025-10-23 14:41:11 [INFO] APPLICATION: [LicenseScheduler] OTP cleanup completed successfully
2025-10-23 14:41:11 [INFO] APPLICATION: [LicenseScheduler] Starting OTP cleanup
2025-10-23 14:41:11 [INFO] APPLICATION: [OTPDAO] Deleted 0 expired OTPs
2025-10-23 14:41:11 [INFO] APPLICATION: [LicenseScheduler] OTP cleanup completed successfully
2025-10-23 14:41:11 [INFO] APPLICATION: [LicenseScheduler] Starting OTP cleanup
2025-10-23 14:41:11 [INFO] APPLICATION: [OTPDAO] Deleted 0 expired OTPs
2025-10-23 14:41:11 [INFO] APPLICATION: [LicenseDAO] License updated successfully with ID: 18
2025-10-23 14:41:11 [INFO] APPLICATION: [LicenseScheduler] OTP cleanup completed successfully
2025-10-23 14:41:11 [INFO] APPLICATION: [LicenseService] Daily license check completed. Remaining days: 24, Status: ACTIVE
2025-10-23 14:41:11 [INFO] APPLICATION: [LicenseScheduler] Starting OTP cleanup
2025-10-23 14:41:11 [INFO] APPLICATION: [OTPDAO] Deleted 0 expired OTPs
2025-10-23 14:41:11 [INFO] APPLICATION: [LicenseScheduler] OTP cleanup completed successfully
2025-10-23 14:41:11 [INFO] APPLICATION: [LicenseScheduler] Starting OTP cleanup
2025-10-23 14:41:11 [INFO] APPLICATION: [LicenseScheduler] Daily license check completed successfully. Status: ACTIVE, Valid: true, Remaining Days: 24
2025-10-23 14:41:11 [INFO] APPLICATION: [LicenseScheduler] Starting daily license check
2025-10-23 14:41:11 [INFO] APPLICATION: [OTPDAO] Deleted 0 expired OTPs
2025-10-23 14:41:11 [INFO] APPLICATION: [LicenseScheduler] OTP cleanup completed successfully
2025-10-23 14:41:11 [INFO] APPLICATION: [LicenseScheduler] Starting OTP cleanup
2025-10-23 14:41:11 [INFO] APPLICATION: [OTPDAO] Deleted 0 expired OTPs
2025-10-23 14:41:11 [INFO] APPLICATION: [LicenseScheduler] OTP cleanup completed successfully
2025-10-23 14:41:11 [INFO] APPLICATION: [LicenseScheduler] Starting OTP cleanup
2025-10-23 14:41:12 [INFO] APPLICATION: [OTPDAO] Deleted 0 expired OTPs
2025-10-23 14:41:12 [INFO] APPLICATION: [LicenseScheduler] OTP cleanup completed successfully
2025-10-23 14:41:12 [INFO] APPLICATION: [LicenseScheduler] Starting OTP cleanup
2025-10-23 14:41:12 [INFO] APPLICATION: [LicenseDAO] License updated successfully with ID: 18
2025-10-23 14:41:12 [INFO] APPLICATION: [LicenseService] Daily license check completed. Remaining days: 24, Status: ACTIVE
2025-10-23 14:41:12 [INFO] APPLICATION: [OTPDAO] Deleted 0 expired OTPs
2025-10-23 14:41:12 [INFO] APPLICATION: [LicenseScheduler] OTP cleanup completed successfully
2025-10-23 14:41:12 [INFO] APPLICATION: [LicenseScheduler] Starting OTP cleanup
2025-10-23 14:41:12 [INFO] APPLICATION: [LicenseScheduler] Daily license check completed successfully. Status: ACTIVE, Valid: true, Remaining Days: 24
2025-10-23 14:41:12 [INFO] APPLICATION: [OTPDAO] Deleted 0 expired OTPs
2025-10-23 14:41:12 [INFO] APPLICATION: [LicenseScheduler] OTP cleanup completed successfully
2025-10-23 14:41:12 [INFO] APPLICATION: [LicenseScheduler] Starting OTP cleanup
2025-10-23 14:41:12 [INFO] APPLICATION: [OTPDAO] Deleted 0 expired OTPs
2025-10-23 14:41:12 [INFO] APPLICATION: [LicenseScheduler] OTP cleanup completed successfully
2025-10-23 14:41:12 [INFO] APPLICATION: [LicenseScheduler] Starting OTP cleanup
2025-10-23 14:41:12 [INFO] APPLICATION: [OTPDAO] Deleted 0 expired OTPs
2025-10-23 14:41:12 [INFO] APPLICATION: [LicenseScheduler] OTP cleanup completed successfully
2025-10-23 14:41:12 [INFO] APPLICATION: [LicenseScheduler] Starting OTP cleanup
2025-10-23 14:41:12 [INFO] APPLICATION: [OTPDAO] Deleted 0 expired OTPs
2025-10-23 14:41:12 [INFO] APPLICATION: [LicenseScheduler] OTP cleanup completed successfully
2025-10-23 14:41:12 [INFO] APPLICATION: [LicenseScheduler] Starting OTP cleanup
2025-10-23 14:41:12 [INFO] APPLICATION: [OTPDAO] Deleted 0 expired OTPs
2025-10-23 14:41:12 [INFO] APPLICATION: [LicenseScheduler] OTP cleanup completed successfully
2025-10-23 14:41:12 [INFO] APPLICATION: [LicenseScheduler] Starting OTP cleanup
2025-10-23 14:41:12 [INFO] APPLICATION: [OTPDAO] Deleted 0 expired OTPs
2025-10-23 14:41:12 [INFO] APPLICATION: [LicenseScheduler] OTP cleanup completed successfully
2025-10-23 14:41:12 [INFO] APPLICATION: [LicenseScheduler] Starting OTP cleanup
2025-10-23 14:41:12 [INFO] APPLICATION: [OTPDAO] Deleted 0 expired OTPs
2025-10-23 14:41:12 [INFO] APPLICATION: [LicenseScheduler] OTP cleanup completed successfully
2025-10-23 14:41:12 [INFO] APPLICATION: [LicenseScheduler] Starting OTP cleanup
2025-10-23 14:41:12 [INFO] APPLICATION: [OTPDAO] Deleted 0 expired OTPs
2025-10-23 14:41:12 [INFO] APPLICATION: [LicenseScheduler] OTP cleanup completed successfully
2025-10-23 14:41:12 [INFO] APPLICATION: [LicenseScheduler] Starting OTP cleanup
2025-10-23 14:41:12 [INFO] APPLICATION: [OTPDAO] Deleted 0 expired OTPs
2025-10-23 14:41:12 [INFO] APPLICATION: [LicenseScheduler] OTP cleanup completed successfully
2025-10-23 14:41:12 [INFO] APPLICATION: [LicenseScheduler] Starting OTP cleanup
2025-10-23 14:41:12 [INFO] APPLICATION: [OTPDAO] Deleted 0 expired OTPs
2025-10-23 14:41:12 [INFO] APPLICATION: [LicenseScheduler] OTP cleanup completed successfully
2025-10-23 14:41:12 [INFO] APPLICATION: [LicenseScheduler] Starting OTP cleanup
2025-10-23 14:41:13 [INFO] APPLICATION: [OTPDAO] Deleted 0 expired OTPs
2025-10-23 14:41:13 [INFO] APPLICATION: [LicenseScheduler] OTP cleanup completed successfully
2025-10-23 14:41:13 [INFO] APPLICATION: [LicenseScheduler] Starting OTP cleanup
2025-10-23 14:41:13 [INFO] APPLICATION: [OTPDAO] Deleted 0 expired OTPs
2025-10-23 14:41:13 [INFO] APPLICATION: [LicenseScheduler] OTP cleanup completed successfully
2025-10-23 14:41:13 [INFO] APPLICATION: [LicenseScheduler] Starting OTP cleanup
2025-10-23 14:41:13 [INFO] APPLICATION: [OTPDAO] Deleted 0 expired OTPs
2025-10-23 14:41:13 [INFO] APPLICATION: [LicenseScheduler] OTP cleanup completed successfully
2025-10-23 14:41:13 [INFO] APPLICATION: [LicenseScheduler] Starting OTP cleanup
2025-10-23 14:41:13 [INFO] APPLICATION: [OTPDAO] Deleted 0 expired OTPs
2025-10-23 14:41:13 [INFO] APPLICATION: [LicenseScheduler] OTP cleanup completed successfully
2025-10-23 14:41:13 [INFO] APPLICATION: [LicenseScheduler] Starting OTP cleanup
2025-10-23 14:41:13 [INFO] APPLICATION: [OTPDAO] Deleted 0 expired OTPs
2025-10-23 14:41:13 [INFO] APPLICATION: [LicenseScheduler] OTP cleanup completed successfully
2025-10-23 14:41:13 [INFO] APPLICATION: [LicenseScheduler] Starting OTP cleanup
2025-10-23 14:41:13 [INFO] APPLICATION: [OTPDAO] Deleted 0 expired OTPs
2025-10-23 14:41:13 [INFO] APPLICATION: [LicenseScheduler] OTP cleanup completed successfully
2025-10-23 14:41:13 [INFO] APPLICATION: [LicenseScheduler] Starting OTP cleanup
2025-10-23 14:41:13 [INFO] APPLICATION: [OTPDAO] Deleted 0 expired OTPs
2025-10-23 14:41:13 [INFO] APPLICATION: [LicenseScheduler] OTP cleanup completed successfully
2025-10-23 14:41:13 [INFO] APPLICATION: [LicenseScheduler] Starting OTP cleanup
2025-10-23 14:41:13 [INFO] APPLICATION: [OTPDAO] Deleted 0 expired OTPs
2025-10-23 14:41:13 [INFO] APPLICATION: [LicenseScheduler] OTP cleanup completed successfully
2025-10-23 14:41:13 [INFO] APPLICATION: [LicenseScheduler] Starting OTP cleanup
2025-10-23 14:41:13 [INFO] APPLICATION: [OTPDAO] Deleted 0 expired OTPs
2025-10-23 14:41:13 [INFO] APPLICATION: [LicenseScheduler] OTP cleanup completed successfully
2025-10-23 14:41:13 [INFO] APPLICATION: [LicenseScheduler] Starting OTP cleanup
2025-10-23 14:41:13 [INFO] APPLICATION: [OTPDAO] Deleted 0 expired OTPs
2025-10-23 14:41:13 [INFO] APPLICATION: [LicenseScheduler] OTP cleanup completed successfully
2025-10-23 14:41:13 [INFO] APPLICATION: [LicenseScheduler] Starting OTP cleanup
2025-10-23 14:41:13 [INFO] APPLICATION: [OTPDAO] Deleted 0 expired OTPs
2025-10-23 14:41:13 [INFO] APPLICATION: [LicenseScheduler] OTP cleanup completed successfully
2025-10-23 14:41:13 [INFO] APPLICATION: [LicenseScheduler] Starting OTP cleanup
2025-10-23 14:41:13 [INFO] APPLICATION: [OTPDAO] Deleted 0 expired OTPs
2025-10-23 14:41:13 [INFO] APPLICATION: [LicenseScheduler] OTP cleanup completed successfully
2025-10-23 14:41:13 [INFO] APPLICATION: [LicenseScheduler] Starting OTP cleanup
2025-10-23 14:41:13 [INFO] APPLICATION: [OTPDAO] Deleted 0 expired OTPs
2025-10-23 14:41:13 [INFO] APPLICATION: [LicenseScheduler] OTP cleanup completed successfully
2025-10-23 14:41:13 [INFO] APPLICATION: [LicenseScheduler] Starting OTP cleanup
2025-10-23 14:41:13 [INFO] APPLICATION: [OTPDAO] Deleted 0 expired OTPs
2025-10-23 14:41:13 [INFO] APPLICATION: [LicenseScheduler] OTP cleanup completed successfully
2025-10-23 14:41:13 [INFO] APPLICATION: [LicenseScheduler] Starting OTP cleanup
2025-10-23 14:41:14 [INFO] APPLICATION: [OTPDAO] Deleted 0 expired OTPs
2025-10-23 14:41:14 [INFO] APPLICATION: [LicenseScheduler] OTP cleanup completed successfully
2025-10-23 14:41:14 [INFO] APPLICATION: [LicenseScheduler] Starting OTP cleanup
2025-10-23 14:41:14 [INFO] APPLICATION: [OTPDAO] Deleted 0 expired OTPs
2025-10-23 14:41:14 [INFO] APPLICATION: [LicenseScheduler] OTP cleanup completed successfully
2025-10-23 14:41:14 [INFO] APPLICATION: [LicenseScheduler] Starting OTP cleanup
2025-10-23 14:41:14 [INFO] APPLICATION: [OTPDAO] Deleted 0 expired OTPs
2025-10-23 14:41:14 [INFO] APPLICATION: [LicenseScheduler] OTP cleanup completed successfully
2025-10-23 14:41:14 [INFO] APPLICATION: [LicenseScheduler] Starting OTP cleanup
2025-10-23 14:41:14 [INFO] APPLICATION: [OTPDAO] Deleted 0 expired OTPs
2025-10-23 14:41:14 [INFO] APPLICATION: [LicenseScheduler] OTP cleanup completed successfully
2025-10-23 14:41:14 [INFO] APPLICATION: [LicenseScheduler] Starting OTP cleanup
2025-10-23 14:41:14 [INFO] APPLICATION: [OTPDAO] Deleted 0 expired OTPs
2025-10-23 14:41:14 [INFO] APPLICATION: [LicenseScheduler] OTP cleanup completed successfully
2025-10-23 14:41:14 [INFO] APPLICATION: [LicenseScheduler] Starting OTP cleanup
2025-10-23 14:41:14 [INFO] APPLICATION: [OTPDAO] Deleted 0 expired OTPs
2025-10-23 14:41:14 [INFO] APPLICATION: [LicenseScheduler] OTP cleanup completed successfully
2025-10-23 14:41:14 [INFO] APPLICATION: [LicenseScheduler] Starting OTP cleanup
2025-10-23 14:41:14 [INFO] APPLICATION: [OTPDAO] Deleted 0 expired OTPs
2025-10-23 14:41:14 [INFO] APPLICATION: [LicenseScheduler] OTP cleanup completed successfully
2025-10-23 14:41:14 [INFO] APPLICATION: [LicenseScheduler] Starting OTP cleanup
2025-10-23 14:41:14 [INFO] APPLICATION: [OTPDAO] Deleted 0 expired OTPs
2025-10-23 14:41:14 [INFO] APPLICATION: [LicenseScheduler] OTP cleanup completed successfully
2025-10-23 14:41:14 [INFO] APPLICATION: [LicenseScheduler] Starting OTP cleanup
2025-10-23 14:41:14 [INFO] APPLICATION: [OTPDAO] Deleted 0 expired OTPs
2025-10-23 14:41:14 [INFO] APPLICATION: [LicenseScheduler] OTP cleanup completed successfully
2025-10-23 14:41:14 [INFO] APPLICATION: [LicenseScheduler] Starting OTP cleanup
2025-10-23 14:41:14 [INFO] APPLICATION: [OTPDAO] Deleted 0 expired OTPs
2025-10-23 14:41:14 [INFO] APPLICATION: [LicenseScheduler] OTP cleanup completed successfully
2025-10-23 14:41:14 [INFO] APPLICATION: [LicenseScheduler] Starting OTP cleanup
2025-10-23 14:41:14 [INFO] APPLICATION: [OTPDAO] Deleted 0 expired OTPs
2025-10-23 14:41:14 [INFO] APPLICATION: [LicenseScheduler] OTP cleanup completed successfully
2025-10-23 14:41:14 [INFO] APPLICATION: [LicenseScheduler] Starting OTP cleanup
2025-10-23 14:41:14 [INFO] APPLICATION: [OTPDAO] Deleted 0 expired OTPs
2025-10-23 14:41:14 [INFO] APPLICATION: [LicenseScheduler] OTP cleanup completed successfully
2025-10-23 14:41:14 [INFO] APPLICATION: [LicenseScheduler] Starting OTP cleanup
2025-10-23 14:41:14 [INFO] APPLICATION: [OTPDAO] Deleted 0 expired OTPs
2025-10-23 14:41:14 [INFO] APPLICATION: [LicenseScheduler] OTP cleanup completed successfully
2025-10-23 14:41:14 [INFO] APPLICATION: [LicenseScheduler] Starting OTP cleanup
2025-10-23 14:41:14 [INFO] APPLICATION: [OTPDAO] Deleted 0 expired OTPs
2025-10-23 14:41:14 [INFO] APPLICATION: [LicenseScheduler] OTP cleanup completed successfully
2025-10-23 14:41:14 [INFO] APPLICATION: [LicenseScheduler] Starting OTP cleanup
2025-10-23 14:41:14 [INFO] APPLICATION: [OTPDAO] Deleted 0 expired OTPs
2025-10-23 14:41:14 [INFO] APPLICATION: [LicenseScheduler] OTP cleanup completed successfully
2025-10-23 14:41:14 [INFO] APPLICATION: [LicenseScheduler] Starting OTP cleanup
2025-10-23 14:41:15 [INFO] APPLICATION: [OTPDAO] Deleted 0 expired OTPs
2025-10-23 14:41:15 [INFO] APPLICATION: [LicenseScheduler] OTP cleanup completed successfully
2025-10-23 14:41:15 [INFO] APPLICATION: [LicenseScheduler] Starting OTP cleanup
2025-10-23 14:41:15 [INFO] APPLICATION: [OTPDAO] Deleted 0 expired OTPs
2025-10-23 14:41:15 [INFO] APPLICATION: [LicenseScheduler] OTP cleanup completed successfully
2025-10-23 14:41:15 [INFO] APPLICATION: [LicenseScheduler] Starting OTP cleanup
2025-10-23 14:41:15 [INFO] APPLICATION: [OTPDAO] Deleted 0 expired OTPs
2025-10-23 14:41:15 [INFO] APPLICATION: [LicenseScheduler] OTP cleanup completed successfully
2025-10-23 14:41:15 [INFO] APPLICATION: [LicenseScheduler] Starting OTP cleanup
2025-10-23 14:41:15 [INFO] APPLICATION: [OTPDAO] Deleted 0 expired OTPs
2025-10-23 14:41:15 [INFO] APPLICATION: [LicenseScheduler] OTP cleanup completed successfully
2025-10-23 14:41:15 [INFO] APPLICATION: [LicenseScheduler] Starting OTP cleanup
2025-10-23 14:41:15 [INFO] APPLICATION: [OTPDAO] Deleted 0 expired OTPs
2025-10-23 14:41:15 [INFO] APPLICATION: [LicenseScheduler] OTP cleanup completed successfully
2025-10-23 14:41:15 [INFO] APPLICATION: [LicenseScheduler] Starting OTP cleanup
2025-10-23 14:41:15 [INFO] APPLICATION: [OTPDAO] Deleted 0 expired OTPs
2025-10-23 14:41:15 [INFO] APPLICATION: [LicenseScheduler] OTP cleanup completed successfully
2025-10-23 14:41:15 [INFO] APPLICATION: [LicenseScheduler] Starting OTP cleanup
2025-10-23 14:41:15 [INFO] APPLICATION: [OTPDAO] Deleted 0 expired OTPs
2025-10-23 14:41:15 [INFO] APPLICATION: [LicenseScheduler] OTP cleanup completed successfully
2025-10-23 14:41:15 [INFO] APPLICATION: [LicenseScheduler] Starting OTP cleanup
2025-10-23 14:41:15 [INFO] APPLICATION: [OTPDAO] Deleted 0 expired OTPs
2025-10-23 14:41:15 [INFO] APPLICATION: [LicenseScheduler] OTP cleanup completed successfully
2025-10-23 14:41:15 [INFO] APPLICATION: [LicenseScheduler] Starting OTP cleanup
2025-10-23 14:41:15 [INFO] APPLICATION: [OTPDAO] Deleted 0 expired OTPs
2025-10-23 14:41:15 [INFO] APPLICATION: [LicenseScheduler] OTP cleanup completed successfully
2025-10-23 14:41:15 [INFO] APPLICATION: [LicenseScheduler] Starting OTP cleanup
2025-10-23 14:41:15 [INFO] APPLICATION: [OTPDAO] Deleted 0 expired OTPs
2025-10-23 14:41:15 [INFO] APPLICATION: [LicenseScheduler] OTP cleanup completed successfully
2025-10-23 14:41:15 [INFO] APPLICATION: [LicenseScheduler] Starting OTP cleanup
2025-10-23 14:41:15 [INFO] APPLICATION: [OTPDAO] Deleted 0 expired OTPs
2025-10-23 14:41:15 [INFO] APPLICATION: [LicenseScheduler] OTP cleanup completed successfully
2025-10-23 14:52:19 [INFO] APPLICATION: [OTPDAO] OTP created successfully with ID: 30
2025-10-23 14:52:36 [INFO] APPLICATION: [UserOTPService] Password reset OTP email sent successfully for user: myadmin
2025-10-23 14:54:16 [INFO] APPLICATION: [UserServlet] doGet called for path: /28
2025-10-23 14:54:16 [INFO] APPLICATION: [UserServlet] Attributes - userId: 28, username: myadmin, role: ADMIN
2025-10-23 14:54:16 [INFO] APPLICATION: [UserServlet] User 28 retrieved by: myadmin
2025-10-23 14:54:58 [INFO] APPLICATION: [UserServlet] doGet called for path: null
2025-10-23 14:54:58 [INFO] APPLICATION: [UserServlet] Attributes - userId: 28, username: myadmin, role: ADMIN
2025-10-23 14:54:58 [INFO] APPLICATION: [UserServlet] All users retrieved by: myadmin
2025-10-23 14:54:59 [INFO] APPLICATION: [UserServlet] doGet called for path: null
2025-10-23 14:54:59 [INFO] APPLICATION: [UserServlet] Attributes - userId: 28, username: myadmin, role: ADMIN
2025-10-23 14:54:59 [INFO] APPLICATION: [UserServlet] All users retrieved by: myadmin
2025-10-23 14:55:07 [INFO] APPLICATION: [AttendanceServlet] Retrieved attendance for date: 2025-10-23
2025-10-23 14:55:12 [INFO] APPLICATION: [UserServlet] doGet called for path: null
2025-10-23 14:55:12 [INFO] APPLICATION: [UserServlet] Attributes - userId: 28, username: myadmin, role: ADMIN
2025-10-23 14:55:12 [INFO] APPLICATION: [UserServlet] All users retrieved by: myadmin
2025-10-23 14:55:13 [INFO] APPLICATION: [UserServlet] doGet called for path: null
2025-10-23 14:55:13 [INFO] APPLICATION: [UserServlet] Attributes - userId: 28, username: myadmin, role: ADMIN
2025-10-23 14:55:14 [INFO] APPLICATION: [UserServlet] All users retrieved by: myadmin
2025-10-23 14:55:34 [INFO] APPLICATION: [AttendanceServlet] Retrieved attendance for date: 2025-10-23
2025-10-23 14:56:16 [INFO] APPLICATION: [OTPDAO] OTP created successfully with ID: 31
2025-10-23 14:56:28 [INFO] APPLICATION: [UserOTPService] Password reset OTP email sent successfully for user: myadmin
2025-10-23 14:57:08 [INFO] APPLICATION: [OTPDAO] OTP created successfully with ID: 32
2025-10-23 14:57:14 [INFO] APPLICATION: [AttendanceServlet] Retrieved attendance for date: 2025-10-23
2025-10-23 14:57:27 [INFO] APPLICATION: [PasswordRecoveryService] Password recovery OTP email sent successfully for user: developer
2025-10-23 14:58:16 [INFO] APPLICATION: [OTPDAO] OTP created successfully with ID: 33
2025-10-23 14:58:18 [INFO] APPLICATION: [LicenseScheduler] Starting OTP cleanup
2025-10-23 14:58:18 [INFO] APPLICATION: [OTPDAO] Deleted 0 expired OTPs
2025-10-23 14:58:18 [INFO] APPLICATION: [LicenseScheduler] OTP cleanup completed successfully
2025-10-23 14:58:27 [INFO] APPLICATION: [OTPDAO] OTP marked as used with ID: 32
2025-10-23 14:58:32 [INFO] APPLICATION: [UserOTPService] Password reset OTP email sent successfully for user: myadmin
2025-10-23 14:58:51 [INFO] APPLICATION: [UserServlet] doGet called for path: null
2025-10-23 14:58:51 [INFO] APPLICATION: [UserServlet] Attributes - userId: 28, username: myadmin, role: ADMIN
2025-10-23 14:58:51 [INFO] APPLICATION: [UserServlet] All users retrieved by: myadmin
2025-10-23 14:58:52 [INFO] APPLICATION: [UserServlet] doGet called for path: null
2025-10-23 14:58:52 [INFO] APPLICATION: [UserServlet] Attributes - userId: 28, username: myadmin, role: ADMIN
2025-10-23 14:58:53 [INFO] APPLICATION: [UserServlet] All users retrieved by: myadmin
2025-10-23 14:59:04 [INFO] APPLICATION: [AttendanceServlet] Retrieved attendance for date: 2025-10-23
2025-10-23 14:59:08 [INFO] APPLICATION: [UserServlet] doGet called for path: null
2025-10-23 14:59:08 [INFO] APPLICATION: [UserServlet] Attributes - userId: 28, username: myadmin, role: ADMIN
2025-10-23 14:59:09 [INFO] APPLICATION: [UserServlet] All users retrieved by: myadmin
2025-10-23 14:59:10 [INFO] APPLICATION: [UserServlet] doGet called for path: null
2025-10-23 14:59:10 [INFO] APPLICATION: [UserServlet] Attributes - userId: 28, username: myadmin, role: ADMIN
2025-10-23 14:59:10 [INFO] APPLICATION: [UserServlet] All users retrieved by: myadmin
2025-10-23 15:16:16 [INFO] APPLICATION: [AttendanceServlet] Retrieved attendance for date: 2025-10-23
2025-10-23 15:16:27 [INFO] APPLICATION: [AttendanceServlet] Retrieved attendance for date: 2025-10-23
2025-10-23 15:16:32 [INFO] APPLICATION: [UserServlet] doGet called for path: null
2025-10-23 15:16:32 [INFO] APPLICATION: [UserServlet] Attributes - userId: 28, username: myadmin, role: ADMIN
2025-10-23 15:16:32 [INFO] APPLICATION: [UserServlet] All users retrieved by: myadmin
2025-10-23 15:16:33 [INFO] APPLICATION: [UserServlet] doGet called for path: null
2025-10-23 15:16:33 [INFO] APPLICATION: [UserServlet] Attributes - userId: 28, username: myadmin, role: ADMIN
2025-10-23 15:16:33 [INFO] APPLICATION: [UserServlet] All users retrieved by: myadmin
2025-10-23 15:18:13 [INFO] APPLICATION: [AttendanceServlet] Retrieved attendance for date: 2025-10-23
2025-10-23 15:18:16 [INFO] APPLICATION: [UserServlet] doGet called for path: null
2025-10-23 15:18:16 [INFO] APPLICATION: [UserServlet] Attributes - userId: 28, username: myadmin, role: ADMIN
2025-10-23 15:18:16 [INFO] APPLICATION: [UserServlet] All users retrieved by: myadmin
2025-10-23 15:18:17 [INFO] APPLICATION: [UserServlet] doGet called for path: null
2025-10-23 15:18:17 [INFO] APPLICATION: [UserServlet] Attributes - userId: 28, username: myadmin, role: ADMIN
2025-10-23 15:18:17 [INFO] APPLICATION: [UserServlet] All users retrieved by: myadmin
2025-10-23 15:20:32 [INFO] APPLICATION: [AttendanceServlet] Retrieved attendance for date: 2025-10-23
2025-10-23 15:20:34 [INFO] APPLICATION: [UserServlet] doGet called for path: null
2025-10-23 15:20:34 [INFO] APPLICATION: [UserServlet] Attributes - userId: 28, username: myadmin, role: ADMIN
2025-10-23 15:20:34 [INFO] APPLICATION: [UserServlet] All users retrieved by: myadmin
2025-10-23 15:20:35 [INFO] APPLICATION: [UserServlet] doGet called for path: null
2025-10-23 15:20:35 [INFO] APPLICATION: [UserServlet] Attributes - userId: 28, username: myadmin, role: ADMIN
2025-10-23 15:20:35 [INFO] APPLICATION: [UserServlet] All users retrieved by: myadmin
2025-10-23 15:21:24 [INFO] APPLICATION: [AttendanceServlet] Retrieved attendance for date: 2025-10-23
2025-10-23 15:21:26 [INFO] APPLICATION: [UserServlet] doGet called for path: null
2025-10-23 15:21:26 [INFO] APPLICATION: [UserServlet] Attributes - userId: 28, username: myadmin, role: ADMIN
2025-10-23 15:21:26 [INFO] APPLICATION: [UserServlet] All users retrieved by: myadmin
2025-10-23 15:21:28 [INFO] APPLICATION: [UserServlet] doGet called for path: null
2025-10-23 15:21:28 [INFO] APPLICATION: [UserServlet] Attributes - userId: 28, username: myadmin, role: ADMIN
2025-10-23 15:21:28 [INFO] APPLICATION: [UserServlet] All users retrieved by: myadmin
2025-10-23 15:22:07 [INFO] APPLICATION: [AttendanceServlet] Retrieved attendance for date: 2025-10-23
2025-10-23 15:22:12 [INFO] APPLICATION: [UserServlet] doGet called for path: null
2025-10-23 15:22:12 [INFO] APPLICATION: [UserServlet] Attributes - userId: 29, username: developer, role: DEVELOPER
2025-10-23 15:22:12 [INFO] APPLICATION: [UserServlet] All users retrieved by: developer
2025-10-23 15:22:14 [INFO] APPLICATION: [UserServlet] doGet called for path: null
2025-10-23 15:22:14 [INFO] APPLICATION: [UserServlet] Attributes - userId: 29, username: developer, role: DEVELOPER
2025-10-23 15:22:14 [INFO] APPLICATION: [UserServlet] All users retrieved by: developer
2025-10-23 15:26:00 [INFO] APPLICATION: [UserServlet] doGet called for path: null
2025-10-23 15:26:00 [INFO] APPLICATION: [UserServlet] Attributes - userId: 29, username: developer, role: DEVELOPER
2025-10-23 15:26:00 [INFO] APPLICATION: [UserServlet] All users retrieved by: developer
2025-10-23 15:26:13 [INFO] APPLICATION: [AttendanceServlet] Retrieved attendance for date: 2025-10-23
2025-10-23 15:26:18 [INFO] APPLICATION: [UserServlet] doGet called for path: null
2025-10-23 15:26:18 [INFO] APPLICATION: [UserServlet] Attributes - userId: 29, username: developer, role: DEVELOPER
2025-10-23 15:26:19 [INFO] APPLICATION: [UserServlet] All users retrieved by: developer
2025-10-23 15:26:19 [INFO] APPLICATION: [UserServlet] doGet called for path: null
2025-10-23 15:26:19 [INFO] APPLICATION: [UserServlet] Attributes - userId: 29, username: developer, role: DEVELOPER
2025-10-23 15:26:20 [INFO] APPLICATION: [UserServlet] All users retrieved by: developer
2025-10-23 15:41:50 [INFO] APPLICATION: [AttendanceServlet] Retrieved attendance for date: 2025-10-23
2025-10-23 15:58:18 [INFO] APPLICATION: [LicenseScheduler] Starting OTP cleanup
2025-10-23 15:58:18 [INFO] APPLICATION: [OTPDAO] Deleted 4 expired OTPs
2025-10-23 15:58:18 [INFO] APPLICATION: [OTPService] Cleaned up 4 expired OTPs
2025-10-23 15:58:18 [INFO] APPLICATION: [LicenseScheduler] OTP cleanup completed successfully
2025-10-23 16:15:59 [INFO] APPLICATION: [MainApp] Server shutdown initiated
2025-10-23 16:15:59 [INFO] APPLICATION: [LicenseScheduler] License scheduler stopped successfully
2025-10-23 16:15:59 [INFO] APPLICATION: [MainApp] License scheduler stopped
2025-10-23 16:15:59 [INFO] APPLICATION: [LoggerUtil] LoggerUtil shutdown completed
2025-10-23 16:16:39 [INFO] APPLICATION: [LoggerUtil] Logging system initialized successfully with log rotation
2025-10-23 16:16:39 [INFO] APPLICATION: [MainApp] Starting School Management System...
2025-10-23 16:16:40 [INFO] APPLICATION: [MainApp] Database connection successful!
2025-10-23 16:16:40 [INFO] APPLICATION: DB_OPERATION: CONNECTION_TEST | TABLE: ALL | DETAILS: Database connectivity verified
2025-10-23 16:16:40 [INFO] APPLICATION: [MainApp] License validation successful. License expires on: 2025-11-16
2025-10-23 16:16:40 [INFO] APPLICATION: [MainApp] Database connection successful!
2025-10-23 16:16:40 [INFO] APPLICATION: DB_OPERATION: CONNECTION_TEST | TABLE: ALL | DETAILS: Database connectivity verified
2025-10-23 16:16:41 [INFO] APPLICATION: [LicenseScheduler] Starting OTP cleanup
2025-10-23 16:16:41 [INFO] APPLICATION: [LicenseScheduler] License scheduler started. Daily check will run in 27798 seconds
2025-10-23 16:16:41 [INFO] APPLICATION: [MainApp] License scheduler started successfully
2025-10-23 16:16:41 [INFO] APPLICATION: [AttendanceScheduler] Starting attendance scheduler...
2025-10-23 16:16:41 [INFO] APPLICATION: [AttendanceScheduler] Attendance scheduler started. Next run in 78 seconds at 12:00 PM
2025-10-23 16:16:41 [INFO] APPLICATION: [MainApp] Attendance scheduler started successfully - daily attendance updates at 12:00 PM
2025-10-23 16:16:41 [INFO] APPLICATION: [MainApp] Backend API Server started on port 8081
2025-10-23 16:16:41 [INFO] APPLICATION: [MainApp] API Base URL: http://localhost:8081/api
2025-10-23 16:16:41 [INFO] APPLICATION: [MainApp] Server endpoints registered successfully
2025-10-23 16:16:41 [INFO] APPLICATION: [MainApp] Log rotation is active - logs will be automatically rotated when they exceed 10MB
2025-10-23 16:16:41 [INFO] APPLICATION: [OTPDAO] Deleted 0 expired OTPs
2025-10-23 16:16:41 [INFO] APPLICATION: [LicenseScheduler] OTP cleanup completed successfully
2025-10-23 16:18:42 [INFO] APPLICATION: [UserServlet] doGet called for path: /28
2025-10-23 16:18:42 [INFO] APPLICATION: [UserServlet] Attributes - userId: 28, username: myadmin, role: ADMIN
2025-10-23 16:18:42 [INFO] APPLICATION: [UserServlet] User 28 retrieved by: myadmin
2025-10-23 16:35:57 [INFO] APPLICATION: [AttendanceServlet] Retrieved attendance for date: 2025-10-23
2025-10-23 16:36:04 [INFO] APPLICATION: [StudentServlet] Fetching all students from IP: [0:0:0:0:0:0:0:1]
2025-10-23 16:36:05 [INFO] APPLICATION: [UserServlet] doGet called for path: null
2025-10-23 16:36:05 [INFO] APPLICATION: [UserServlet] Attributes - userId: 29, username: developer, role: DEVELOPER
2025-10-23 16:36:05 [INFO] APPLICATION: [UserServlet] All users retrieved by: developer
2025-10-23 16:54:26 [INFO] APPLICATION: [LoggerUtil] Logging system initialized successfully with log rotation
2025-10-23 16:54:26 [INFO] APPLICATION: [MainApp] Starting School Management System...
2025-10-23 16:54:27 [INFO] APPLICATION: [MainApp] Database connection successful!
2025-10-23 16:54:27 [INFO] APPLICATION: DB_OPERATION: CONNECTION_TEST | TABLE: ALL | DETAILS: Database connectivity verified
2025-10-23 16:54:27 [INFO] APPLICATION: [MainApp] License validation successful. License expires on: 2025-11-16
2025-10-23 16:54:28 [INFO] APPLICATION: [MainApp] Database connection successful!
2025-10-23 16:54:28 [INFO] APPLICATION: DB_OPERATION: CONNECTION_TEST | TABLE: ALL | DETAILS: Database connectivity verified
2025-10-23 16:54:28 [INFO] APPLICATION: [LicenseScheduler] Starting OTP cleanup
2025-10-23 16:54:28 [INFO] APPLICATION: [LicenseScheduler] License scheduler started. Daily check will run in 25531 seconds
2025-10-23 16:54:28 [INFO] APPLICATION: [MainApp] License scheduler started successfully
2025-10-23 16:54:28 [INFO] APPLICATION: [AttendanceScheduler] Starting attendance scheduler...
2025-10-23 16:54:28 [INFO] APPLICATION: [AttendanceScheduler] Attendance scheduler started. Next run in 331 seconds at 4:30 PM
2025-10-23 16:54:28 [INFO] APPLICATION: [MainApp] Attendance scheduler started successfully - daily attendance updates at 12:00 PM
2025-10-23 16:54:28 [INFO] APPLICATION: [MainApp] Backend API Server started on port 8081
2025-10-23 16:54:28 [INFO] APPLICATION: [MainApp] API Base URL: http://localhost:8081/api
2025-10-23 16:54:28 [INFO] APPLICATION: [MainApp] Server endpoints registered successfully
2025-10-23 16:54:28 [INFO] APPLICATION: [MainApp] Log rotation is active - logs will be automatically rotated when they exceed 10MB
2025-10-23 16:54:28 [INFO] APPLICATION: [OTPDAO] Deleted 0 expired OTPs
2025-10-23 16:54:28 [INFO] APPLICATION: [LicenseScheduler] OTP cleanup completed successfully
2025-10-23 16:59:59 [INFO] APPLICATION: [AttendanceScheduler] Starting automated daily attendance update job...
2025-10-23 16:59:59 [INFO] APPLICATION: [AttendanceService] Starting automated daily attendance update
2025-10-23 16:59:59 [SEVERE] APPLICATION: [AttendanceService] Failed to perform daily attendance update: Error getting students without attendance count
2025-10-23 16:59:59 [SEVERE] APPLICATION: [AttendanceScheduler] Daily attendance update failed: Failed to perform daily attendance update: Error getting students without attendance count
2025-10-23 17:04:43 [INFO] APPLICATION: [MainApp] Server shutdown initiated
2025-10-23 17:04:43 [INFO] APPLICATION: [LicenseScheduler] License scheduler stopped successfully
2025-10-23 17:04:43 [INFO] APPLICATION: [MainApp] License scheduler stopped
2025-10-23 17:04:43 [INFO] APPLICATION: [AttendanceScheduler] Stopping attendance scheduler...
2025-10-23 17:04:50 [INFO] APPLICATION: [LoggerUtil] Logging system initialized successfully with log rotation
2025-10-23 17:04:50 [INFO] APPLICATION: [MainApp] Starting School Management System...
2025-10-23 17:04:51 [INFO] APPLICATION: [MainApp] Database connection successful!
2025-10-23 17:04:51 [INFO] APPLICATION: DB_OPERATION: CONNECTION_TEST | TABLE: ALL | DETAILS: Database connectivity verified
2025-10-23 17:04:51 [INFO] APPLICATION: [MainApp] License validation successful. License expires on: 2025-11-16
2025-10-23 17:04:51 [INFO] APPLICATION: [MainApp] Database connection successful!
2025-10-23 17:04:51 [INFO] APPLICATION: DB_OPERATION: CONNECTION_TEST | TABLE: ALL | DETAILS: Database connectivity verified
2025-10-23 17:04:52 [INFO] APPLICATION: [LicenseScheduler] Starting OTP cleanup
2025-10-23 17:04:52 [INFO] APPLICATION: [LicenseScheduler] License scheduler started. Daily check will run in 24907 seconds
2025-10-23 17:04:52 [INFO] APPLICATION: [MainApp] License scheduler started successfully
2025-10-23 17:04:52 [INFO] APPLICATION: [AttendanceScheduler] Starting attendance scheduler...
2025-10-23 17:04:52 [INFO] APPLICATION: [AttendanceScheduler] Attendance scheduler started. Next run in 67 seconds at 4:30 PM
2025-10-23 17:04:52 [INFO] APPLICATION: [MainApp] Attendance scheduler started successfully - daily attendance updates at 12:00 PM
2025-10-23 17:04:52 [INFO] APPLICATION: [MainApp] Backend API Server started on port 8081
2025-10-23 17:04:52 [INFO] APPLICATION: [MainApp] API Base URL: http://localhost:8081/api
2025-10-23 17:04:52 [INFO] APPLICATION: [MainApp] Server endpoints registered successfully
2025-10-23 17:04:52 [INFO] APPLICATION: [MainApp] Log rotation is active - logs will be automatically rotated when they exceed 10MB
2025-10-23 17:04:52 [INFO] APPLICATION: [OTPDAO] Deleted 0 expired OTPs
2025-10-23 17:04:52 [INFO] APPLICATION: [LicenseScheduler] OTP cleanup completed successfully
2025-10-23 17:05:59 [INFO] APPLICATION: [AttendanceScheduler] Starting automated daily attendance update job...
2025-10-23 17:05:59 [INFO] APPLICATION: [AttendanceService] Starting automated daily attendance update
2025-10-23 17:05:59 [SEVERE] APPLICATION: [AttendanceService] Failed to perform daily attendance update: Error marking absent students for today
2025-10-23 17:05:59 [SEVERE] APPLICATION: [AttendanceScheduler] Daily attendance update failed: Failed to perform daily attendance update: Error marking absent students for today
2025-10-23 17:06:12 [INFO] APPLICATION: [MainApp] Server shutdown initiated
2025-10-23 17:06:12 [INFO] APPLICATION: [LicenseScheduler] License scheduler stopped successfully
2025-10-23 17:06:12 [INFO] APPLICATION: [MainApp] License scheduler stopped
2025-10-23 17:06:12 [INFO] APPLICATION: [AttendanceScheduler] Stopping attendance scheduler...
2025-10-23 17:09:43 [INFO] APPLICATION: [LoggerUtil] Logging system initialized successfully with log rotation
2025-10-23 17:09:43 [INFO] APPLICATION: [MainApp] Starting School Management System...
2025-10-23 17:09:45 [INFO] APPLICATION: [MainApp] Database connection successful!
2025-10-23 17:09:45 [INFO] APPLICATION: DB_OPERATION: CONNECTION_TEST | TABLE: ALL | DETAILS: Database connectivity verified
2025-10-23 17:09:45 [INFO] APPLICATION: [MainApp] License validation successful. License expires on: 2025-11-16
2025-10-23 17:09:45 [INFO] APPLICATION: [MainApp] Database connection successful!
2025-10-23 17:09:45 [INFO] APPLICATION: DB_OPERATION: CONNECTION_TEST | TABLE: ALL | DETAILS: Database connectivity verified
2025-10-23 17:09:47 [INFO] APPLICATION: [LicenseScheduler] Starting OTP cleanup
2025-10-23 17:09:47 [INFO] APPLICATION: [LicenseScheduler] License scheduler started. Daily check will run in 24612 seconds
2025-10-23 17:09:47 [INFO] APPLICATION: [MainApp] License scheduler started successfully
2025-10-23 17:09:47 [INFO] APPLICATION: [AttendanceScheduler] Starting attendance scheduler...
2025-10-23 17:09:47 [INFO] APPLICATION: [AttendanceScheduler] Attendance scheduler started. Next run in 72 seconds at 4:30 PM
2025-10-23 17:09:47 [INFO] APPLICATION: [MainApp] Attendance scheduler started successfully - daily attendance updates at 12:00 PM
2025-10-23 17:09:47 [INFO] APPLICATION: [MainApp] Backend API Server started on port 8081
2025-10-23 17:09:47 [INFO] APPLICATION: [MainApp] API Base URL: http://localhost:8081/api
2025-10-23 17:09:47 [INFO] APPLICATION: [MainApp] Server endpoints registered successfully
2025-10-23 17:09:47 [INFO] APPLICATION: [MainApp] Log rotation is active - logs will be automatically rotated when they exceed 10MB
2025-10-23 17:09:47 [INFO] APPLICATION: [OTPDAO] Deleted 0 expired OTPs
2025-10-23 17:09:47 [INFO] APPLICATION: [LicenseScheduler] OTP cleanup completed successfully
2025-10-23 17:10:59 [INFO] APPLICATION: [AttendanceScheduler] Starting automated daily attendance update job...
2025-10-23 17:10:59 [INFO] APPLICATION: [AttendanceService] Starting automated daily attendance update
2025-10-23 17:10:59 [SEVERE] APPLICATION: [AttendanceService] Failed to perform daily attendance update: Error marking absent students for today
2025-10-23 17:10:59 [SEVERE] APPLICATION: [AttendanceScheduler] Daily attendance update failed: Failed to perform daily attendance update: Error marking absent students for today
2025-10-23 17:12:12 [INFO] APPLICATION: [MainApp] Server shutdown initiated
2025-10-23 17:12:12 [INFO] APPLICATION: [LicenseScheduler] License scheduler stopped successfully
2025-10-23 17:12:12 [INFO] APPLICATION: [MainApp] License scheduler stopped
2025-10-23 17:12:12 [INFO] APPLICATION: [AttendanceScheduler] Stopping attendance scheduler...
2025-10-23 17:12:32 [INFO] APPLICATION: [LoggerUtil] Logging system initialized successfully with log rotation
2025-10-23 17:12:32 [INFO] APPLICATION: [MainApp] Starting School Management System...
2025-10-23 17:12:33 [INFO] APPLICATION: [MainApp] Database connection successful!
2025-10-23 17:12:33 [INFO] APPLICATION: DB_OPERATION: CONNECTION_TEST | TABLE: ALL | DETAILS: Database connectivity verified
2025-10-23 17:12:33 [INFO] APPLICATION: [MainApp] License validation successful. License expires on: 2025-11-16
2025-10-23 17:12:33 [INFO] APPLICATION: [MainApp] Database connection successful!
2025-10-23 17:12:33 [INFO] APPLICATION: DB_OPERATION: CONNECTION_TEST | TABLE: ALL | DETAILS: Database connectivity verified
2025-10-23 17:12:33 [INFO] APPLICATION: [LicenseScheduler] Starting OTP cleanup
2025-10-23 17:12:33 [INFO] APPLICATION: [LicenseScheduler] License scheduler started. Daily check will run in 24446 seconds
2025-10-23 17:12:33 [INFO] APPLICATION: [MainApp] License scheduler started successfully
2025-10-23 17:12:33 [INFO] APPLICATION: [AttendanceScheduler] Starting attendance scheduler...
2025-10-23 17:12:33 [INFO] APPLICATION: [AttendanceScheduler] Attendance scheduler started. Next run in 86 seconds at 4:30 PM
2025-10-23 17:12:33 [INFO] APPLICATION: [MainApp] Attendance scheduler started successfully - daily attendance updates at 12:00 PM
2025-10-23 17:12:33 [INFO] APPLICATION: [MainApp] Backend API Server started on port 8081
2025-10-23 17:12:33 [INFO] APPLICATION: [MainApp] API Base URL: http://localhost:8081/api
2025-10-23 17:12:33 [INFO] APPLICATION: [MainApp] Server endpoints registered successfully
2025-10-23 17:12:33 [INFO] APPLICATION: [MainApp] Log rotation is active - logs will be automatically rotated when they exceed 10MB
2025-10-23 17:12:34 [INFO] APPLICATION: [OTPDAO] Deleted 0 expired OTPs
2025-10-23 17:12:34 [INFO] APPLICATION: [LicenseScheduler] OTP cleanup completed successfully
2025-10-23 17:13:59 [INFO] APPLICATION: [AttendanceScheduler] Starting automated daily attendance update job...
2025-10-23 17:13:59 [INFO] APPLICATION: [AttendanceService] Starting automated daily attendance update
2025-10-23 17:14:00 [INFO] APPLICATION: [AttendanceService] Successfully marked 28 students as absent for 2025-10-23
2025-10-23 17:14:00 [INFO] APPLICATION: [AttendanceScheduler] Daily attendance update completed successfully. Successfully marked 28 students as absent for 2025-10-23
2025-10-23 17:14:00 [INFO] APPLICATION: DB_OPERATION: ATTENDANCE_AUTO_UPDATE | TABLE: SYSTEM | DETAILS: Automated attendance marking: 28 students affected
2025-10-23 17:17:43 [INFO] APPLICATION: [MainApp] Server shutdown initiated
2025-10-23 17:17:43 [INFO] APPLICATION: [LicenseScheduler] License scheduler stopped successfully
2025-10-23 17:17:43 [INFO] APPLICATION: [MainApp] License scheduler stopped
2025-10-23 17:17:43 [INFO] APPLICATION: [AttendanceScheduler] Stopping attendance scheduler...
2025-10-23 17:17:43 [INFO] APPLICATION: [AttendanceScheduler] Attendance scheduler stopped
2025-10-23 17:17:43 [INFO] APPLICATION: [MainApp] Attendance scheduler stopped
2025-10-24 17:46:06 [INFO] APPLICATION: [LoggerUtil] Logging system initialized successfully with log rotation
2025-10-24 17:46:06 [INFO] APPLICATION: [MainApp] Starting School Management System...
2025-10-24 17:46:07 [INFO] APPLICATION: [MainApp] Database connection successful!
2025-10-24 17:46:07 [INFO] APPLICATION: DB_OPERATION: CONNECTION_TEST | TABLE: ALL | DETAILS: Database connectivity verified
2025-10-24 17:46:08 [INFO] APPLICATION: [MainApp] License validation successful. License expires on: 2025-11-16
2025-10-24 17:46:08 [INFO] APPLICATION: [MainApp] Database connection successful!
2025-10-24 17:46:08 [INFO] APPLICATION: DB_OPERATION: CONNECTION_TEST | TABLE: ALL | DETAILS: Database connectivity verified
2025-10-24 17:46:09 [INFO] APPLICATION: [LicenseScheduler] License scheduler started. Daily check will run in 22430 seconds
2025-10-24 17:46:09 [INFO] APPLICATION: [MainApp] License scheduler started successfully
2025-10-24 17:46:09 [INFO] APPLICATION: [AttendanceScheduler] Starting attendance scheduler...
2025-10-24 17:46:09 [INFO] APPLICATION: [AttendanceScheduler] Attendance scheduler started. Next run in 62030 seconds at 4:30 PM
2025-10-24 17:46:09 [INFO] APPLICATION: [MainApp] Attendance scheduler started successfully - daily attendance updates at 12:00 PM
2025-10-24 17:46:09 [INFO] APPLICATION: [MainApp] Backend API Server started on port 8081
2025-10-24 17:46:09 [INFO] APPLICATION: [LicenseScheduler] Starting OTP cleanup
2025-10-24 17:46:09 [INFO] APPLICATION: [MainApp] API Base URL: http://localhost:8081/api
2025-10-24 17:46:09 [INFO] APPLICATION: [MainApp] Server endpoints registered successfully
2025-10-24 17:46:09 [INFO] APPLICATION: [MainApp] Log rotation is active - logs will be automatically rotated when they exceed 10MB
2025-10-24 17:46:09 [INFO] APPLICATION: [OTPDAO] Deleted 0 expired OTPs
2025-10-24 17:46:09 [INFO] APPLICATION: [LicenseScheduler] OTP cleanup completed successfully
2025-10-25 15:24:18 [INFO] APPLICATION: [LoggerUtil] Logging system initialized successfully with log rotation
2025-10-25 15:24:18 [INFO] APPLICATION: [MainApp] Starting School Management System...
2025-10-25 15:24:20 [INFO] APPLICATION: [MainApp] Database connection successful!
2025-10-25 15:24:20 [INFO] APPLICATION: DB_OPERATION: CONNECTION_TEST | TABLE: ALL | DETAILS: Database connectivity verified
2025-10-25 15:24:20 [INFO] APPLICATION: [MainApp] License validation successful. License expires on: 2025-11-16
2025-10-25 15:24:20 [INFO] APPLICATION: [MainApp] Database connection successful!
2025-10-25 15:24:20 [INFO] APPLICATION: DB_OPERATION: CONNECTION_TEST | TABLE: ALL | DETAILS: Database connectivity verified
2025-10-25 15:24:21 [INFO] APPLICATION: [LicenseScheduler] Starting OTP cleanup
2025-10-25 15:24:21 [INFO] APPLICATION: [LicenseScheduler] License scheduler started. Daily check will run in 30938 seconds
2025-10-25 15:24:21 [INFO] APPLICATION: [MainApp] License scheduler started successfully
2025-10-25 15:24:21 [INFO] APPLICATION: [AttendanceScheduler] Starting attendance scheduler...
2025-10-25 15:24:21 [INFO] APPLICATION: [AttendanceScheduler] Attendance scheduler started. Next run in 70538 seconds at 4:30 PM
2025-10-25 15:24:21 [INFO] APPLICATION: [MainApp] Attendance scheduler started successfully - daily attendance updates at 12:00 PM
2025-10-25 15:24:21 [INFO] APPLICATION: [MainApp] Backend API Server started on port 8081
2025-10-25 15:24:21 [INFO] APPLICATION: [MainApp] API Base URL: http://localhost:8081/api
2025-10-25 15:24:21 [INFO] APPLICATION: [MainApp] Server endpoints registered successfully
2025-10-25 15:24:21 [INFO] APPLICATION: [MainApp] Log rotation is active - logs will be automatically rotated when they exceed 10MB
2025-10-25 15:24:21 [INFO] APPLICATION: [OTPDAO] Deleted 0 expired OTPs
2025-10-25 15:24:21 [INFO] APPLICATION: [LicenseScheduler] OTP cleanup completed successfully
2025-10-25 16:23:47 [INFO] APPLICATION: [LoggerUtil] Logging system initialized successfully with log rotation
2025-10-25 16:23:47 [INFO] APPLICATION: [MainApp] Starting School Management System...
2025-10-25 16:23:48 [INFO] APPLICATION: [MainApp] Database connection successful!
2025-10-25 16:23:48 [INFO] APPLICATION: DB_OPERATION: CONNECTION_TEST | TABLE: ALL | DETAILS: Database connectivity verified
2025-10-25 16:23:48 [INFO] APPLICATION: [MainApp] License validation successful. License expires on: 2025-11-16
2025-10-25 16:23:48 [INFO] APPLICATION: [MainApp] Database connection successful!
2025-10-25 16:23:48 [INFO] APPLICATION: DB_OPERATION: CONNECTION_TEST | TABLE: ALL | DETAILS: Database connectivity verified
2025-10-25 16:23:49 [INFO] APPLICATION: [LicenseScheduler] Starting OTP cleanup
2025-10-25 16:23:49 [INFO] APPLICATION: [LicenseScheduler] License scheduler started. Daily check will run in 27370 seconds
2025-10-25 16:23:49 [INFO] APPLICATION: [MainApp] License scheduler started successfully
2025-10-25 16:23:49 [INFO] APPLICATION: [AttendanceScheduler] Starting attendance scheduler...
2025-10-25 16:23:49 [INFO] APPLICATION: [AttendanceScheduler] Attendance scheduler started. Next run in 85930 seconds at 4:30 PM
2025-10-25 16:23:49 [INFO] APPLICATION: [MainApp] Attendance scheduler started successfully - daily attendance updates at 12:00 PM
2025-10-25 16:23:49 [INFO] APPLICATION: [MainApp] Backend API Server started on port 8081
2025-10-25 16:23:49 [INFO] APPLICATION: [MainApp] API Base URL: http://localhost:8081/api
2025-10-25 16:23:49 [INFO] APPLICATION: [MainApp] Server endpoints registered successfully
2025-10-25 16:23:49 [INFO] APPLICATION: [MainApp] Log rotation is active - logs will be automatically rotated when they exceed 10MB
2025-10-25 16:23:49 [INFO] APPLICATION: [OTPDAO] Deleted 0 expired OTPs
2025-10-25 16:23:49 [INFO] APPLICATION: [LicenseScheduler] OTP cleanup completed successfully
2025-10-25 16:25:29 [INFO] APPLICATION: [MainApp] Server shutdown initiated
2025-10-25 16:25:29 [INFO] APPLICATION: [LicenseScheduler] License scheduler stopped successfully
2025-10-25 16:25:29 [INFO] APPLICATION: [MainApp] License scheduler stopped
2025-10-25 16:25:29 [INFO] APPLICATION: [AttendanceScheduler] Stopping attendance scheduler...
2025-10-25 16:40:47 [INFO] APPLICATION: [LoggerUtil] Logging system initialized successfully with log rotation
2025-10-25 16:40:47 [INFO] APPLICATION: [MainApp] Starting School Management System...
2025-10-25 16:40:48 [INFO] APPLICATION: [MainApp] Database connection successful!
2025-10-25 16:40:48 [INFO] APPLICATION: DB_OPERATION: CONNECTION_TEST | TABLE: ALL | DETAILS: Database connectivity verified
2025-10-25 16:40:48 [INFO] APPLICATION: [MainApp] License validation successful. License expires on: 2025-11-16
2025-10-25 16:40:48 [INFO] APPLICATION: [MainApp] Database connection successful!
2025-10-25 16:40:48 [INFO] APPLICATION: DB_OPERATION: CONNECTION_TEST | TABLE: ALL | DETAILS: Database connectivity verified
2025-10-25 16:40:49 [INFO] APPLICATION: [LicenseScheduler] Starting OTP cleanup
2025-10-25 16:40:49 [INFO] APPLICATION: [LicenseScheduler] License scheduler started. Daily check will run in 26350 seconds
2025-10-25 16:40:49 [INFO] APPLICATION: [MainApp] License scheduler started successfully
2025-10-25 16:40:49 [INFO] APPLICATION: [AttendanceScheduler] Starting attendance scheduler...
2025-10-25 16:40:49 [INFO] APPLICATION: [AttendanceScheduler] Attendance scheduler started. Next run in 84910 seconds at 4:30 PM
2025-10-25 16:40:49 [INFO] APPLICATION: [MainApp] Attendance scheduler started successfully - daily attendance updates at 12:00 PM
2025-10-25 16:40:49 [INFO] APPLICATION: [MainApp] Backend API Server started on port 8081
2025-10-25 16:40:49 [INFO] APPLICATION: [MainApp] API Base URL: http://localhost:8081/api
2025-10-25 16:40:49 [INFO] APPLICATION: [MainApp] Server endpoints registered successfully
2025-10-25 16:40:49 [INFO] APPLICATION: [MainApp] Log rotation is active - logs will be automatically rotated when they exceed 10MB
2025-10-25 16:40:49 [INFO] APPLICATION: [OTPDAO] Deleted 0 expired OTPs
2025-10-25 16:40:49 [INFO] APPLICATION: [LicenseScheduler] OTP cleanup completed successfully
2025-10-25 16:41:14 [INFO] APPLICATION: [LoggerUtil] Logging system initialized successfully with log rotation
2025-10-25 16:41:14 [INFO] APPLICATION: [MainApp] Starting School Management System...
2025-10-25 16:41:15 [INFO] APPLICATION: [MainApp] Database connection successful!
2025-10-25 16:41:15 [INFO] APPLICATION: DB_OPERATION: CONNECTION_TEST | TABLE: ALL | DETAILS: Database connectivity verified
2025-10-25 16:41:15 [INFO] APPLICATION: [MainApp] License validation successful. License expires on: 2025-11-16
2025-10-25 16:41:15 [INFO] APPLICATION: [MainApp] Database connection successful!
2025-10-25 16:41:15 [INFO] APPLICATION: DB_OPERATION: CONNECTION_TEST | TABLE: ALL | DETAILS: Database connectivity verified
2025-10-25 16:41:16 [INFO] APPLICATION: [LicenseScheduler] Starting OTP cleanup
2025-10-25 16:41:16 [INFO] APPLICATION: [LicenseScheduler] License scheduler started. Daily check will run in 26323 seconds
2025-10-25 16:41:16 [INFO] APPLICATION: [MainApp] License scheduler started successfully
2025-10-25 16:41:16 [INFO] APPLICATION: [AttendanceScheduler] Starting attendance scheduler...
2025-10-25 16:41:16 [INFO] APPLICATION: [AttendanceScheduler] Attendance scheduler started. Next run in 43 seconds at 4:30 PM
2025-10-25 16:41:16 [INFO] APPLICATION: [MainApp] Attendance scheduler started successfully - daily attendance updates at 12:00 PM
2025-10-25 16:41:16 [INFO] APPLICATION: [MainApp] Backend API Server started on port 8081
2025-10-25 16:41:16 [INFO] APPLICATION: [MainApp] API Base URL: http://localhost:8081/api
2025-10-25 16:41:16 [INFO] APPLICATION: [MainApp] Server endpoints registered successfully
2025-10-25 16:41:16 [INFO] APPLICATION: [MainApp] Log rotation is active - logs will be automatically rotated when they exceed 10MB
2025-10-25 16:41:16 [INFO] APPLICATION: [OTPDAO] Deleted 0 expired OTPs
2025-10-25 16:41:16 [INFO] APPLICATION: [LicenseScheduler] OTP cleanup completed successfully
2025-10-25 16:41:59 [INFO] APPLICATION: [AttendanceScheduler] Starting automated daily attendance update job...
2025-10-25 16:41:59 [INFO] APPLICATION: [AttendanceService] Starting automated daily attendance update
2025-10-25 16:41:59 [INFO] APPLICATION: [AttendanceService] Successfully marked 28 students as absent for 2025-10-25
2025-10-25 16:41:59 [INFO] APPLICATION: [AttendanceScheduler] Daily attendance update completed successfully. Successfully marked 28 students as absent for 2025-10-25
2025-10-25 16:41:59 [INFO] APPLICATION: DB_OPERATION: ATTENDANCE_AUTO_UPDATE | TABLE: SYSTEM | DETAILS: Automated attendance marking: 28 students affected
2025-10-25 17:07:51 [INFO] APPLICATION: [LoggerUtil] Logging system initialized successfully with log rotation
2025-10-25 17:07:51 [INFO] APPLICATION: [MainApp] Starting School Management System...
2025-10-25 17:07:52 [INFO] APPLICATION: [MainApp] Database connection successful!
2025-10-25 17:07:52 [INFO] APPLICATION: DB_OPERATION: CONNECTION_TEST | TABLE: ALL | DETAILS: Database connectivity verified
2025-10-25 17:07:52 [INFO] APPLICATION: [MainApp] License validation successful. License expires on: 2025-11-16
2025-10-25 17:07:52 [INFO] APPLICATION: [MainApp] Database connection successful!
2025-10-25 17:07:52 [INFO] APPLICATION: DB_OPERATION: CONNECTION_TEST | TABLE: ALL | DETAILS: Database connectivity verified
2025-10-25 17:07:53 [INFO] APPLICATION: [LicenseScheduler] Starting OTP cleanup
2025-10-25 17:07:53 [INFO] APPLICATION: [LicenseScheduler] License scheduler started. Daily check will run in 24726 seconds
2025-10-25 17:07:53 [INFO] APPLICATION: [MainApp] License scheduler started successfully
2025-10-25 17:07:53 [INFO] APPLICATION: [AttendanceScheduler] Starting attendance scheduler...
2025-10-25 17:07:53 [INFO] APPLICATION: [AttendanceScheduler] Attendance scheduler started. Next run in 84846 seconds at 4:30 PM
2025-10-25 17:07:53 [INFO] APPLICATION: [MainApp] Attendance scheduler started successfully - daily attendance updates at 12:00 PM
2025-10-25 17:07:53 [INFO] APPLICATION: [MainApp] Backend API Server started on port 8081
2025-10-25 17:07:53 [INFO] APPLICATION: [MainApp] API Base URL: http://localhost:8081/api
2025-10-25 17:07:53 [INFO] APPLICATION: [MainApp] Server endpoints registered successfully
2025-10-25 17:07:53 [INFO] APPLICATION: [MainApp] Log rotation is active - logs will be automatically rotated when they exceed 10MB
2025-10-25 17:07:53 [INFO] APPLICATION: [OTPDAO] Deleted 0 expired OTPs
2025-10-25 17:07:53 [INFO] APPLICATION: [LicenseScheduler] OTP cleanup completed successfully
2025-10-25 17:08:04 [INFO] APPLICATION: [MainApp] Server shutdown initiated
2025-10-25 17:08:04 [INFO] APPLICATION: [LicenseScheduler] License scheduler stopped successfully
2025-10-25 17:08:04 [INFO] APPLICATION: [MainApp] License scheduler stopped
2025-10-25 17:10:25 [INFO] APPLICATION: [LoggerUtil] Logging system initialized successfully with log rotation
2025-10-25 17:10:25 [INFO] APPLICATION: [MainApp] Starting School Management System...
2025-10-25 17:10:25 [INFO] APPLICATION: [MainApp] Database connection successful!
2025-10-25 17:10:25 [INFO] APPLICATION: DB_OPERATION: CONNECTION_TEST | TABLE: ALL | DETAILS: Database connectivity verified
2025-10-25 17:10:26 [INFO] APPLICATION: [MainApp] License validation successful. License expires on: 2025-11-16
2025-10-25 17:10:26 [INFO] APPLICATION: [MainApp] Database connection successful!
2025-10-25 17:10:26 [INFO] APPLICATION: DB_OPERATION: CONNECTION_TEST | TABLE: ALL | DETAILS: Database connectivity verified
2025-10-25 17:10:26 [INFO] APPLICATION: [LicenseScheduler] License scheduler started. Daily check will run in 24573 seconds
2025-10-25 17:10:26 [INFO] APPLICATION: [MainApp] License scheduler started successfully
2025-10-25 17:10:26 [INFO] APPLICATION: [AttendanceScheduler] Starting attendance scheduler...
2025-10-25 17:10:26 [INFO] APPLICATION: [AttendanceScheduler] Attendance scheduler started. Next run in 84693 seconds at 4:30 PM
2025-10-25 17:10:26 [INFO] APPLICATION: [MainApp] Attendance scheduler started successfully - daily attendance updates at 12:00 PM
2025-10-25 17:10:26 [INFO] APPLICATION: [MainApp] Backend API Server started on port 8081
2025-10-25 17:10:26 [INFO] APPLICATION: [MainApp] API Base URL: http://localhost:8081/api
2025-10-25 17:10:26 [INFO] APPLICATION: [MainApp] Server endpoints registered successfully
2025-10-25 17:10:26 [INFO] APPLICATION: [MainApp] Log rotation is active - logs will be automatically rotated when they exceed 10MB
2025-10-25 17:10:26 [INFO] APPLICATION: [LicenseScheduler] Starting OTP cleanup
2025-10-25 17:10:27 [INFO] APPLICATION: [OTPDAO] Deleted 0 expired OTPs
2025-10-25 17:10:27 [INFO] APPLICATION: [LicenseScheduler] OTP cleanup completed successfully
2025-10-25 17:10:39 [INFO] APPLICATION: [MainApp] Server shutdown initiated
2025-10-25 17:10:39 [INFO] APPLICATION: [LicenseScheduler] License scheduler stopped successfully
2025-10-25 17:10:39 [INFO] APPLICATION: [MainApp] License scheduler stopped
2025-10-25 17:14:16 [INFO] APPLICATION: [LoggerUtil] Logging system initialized successfully with log rotation
2025-10-25 17:14:16 [INFO] APPLICATION: [MainApp] Starting School Management System...
2025-10-25 17:14:16 [INFO] APPLICATION: [MainApp] Database connection successful!
2025-10-25 17:14:16 [INFO] APPLICATION: DB_OPERATION: CONNECTION_TEST | TABLE: ALL | DETAILS: Database connectivity verified
2025-10-25 17:14:17 [INFO] APPLICATION: [MainApp] License validation successful. License expires on: 2025-11-16
2025-10-25 17:14:17 [INFO] APPLICATION: [MainApp] Database connection successful!
2025-10-25 17:14:17 [INFO] APPLICATION: DB_OPERATION: CONNECTION_TEST | TABLE: ALL | DETAILS: Database connectivity verified
2025-10-25 17:14:18 [INFO] APPLICATION: [LicenseScheduler] Starting OTP cleanup
2025-10-25 17:14:18 [INFO] APPLICATION: [LicenseScheduler] License scheduler started. Daily check will run in 24341 seconds
2025-10-25 17:14:18 [INFO] APPLICATION: [MainApp] License scheduler started successfully
2025-10-25 17:14:18 [INFO] APPLICATION: [AttendanceScheduler] Starting attendance scheduler...
2025-10-25 17:14:18 [INFO] APPLICATION: [AttendanceScheduler] Attendance scheduler started. Next run in 84461 seconds at 4:30 PM
2025-10-25 17:14:18 [INFO] APPLICATION: [MainApp] Attendance scheduler started successfully - daily attendance updates at 12:00 PM
2025-10-25 17:14:18 [INFO] APPLICATION: [MainApp] Backend API Server started on port 8081
2025-10-25 17:14:18 [INFO] APPLICATION: [MainApp] API Base URL: http://localhost:8081/api
2025-10-25 17:14:18 [INFO] APPLICATION: [MainApp] Server endpoints registered successfully
2025-10-25 17:14:18 [INFO] APPLICATION: [MainApp] Log rotation is active - logs will be automatically rotated when they exceed 10MB
2025-10-25 17:14:18 [INFO] APPLICATION: [OTPDAO] Deleted 0 expired OTPs
2025-10-25 17:14:18 [INFO] APPLICATION: [LicenseScheduler] OTP cleanup completed successfully
2025-10-25 17:15:09 [INFO] APPLICATION: [MainApp] Server shutdown initiated
2025-10-25 17:15:09 [INFO] APPLICATION: [LicenseScheduler] License scheduler stopped successfully
2025-10-25 17:15:09 [INFO] APPLICATION: [MainApp] License scheduler stopped
2025-10-25 17:15:09 [INFO] APPLICATION: [AttendanceScheduler] Stopping attendance scheduler...
2025-10-25 17:15:09 [INFO] APPLICATION: [AttendanceScheduler] Attendance scheduler stopped
2025-10-25 17:16:38 [INFO] APPLICATION: [LoggerUtil] Logging system initialized successfully with log rotation
2025-10-25 17:16:38 [INFO] APPLICATION: [MainApp] Starting School Management System...
2025-10-25 17:16:38 [INFO] APPLICATION: [MainApp] Database connection successful!
2025-10-25 17:16:38 [INFO] APPLICATION: DB_OPERATION: CONNECTION_TEST | TABLE: ALL | DETAILS: Database connectivity verified
2025-10-25 17:16:38 [INFO] APPLICATION: [MainApp] License validation successful. License expires on: 2025-11-16
2025-10-25 17:16:38 [INFO] APPLICATION: [MainApp] Database connection successful!
2025-10-25 17:16:38 [INFO] APPLICATION: DB_OPERATION: CONNECTION_TEST | TABLE: ALL | DETAILS: Database connectivity verified
2025-10-25 17:16:39 [INFO] APPLICATION: [LicenseScheduler] Starting OTP cleanup
2025-10-25 17:16:39 [INFO] APPLICATION: [LicenseScheduler] License scheduler started. Daily check will run in 24200 seconds
2025-10-25 17:16:39 [INFO] APPLICATION: [MainApp] License scheduler started successfully
2025-10-25 17:16:39 [INFO] APPLICATION: [AttendanceScheduler] Starting attendance scheduler...
2025-10-25 17:16:39 [INFO] APPLICATION: [AttendanceScheduler] Attendance scheduler started. Next run in 84320 seconds at 4:30 PM
2025-10-25 17:16:39 [INFO] APPLICATION: [MainApp] Attendance scheduler started successfully - daily attendance updates at 12:00 PM
2025-10-25 17:16:39 [INFO] APPLICATION: [MainApp] Backend API Server started on port 8081
2025-10-25 17:16:39 [INFO] APPLICATION: [MainApp] API Base URL: http://localhost:8081/api
2025-10-25 17:16:39 [INFO] APPLICATION: [MainApp] Server endpoints registered successfully
2025-10-25 17:16:39 [INFO] APPLICATION: [MainApp] Log rotation is active - logs will be automatically rotated when they exceed 10MB
2025-10-25 17:16:39 [INFO] APPLICATION: [OTPDAO] Deleted 0 expired OTPs
2025-10-25 17:16:39 [INFO] APPLICATION: [LicenseScheduler] OTP cleanup completed successfully
2025-10-25 17:47:50 [INFO] APPLICATION: [StudentServlet] Fetching all students from IP: [0:0:0:0:0:0:0:1]
2025-10-25 17:52:01 [INFO] APPLICATION: [StudentServlet] Student retrieved: ID 65 from IP: [0:0:0:0:0:0:0:1]
2025-10-28 20:56:29 [INFO] APPLICATION: [LicenseScheduler] Starting OTP cleanup
2025-10-28 20:56:29 [INFO] APPLICATION: [LicenseScheduler] Starting daily license check
2025-10-28 20:56:29 [INFO] APPLICATION: [OTPDAO] Deleted 0 expired OTPs
2025-10-28 20:56:29 [INFO] APPLICATION: [LicenseScheduler] OTP cleanup completed successfully
2025-10-28 20:56:29 [INFO] APPLICATION: [LicenseScheduler] Starting OTP cleanup
2025-10-28 20:56:29 [INFO] APPLICATION: [OTPDAO] Deleted 0 expired OTPs
2025-10-28 20:56:29 [INFO] APPLICATION: [LicenseScheduler] OTP cleanup completed successfully
2025-10-28 20:56:29 [INFO] APPLICATION: [LicenseScheduler] Starting OTP cleanup
2025-10-28 20:56:29 [INFO] APPLICATION: [OTPDAO] Deleted 0 expired OTPs
2025-10-28 20:56:29 [INFO] APPLICATION: [LicenseScheduler] OTP cleanup completed successfully
2025-10-28 20:56:29 [INFO] APPLICATION: [LicenseScheduler] Starting OTP cleanup
2025-10-28 20:56:29 [INFO] APPLICATION: [LicenseDAO] License updated successfully with ID: 18
2025-10-28 20:56:29 [INFO] APPLICATION: [LicenseService] Daily license check completed. Remaining days: 19, Status: ACTIVE
2025-10-28 20:56:29 [INFO] APPLICATION: [OTPDAO] Deleted 0 expired OTPs
2025-10-28 20:56:29 [INFO] APPLICATION: [LicenseScheduler] OTP cleanup completed successfully
2025-10-28 20:56:29 [INFO] APPLICATION: [LicenseScheduler] Starting OTP cleanup
2025-10-28 20:56:29 [INFO] APPLICATION: [LicenseScheduler] Daily license check completed successfully. Status: ACTIVE, Valid: true, Remaining Days: 19
2025-10-28 20:56:29 [INFO] APPLICATION: [LicenseScheduler] Starting daily license check
2025-10-28 20:56:29 [INFO] APPLICATION: [OTPDAO] Deleted 0 expired OTPs
2025-10-28 20:56:29 [INFO] APPLICATION: [LicenseScheduler] OTP cleanup completed successfully
2025-10-28 20:56:29 [INFO] APPLICATION: [LicenseScheduler] Starting OTP cleanup
2025-10-28 20:56:29 [INFO] APPLICATION: [OTPDAO] Deleted 0 expired OTPs
2025-10-28 20:56:29 [INFO] APPLICATION: [LicenseScheduler] OTP cleanup completed successfully
2025-10-28 20:56:29 [INFO] APPLICATION: [LicenseScheduler] Starting OTP cleanup
2025-10-28 20:56:29 [INFO] APPLICATION: [OTPDAO] Deleted 0 expired OTPs
2025-10-28 20:56:29 [INFO] APPLICATION: [LicenseScheduler] OTP cleanup completed successfully
2025-10-28 20:56:29 [INFO] APPLICATION: [LicenseScheduler] Starting OTP cleanup
2025-10-28 20:56:29 [INFO] APPLICATION: [LicenseDAO] License updated successfully with ID: 18
2025-10-28 20:56:29 [INFO] APPLICATION: [LicenseService] Daily license check completed. Remaining days: 19, Status: ACTIVE
2025-10-28 20:56:29 [INFO] APPLICATION: [OTPDAO] Deleted 0 expired OTPs
2025-10-28 20:56:29 [INFO] APPLICATION: [LicenseScheduler] OTP cleanup completed successfully
2025-10-28 20:56:29 [INFO] APPLICATION: [LicenseScheduler] Starting OTP cleanup
2025-10-28 20:56:29 [INFO] APPLICATION: [LicenseScheduler] Daily license check completed successfully. Status: ACTIVE, Valid: true, Remaining Days: 19
2025-10-28 20:56:29 [INFO] APPLICATION: [LicenseScheduler] Starting daily license check
2025-10-28 20:56:29 [INFO] APPLICATION: [OTPDAO] Deleted 0 expired OTPs
2025-10-28 20:56:29 [INFO] APPLICATION: [LicenseScheduler] OTP cleanup completed successfully
2025-10-28 20:56:29 [INFO] APPLICATION: [LicenseScheduler] Starting OTP cleanup
2025-10-28 20:56:29 [INFO] APPLICATION: [OTPDAO] Deleted 0 expired OTPs
2025-10-28 20:56:29 [INFO] APPLICATION: [LicenseScheduler] OTP cleanup completed successfully
2025-10-28 20:56:29 [INFO] APPLICATION: [LicenseScheduler] Starting OTP cleanup
2025-10-28 20:56:30 [INFO] APPLICATION: [OTPDAO] Deleted 0 expired OTPs
2025-10-28 20:56:30 [INFO] APPLICATION: [LicenseScheduler] OTP cleanup completed successfully
2025-10-28 20:56:30 [INFO] APPLICATION: [LicenseScheduler] Starting OTP cleanup
2025-10-28 20:56:30 [INFO] APPLICATION: [OTPDAO] Deleted 0 expired OTPs
2025-10-28 20:56:30 [INFO] APPLICATION: [LicenseDAO] License updated successfully with ID: 18
2025-10-28 20:56:30 [INFO] APPLICATION: [LicenseScheduler] OTP cleanup completed successfully
2025-10-28 20:56:30 [INFO] APPLICATION: [LicenseService] Daily license check completed. Remaining days: 19, Status: ACTIVE
2025-10-28 20:56:30 [INFO] APPLICATION: [LicenseScheduler] Starting OTP cleanup
2025-10-28 20:56:30 [INFO] APPLICATION: [LicenseScheduler] Daily license check completed successfully. Status: ACTIVE, Valid: true, Remaining Days: 19
2025-10-28 20:56:30 [INFO] APPLICATION: [OTPDAO] Deleted 0 expired OTPs
2025-10-28 20:56:30 [INFO] APPLICATION: [LicenseScheduler] OTP cleanup completed successfully
2025-10-28 20:56:30 [INFO] APPLICATION: [LicenseScheduler] Starting OTP cleanup
2025-10-28 20:56:30 [INFO] APPLICATION: [OTPDAO] Deleted 0 expired OTPs
2025-10-28 20:56:30 [INFO] APPLICATION: [LicenseScheduler] OTP cleanup completed successfully
2025-10-28 20:56:30 [INFO] APPLICATION: [LicenseScheduler] Starting OTP cleanup
2025-10-28 20:56:30 [INFO] APPLICATION: [OTPDAO] Deleted 0 expired OTPs
2025-10-28 20:56:30 [INFO] APPLICATION: [LicenseScheduler] OTP cleanup completed successfully
2025-10-28 20:56:30 [INFO] APPLICATION: [LicenseScheduler] Starting OTP cleanup
2025-10-28 20:56:30 [INFO] APPLICATION: [OTPDAO] Deleted 0 expired OTPs
2025-10-28 20:56:30 [INFO] APPLICATION: [LicenseScheduler] OTP cleanup completed successfully
2025-10-28 20:56:30 [INFO] APPLICATION: [LicenseScheduler] Starting OTP cleanup
2025-10-28 20:56:30 [INFO] APPLICATION: [OTPDAO] Deleted 0 expired OTPs
2025-10-28 20:56:30 [INFO] APPLICATION: [LicenseScheduler] OTP cleanup completed successfully
2025-10-28 20:56:30 [INFO] APPLICATION: [LicenseScheduler] Starting OTP cleanup
2025-10-28 20:56:30 [INFO] APPLICATION: [OTPDAO] Deleted 0 expired OTPs
2025-10-28 20:56:30 [INFO] APPLICATION: [LicenseScheduler] OTP cleanup completed successfully
2025-10-28 20:56:30 [INFO] APPLICATION: [LicenseScheduler] Starting OTP cleanup
2025-10-28 20:56:30 [INFO] APPLICATION: [OTPDAO] Deleted 0 expired OTPs
2025-10-28 20:56:30 [INFO] APPLICATION: [LicenseScheduler] OTP cleanup completed successfully
2025-10-28 20:56:30 [INFO] APPLICATION: [LicenseScheduler] Starting OTP cleanup
2025-10-28 20:56:30 [INFO] APPLICATION: [OTPDAO] Deleted 0 expired OTPs
2025-10-28 20:56:30 [INFO] APPLICATION: [LicenseScheduler] OTP cleanup completed successfully
2025-10-28 20:56:30 [INFO] APPLICATION: [LicenseScheduler] Starting OTP cleanup
2025-10-28 20:56:30 [INFO] APPLICATION: [OTPDAO] Deleted 0 expired OTPs
2025-10-28 20:56:30 [INFO] APPLICATION: [LicenseScheduler] OTP cleanup completed successfully
2025-10-28 20:56:30 [INFO] APPLICATION: [LicenseScheduler] Starting OTP cleanup
2025-10-28 20:56:30 [INFO] APPLICATION: [OTPDAO] Deleted 0 expired OTPs
2025-10-28 20:56:30 [INFO] APPLICATION: [LicenseScheduler] OTP cleanup completed successfully
2025-10-28 20:56:30 [INFO] APPLICATION: [LicenseScheduler] Starting OTP cleanup
2025-10-28 20:56:30 [INFO] APPLICATION: [OTPDAO] Deleted 0 expired OTPs
2025-10-28 20:56:30 [INFO] APPLICATION: [LicenseScheduler] OTP cleanup completed successfully
2025-10-28 20:56:30 [INFO] APPLICATION: [LicenseScheduler] Starting OTP cleanup
2025-10-28 20:56:30 [INFO] APPLICATION: [OTPDAO] Deleted 0 expired OTPs
2025-10-28 20:56:30 [INFO] APPLICATION: [LicenseScheduler] OTP cleanup completed successfully
2025-10-28 20:56:30 [INFO] APPLICATION: [LicenseScheduler] Starting OTP cleanup
2025-10-28 20:56:31 [INFO] APPLICATION: [OTPDAO] Deleted 0 expired OTPs
2025-10-28 20:56:31 [INFO] APPLICATION: [LicenseScheduler] OTP cleanup completed successfully
2025-10-28 20:56:31 [INFO] APPLICATION: [LicenseScheduler] Starting OTP cleanup
2025-10-28 20:56:31 [INFO] APPLICATION: [OTPDAO] Deleted 0 expired OTPs
2025-10-28 20:56:31 [INFO] APPLICATION: [LicenseScheduler] OTP cleanup completed successfully
2025-10-28 20:56:31 [INFO] APPLICATION: [LicenseScheduler] Starting OTP cleanup
2025-10-28 20:56:31 [INFO] APPLICATION: [OTPDAO] Deleted 0 expired OTPs
2025-10-28 20:56:31 [INFO] APPLICATION: [LicenseScheduler] OTP cleanup completed successfully
2025-10-28 20:56:31 [INFO] APPLICATION: [LicenseScheduler] Starting OTP cleanup
2025-10-28 20:56:31 [INFO] APPLICATION: [OTPDAO] Deleted 0 expired OTPs
2025-10-28 20:56:31 [INFO] APPLICATION: [LicenseScheduler] OTP cleanup completed successfully
2025-10-28 20:56:31 [INFO] APPLICATION: [LicenseScheduler] Starting OTP cleanup
2025-10-28 20:56:31 [INFO] APPLICATION: [OTPDAO] Deleted 0 expired OTPs
2025-10-28 20:56:31 [INFO] APPLICATION: [LicenseScheduler] OTP cleanup completed successfully
2025-10-28 20:56:31 [INFO] APPLICATION: [LicenseScheduler] Starting OTP cleanup
2025-10-28 20:56:31 [INFO] APPLICATION: [OTPDAO] Deleted 0 expired OTPs
2025-10-28 20:56:31 [INFO] APPLICATION: [LicenseScheduler] OTP cleanup completed successfully
2025-10-28 20:56:31 [INFO] APPLICATION: [LicenseScheduler] Starting OTP cleanup
2025-10-28 20:56:31 [INFO] APPLICATION: [OTPDAO] Deleted 0 expired OTPs
2025-10-28 20:56:31 [INFO] APPLICATION: [LicenseScheduler] OTP cleanup completed successfully
2025-10-28 20:56:31 [INFO] APPLICATION: [LicenseScheduler] Starting OTP cleanup
2025-10-28 20:56:31 [INFO] APPLICATION: [OTPDAO] Deleted 0 expired OTPs
2025-10-28 20:56:31 [INFO] APPLICATION: [LicenseScheduler] OTP cleanup completed successfully
2025-10-28 20:56:31 [INFO] APPLICATION: [LicenseScheduler] Starting OTP cleanup
2025-10-28 20:56:31 [INFO] APPLICATION: [OTPDAO] Deleted 0 expired OTPs
2025-10-28 20:56:31 [INFO] APPLICATION: [LicenseScheduler] OTP cleanup completed successfully
2025-10-28 20:56:31 [INFO] APPLICATION: [LicenseScheduler] Starting OTP cleanup
2025-10-28 20:56:31 [INFO] APPLICATION: [OTPDAO] Deleted 0 expired OTPs
2025-10-28 20:56:31 [INFO] APPLICATION: [LicenseScheduler] OTP cleanup completed successfully
2025-10-28 20:56:31 [INFO] APPLICATION: [LicenseScheduler] Starting OTP cleanup
2025-10-28 20:56:31 [INFO] APPLICATION: [OTPDAO] Deleted 0 expired OTPs
2025-10-28 20:56:31 [INFO] APPLICATION: [LicenseScheduler] OTP cleanup completed successfully
2025-10-28 20:56:31 [INFO] APPLICATION: [LicenseScheduler] Starting OTP cleanup
2025-10-28 20:56:31 [INFO] APPLICATION: [OTPDAO] Deleted 0 expired OTPs
2025-10-28 20:56:31 [INFO] APPLICATION: [LicenseScheduler] OTP cleanup completed successfully
2025-10-28 20:56:31 [INFO] APPLICATION: [LicenseScheduler] Starting OTP cleanup
2025-10-28 20:56:31 [INFO] APPLICATION: [OTPDAO] Deleted 0 expired OTPs
2025-10-28 20:56:31 [INFO] APPLICATION: [LicenseScheduler] OTP cleanup completed successfully
2025-10-28 20:56:31 [INFO] APPLICATION: [LicenseScheduler] Starting OTP cleanup
2025-10-28 20:56:32 [INFO] APPLICATION: [OTPDAO] Deleted 0 expired OTPs
2025-10-28 20:56:32 [INFO] APPLICATION: [LicenseScheduler] OTP cleanup completed successfully
2025-10-28 20:56:32 [INFO] APPLICATION: [LicenseScheduler] Starting OTP cleanup
2025-10-28 20:56:32 [INFO] APPLICATION: [OTPDAO] Deleted 0 expired OTPs
2025-10-28 20:56:32 [INFO] APPLICATION: [LicenseScheduler] OTP cleanup completed successfully
2025-10-28 20:56:32 [INFO] APPLICATION: [LicenseScheduler] Starting OTP cleanup
2025-10-28 20:56:32 [INFO] APPLICATION: [OTPDAO] Deleted 0 expired OTPs
2025-10-28 20:56:32 [INFO] APPLICATION: [LicenseScheduler] OTP cleanup completed successfully
2025-10-28 20:56:32 [INFO] APPLICATION: [LicenseScheduler] Starting OTP cleanup
2025-10-28 20:56:32 [INFO] APPLICATION: [OTPDAO] Deleted 0 expired OTPs
2025-10-28 20:56:32 [INFO] APPLICATION: [LicenseScheduler] OTP cleanup completed successfully
2025-10-28 20:56:32 [INFO] APPLICATION: [LicenseScheduler] Starting OTP cleanup
2025-10-28 20:56:32 [INFO] APPLICATION: [OTPDAO] Deleted 0 expired OTPs
2025-10-28 20:56:32 [INFO] APPLICATION: [LicenseScheduler] OTP cleanup completed successfully
2025-10-28 20:56:32 [INFO] APPLICATION: [LicenseScheduler] Starting OTP cleanup
2025-10-28 20:56:32 [INFO] APPLICATION: [OTPDAO] Deleted 0 expired OTPs
2025-10-28 20:56:32 [INFO] APPLICATION: [LicenseScheduler] OTP cleanup completed successfully
2025-10-28 20:56:32 [INFO] APPLICATION: [LicenseScheduler] Starting OTP cleanup
2025-10-28 20:56:32 [INFO] APPLICATION: [OTPDAO] Deleted 0 expired OTPs
2025-10-28 20:56:32 [INFO] APPLICATION: [LicenseScheduler] OTP cleanup completed successfully
2025-10-28 20:56:32 [INFO] APPLICATION: [LicenseScheduler] Starting OTP cleanup
2025-10-28 20:56:32 [INFO] APPLICATION: [OTPDAO] Deleted 0 expired OTPs
2025-10-28 20:56:32 [INFO] APPLICATION: [LicenseScheduler] OTP cleanup completed successfully
2025-10-28 20:56:32 [INFO] APPLICATION: [LicenseScheduler] Starting OTP cleanup
2025-10-28 20:56:32 [INFO] APPLICATION: [OTPDAO] Deleted 0 expired OTPs
2025-10-28 20:56:32 [INFO] APPLICATION: [LicenseScheduler] OTP cleanup completed successfully
2025-10-28 20:56:32 [INFO] APPLICATION: [LicenseScheduler] Starting OTP cleanup
2025-10-28 20:56:32 [INFO] APPLICATION: [OTPDAO] Deleted 0 expired OTPs
2025-10-28 20:56:32 [INFO] APPLICATION: [LicenseScheduler] OTP cleanup completed successfully
2025-10-28 20:56:32 [INFO] APPLICATION: [LicenseScheduler] Starting OTP cleanup
2025-10-28 20:56:32 [INFO] APPLICATION: [OTPDAO] Deleted 0 expired OTPs
2025-10-28 20:56:32 [INFO] APPLICATION: [LicenseScheduler] OTP cleanup completed successfully
2025-10-28 20:56:32 [INFO] APPLICATION: [LicenseScheduler] Starting OTP cleanup
2025-10-28 20:56:32 [INFO] APPLICATION: [OTPDAO] Deleted 0 expired OTPs
2025-10-28 20:56:32 [INFO] APPLICATION: [LicenseScheduler] OTP cleanup completed successfully
2025-10-28 20:56:32 [INFO] APPLICATION: [LicenseScheduler] Starting OTP cleanup
2025-10-28 20:56:32 [INFO] APPLICATION: [OTPDAO] Deleted 0 expired OTPs
2025-10-28 20:56:32 [INFO] APPLICATION: [LicenseScheduler] OTP cleanup completed successfully
2025-10-28 20:56:32 [INFO] APPLICATION: [LicenseScheduler] Starting OTP cleanup
2025-10-28 20:56:32 [INFO] APPLICATION: [OTPDAO] Deleted 0 expired OTPs
2025-10-28 20:56:32 [INFO] APPLICATION: [LicenseScheduler] OTP cleanup completed successfully
2025-10-28 20:56:32 [INFO] APPLICATION: [LicenseScheduler] Starting OTP cleanup
2025-10-28 20:56:32 [INFO] APPLICATION: [OTPDAO] Deleted 0 expired OTPs
2025-10-28 20:56:32 [INFO] APPLICATION: [LicenseScheduler] OTP cleanup completed successfully
2025-10-28 20:56:32 [INFO] APPLICATION: [LicenseScheduler] Starting OTP cleanup
2025-10-28 20:56:33 [INFO] APPLICATION: [OTPDAO] Deleted 0 expired OTPs
2025-10-28 20:56:33 [INFO] APPLICATION: [LicenseScheduler] OTP cleanup completed successfully
2025-10-28 20:56:33 [INFO] APPLICATION: [LicenseScheduler] Starting OTP cleanup
2025-10-28 20:56:33 [INFO] APPLICATION: [OTPDAO] Deleted 0 expired OTPs
2025-10-28 20:56:33 [INFO] APPLICATION: [LicenseScheduler] OTP cleanup completed successfully
2025-10-28 20:56:33 [INFO] APPLICATION: [LicenseScheduler] Starting OTP cleanup
2025-10-28 20:56:33 [INFO] APPLICATION: [OTPDAO] Deleted 0 expired OTPs
2025-10-28 20:56:33 [INFO] APPLICATION: [LicenseScheduler] OTP cleanup completed successfully
2025-10-28 20:56:33 [INFO] APPLICATION: [LicenseScheduler] Starting OTP cleanup
2025-10-28 20:56:33 [INFO] APPLICATION: [OTPDAO] Deleted 0 expired OTPs
2025-10-28 20:56:33 [INFO] APPLICATION: [LicenseScheduler] OTP cleanup completed successfully
2025-10-28 20:56:33 [INFO] APPLICATION: [LicenseScheduler] Starting OTP cleanup
2025-10-28 20:56:33 [INFO] APPLICATION: [OTPDAO] Deleted 0 expired OTPs
2025-10-28 20:56:33 [INFO] APPLICATION: [LicenseScheduler] OTP cleanup completed successfully
2025-10-28 20:56:33 [INFO] APPLICATION: [LicenseScheduler] Starting OTP cleanup
2025-10-28 20:56:33 [INFO] APPLICATION: [OTPDAO] Deleted 0 expired OTPs
2025-10-28 20:56:33 [INFO] APPLICATION: [LicenseScheduler] OTP cleanup completed successfully
2025-10-28 20:56:33 [INFO] APPLICATION: [LicenseScheduler] Starting OTP cleanup
2025-10-28 20:56:33 [INFO] APPLICATION: [OTPDAO] Deleted 0 expired OTPs
2025-10-28 20:56:33 [INFO] APPLICATION: [LicenseScheduler] OTP cleanup completed successfully
2025-10-28 20:56:33 [INFO] APPLICATION: [LicenseScheduler] Starting OTP cleanup
2025-10-28 20:56:33 [INFO] APPLICATION: [OTPDAO] Deleted 0 expired OTPs
2025-10-28 20:56:33 [INFO] APPLICATION: [LicenseScheduler] OTP cleanup completed successfully
2025-10-28 20:56:33 [INFO] APPLICATION: [LicenseScheduler] Starting OTP cleanup
2025-10-28 20:56:33 [INFO] APPLICATION: [OTPDAO] Deleted 0 expired OTPs
2025-10-28 20:56:33 [INFO] APPLICATION: [LicenseScheduler] OTP cleanup completed successfully
2025-10-28 20:56:33 [INFO] APPLICATION: [LicenseScheduler] Starting OTP cleanup
2025-10-28 20:56:33 [INFO] APPLICATION: [OTPDAO] Deleted 0 expired OTPs
2025-10-28 20:56:33 [INFO] APPLICATION: [LicenseScheduler] OTP cleanup completed successfully
2025-10-28 20:56:33 [INFO] APPLICATION: [LicenseScheduler] Starting OTP cleanup
2025-10-28 20:56:33 [INFO] APPLICATION: [OTPDAO] Deleted 0 expired OTPs
2025-10-28 20:56:33 [INFO] APPLICATION: [LicenseScheduler] OTP cleanup completed successfully
2025-10-28 20:56:33 [INFO] APPLICATION: [LicenseScheduler] Starting OTP cleanup
2025-10-28 20:56:33 [INFO] APPLICATION: [OTPDAO] Deleted 0 expired OTPs
2025-10-28 20:56:33 [INFO] APPLICATION: [LicenseScheduler] OTP cleanup completed successfully
2025-10-28 20:56:33 [INFO] APPLICATION: [LicenseScheduler] Starting OTP cleanup
2025-10-28 20:56:33 [INFO] APPLICATION: [OTPDAO] Deleted 0 expired OTPs
2025-10-28 20:56:33 [INFO] APPLICATION: [LicenseScheduler] OTP cleanup completed successfully
2025-10-28 20:56:33 [INFO] APPLICATION: [LicenseScheduler] Starting OTP cleanup
2025-10-28 20:56:33 [INFO] APPLICATION: [OTPDAO] Deleted 0 expired OTPs
2025-10-28 20:56:33 [INFO] APPLICATION: [LicenseScheduler] OTP cleanup completed successfully
2025-10-28 20:56:33 [INFO] APPLICATION: [LicenseScheduler] Starting OTP cleanup
2025-10-28 20:56:34 [INFO] APPLICATION: [OTPDAO] Deleted 0 expired OTPs
2025-10-28 20:56:34 [INFO] APPLICATION: [LicenseScheduler] OTP cleanup completed successfully
2025-10-28 20:56:34 [INFO] APPLICATION: [LicenseScheduler] Starting OTP cleanup
2025-10-28 20:56:34 [INFO] APPLICATION: [OTPDAO] Deleted 0 expired OTPs
2025-10-28 20:56:34 [INFO] APPLICATION: [LicenseScheduler] OTP cleanup completed successfully
2025-10-28 20:56:34 [INFO] APPLICATION: [LicenseScheduler] Starting OTP cleanup
2025-10-28 20:56:34 [INFO] APPLICATION: [OTPDAO] Deleted 0 expired OTPs
2025-10-28 20:56:34 [INFO] APPLICATION: [LicenseScheduler] OTP cleanup completed successfully
2025-10-28 20:56:34 [INFO] APPLICATION: [LicenseScheduler] Starting OTP cleanup
2025-10-28 20:56:34 [INFO] APPLICATION: [OTPDAO] Deleted 0 expired OTPs
2025-10-28 20:56:34 [INFO] APPLICATION: [LicenseScheduler] OTP cleanup completed successfully
2025-10-28 20:56:34 [INFO] APPLICATION: [LicenseScheduler] Starting OTP cleanup
2025-10-28 20:56:34 [INFO] APPLICATION: [OTPDAO] Deleted 0 expired OTPs
2025-10-28 20:56:34 [INFO] APPLICATION: [LicenseScheduler] OTP cleanup completed successfully
2025-10-28 20:56:34 [INFO] APPLICATION: [LicenseScheduler] Starting OTP cleanup
2025-10-28 20:56:34 [INFO] APPLICATION: [OTPDAO] Deleted 0 expired OTPs
2025-10-28 20:56:34 [INFO] APPLICATION: [LicenseScheduler] OTP cleanup completed successfully
2025-10-28 20:56:34 [INFO] APPLICATION: [LicenseScheduler] Starting OTP cleanup
2025-10-28 20:56:34 [INFO] APPLICATION: [OTPDAO] Deleted 0 expired OTPs
2025-10-28 20:56:34 [INFO] APPLICATION: [LicenseScheduler] OTP cleanup completed successfully
2025-10-28 20:56:34 [INFO] APPLICATION: [LicenseScheduler] Starting OTP cleanup
2025-10-28 20:56:34 [INFO] APPLICATION: [OTPDAO] Deleted 0 expired OTPs
2025-10-28 20:56:34 [INFO] APPLICATION: [LicenseScheduler] OTP cleanup completed successfully
2025-10-28 20:56:34 [INFO] APPLICATION: [LicenseScheduler] Starting OTP cleanup
2025-10-28 20:56:34 [INFO] APPLICATION: [OTPDAO] Deleted 0 expired OTPs
2025-10-28 20:56:34 [INFO] APPLICATION: [LicenseScheduler] OTP cleanup completed successfully
2025-10-28 21:15:52 [INFO] APPLICATION: [LicenseScheduler] Starting OTP cleanup
2025-10-28 21:15:52 [INFO] APPLICATION: [OTPDAO] Deleted 0 expired OTPs
2025-10-28 21:15:52 [INFO] APPLICATION: [LicenseScheduler] OTP cleanup completed successfully
2025-10-28 22:15:52 [INFO] APPLICATION: [LicenseScheduler] Starting OTP cleanup
2025-10-28 22:15:52 [INFO] APPLICATION: [OTPDAO] Deleted 0 expired OTPs
2025-10-28 22:15:52 [INFO] APPLICATION: [LicenseScheduler] OTP cleanup completed successfully
2025-10-28 22:40:16 [INFO] APPLICATION: [UserServlet] doGet called for path: /8
2025-10-28 22:40:16 [INFO] APPLICATION: [UserServlet] Attributes - userId: 34, username: userhamdy, role: USER
2025-10-28 22:40:37 [INFO] APPLICATION: [UserServlet] doGet called for path: /8
2025-10-28 22:40:37 [INFO] APPLICATION: [UserServlet] Attributes - userId: 28, username: myadmin, role: ADMIN
2025-10-28 22:40:37 [INFO] APPLICATION: [UserServlet] User 8 retrieved by: myadmin
2025-10-28 22:43:41 [INFO] APPLICATION: [OTPDAO] OTP created successfully with ID: 34
2025-10-28 22:43:55 [INFO] APPLICATION: [UserOTPService] Password reset OTP email sent successfully for user: updated_user
2025-10-28 22:45:45 [INFO] APPLICATION: [UserServlet] doGet called for path: /
2025-10-28 22:45:45 [INFO] APPLICATION: [UserServlet] Attributes - userId: 28, username: myadmin, role: ADMIN
2025-10-28 22:45:46 [INFO] APPLICATION: [UserServlet] All users retrieved by: myadmin
2025-10-28 22:47:24 [INFO] APPLICATION: [UserServlet] doGet called for path: /28
2025-10-28 22:47:24 [INFO] APPLICATION: [UserServlet] Attributes - userId: 28, username: myadmin, role: ADMIN
2025-10-28 22:47:24 [INFO] APPLICATION: [UserServlet] User 28 retrieved by: myadmin
2025-10-28 22:48:02 [INFO] APPLICATION: [UserServlet] doGet called for path: /28
2025-10-28 22:48:02 [INFO] APPLICATION: [UserServlet] Attributes - userId: 28, username: myadmin, role: ADMIN
2025-10-28 22:48:02 [INFO] APPLICATION: [UserServlet] User 28 retrieved by: myadmin
2025-10-28 22:48:10 [INFO] APPLICATION: [UserServlet] doGet called for path: /28
2025-10-28 22:48:10 [INFO] APPLICATION: [UserServlet] Attributes - userId: 28, username: myadmin, role: ADMIN
2025-10-28 22:48:10 [INFO] APPLICATION: [UserServlet] User 28 retrieved by: myadmin
2025-10-28 22:49:01 [SEVERE] APPLICATION: [UserServlet] Error in doPut
2025-10-28 22:49:06 [SEVERE] APPLICATION: [UserServlet] Error in doPut
2025-10-28 22:49:10 [INFO] APPLICATION: [UserServlet] doGet called for path: /28
2025-10-28 22:49:10 [INFO] APPLICATION: [UserServlet] Attributes - userId: 28, username: myadmin, role: ADMIN
2025-10-28 22:49:10 [INFO] APPLICATION: [UserServlet] User 28 retrieved by: myadmin
2025-10-28 22:49:17 [SEVERE] APPLICATION: [UserServlet] Error in doPut
2025-10-28 22:49:36 [INFO] APPLICATION: [UserServlet] doGet called for path: /34
2025-10-28 22:49:36 [INFO] APPLICATION: [UserServlet] Attributes - userId: 28, username: myadmin, role: ADMIN
2025-10-28 22:49:36 [INFO] APPLICATION: [UserServlet] User 34 retrieved by: myadmin
2025-10-28 22:50:05 [SEVERE] APPLICATION: [UserServlet] Error in doPut
2025-10-28 23:02:56 [INFO] APPLICATION: [AttendanceServlet] Retrieved attendance for date: 2025-10-28
2025-10-28 23:03:13 [INFO] APPLICATION: [UserServlet] doGet called for path: null
2025-10-28 23:03:13 [INFO] APPLICATION: [UserServlet] Attributes - userId: 28, username: myadmin, role: ADMIN
2025-10-28 23:03:13 [INFO] APPLICATION: [UserServlet] All users retrieved by: myadmin
2025-10-28 23:03:14 [INFO] APPLICATION: [UserServlet] doGet called for path: null
2025-10-28 23:03:14 [INFO] APPLICATION: [UserServlet] Attributes - userId: 28, username: myadmin, role: ADMIN
2025-10-28 23:03:14 [INFO] APPLICATION: [UserServlet] All users retrieved by: myadmin
2025-10-28 23:03:34 [INFO] APPLICATION: [AttendanceServlet] Retrieved attendance for date: 2025-10-28
2025-10-28 23:03:37 [INFO] APPLICATION: [UserServlet] doGet called for path: null
2025-10-28 23:03:37 [INFO] APPLICATION: [UserServlet] Attributes - userId: 28, username: myadmin, role: ADMIN
2025-10-28 23:03:37 [INFO] APPLICATION: [UserServlet] All users retrieved by: myadmin
2025-10-28 23:03:37 [INFO] APPLICATION: [UserServlet] doGet called for path: null
2025-10-28 23:03:37 [INFO] APPLICATION: [UserServlet] Attributes - userId: 28, username: myadmin, role: ADMIN
2025-10-28 23:03:38 [INFO] APPLICATION: [UserServlet] All users retrieved by: myadmin
2025-10-28 23:15:52 [INFO] APPLICATION: [LicenseScheduler] Starting OTP cleanup
2025-10-28 23:15:52 [INFO] APPLICATION: [OTPDAO] Deleted 1 expired OTPs
2025-10-28 23:15:52 [INFO] APPLICATION: [OTPService] Cleaned up 1 expired OTPs
2025-10-28 23:15:52 [INFO] APPLICATION: [LicenseScheduler] OTP cleanup completed successfully
2025-10-28 23:31:42 [INFO] APPLICATION: [AttendanceServlet] Retrieved attendance for date: 2025-10-28
2025-10-28 23:31:43 [INFO] APPLICATION: [UserServlet] doGet called for path: null
2025-10-28 23:31:43 [INFO] APPLICATION: [UserServlet] Attributes - userId: 28, username: myadmin, role: ADMIN
2025-10-28 23:31:44 [INFO] APPLICATION: [UserServlet] All users retrieved by: myadmin
2025-10-28 23:31:44 [INFO] APPLICATION: [UserServlet] doGet called for path: null
2025-10-28 23:31:44 [INFO] APPLICATION: [UserServlet] Attributes - userId: 28, username: myadmin, role: ADMIN
2025-10-28 23:31:44 [INFO] APPLICATION: [UserServlet] All users retrieved by: myadmin
2025-10-28 23:59:12 [INFO] APPLICATION: [LicenseScheduler] Starting daily license check
2025-10-28 23:59:12 [INFO] APPLICATION: [LicenseDAO] License updated successfully with ID: 18
2025-10-28 23:59:12 [INFO] APPLICATION: [LicenseService] Daily license check completed. Remaining days: 19, Status: ACTIVE
2025-10-28 23:59:12 [INFO] APPLICATION: [LicenseScheduler] Daily license check completed successfully. Status: ACTIVE, Valid: true, Remaining Days: 19
2025-10-29 00:15:52 [INFO] APPLICATION: [LicenseScheduler] Starting OTP cleanup
2025-10-29 00:15:52 [INFO] APPLICATION: [OTPDAO] Deleted 0 expired OTPs
2025-10-29 00:15:52 [INFO] APPLICATION: [LicenseScheduler] OTP cleanup completed successfully
2025-10-31 14:14:18 [INFO] APPLICATION: [MainApp] Server shutdown initiated
2025-10-31 14:14:18 [INFO] APPLICATION: [LicenseScheduler] License scheduler stopped successfully
2025-10-31 14:14:18 [INFO] APPLICATION: [MainApp] License scheduler stopped
2025-10-31 14:14:18 [INFO] APPLICATION: [AttendanceScheduler] Stopping attendance scheduler...
2025-10-31 14:14:18 [INFO] APPLICATION: [AttendanceScheduler] Attendance scheduler stopped
2025-10-31 14:14:18 [INFO] APPLICATION: [MainApp] Attendance scheduler stopped
2025-10-31 14:14:18 [INFO] APPLICATION: [LoggerUtil] LoggerUtil shutdown completed
2025-10-31 14:33:03 [INFO] APPLICATION: [LoggerUtil] Logging system initialized successfully with log rotation
2025-10-31 14:33:03 [INFO] APPLICATION: [MainApp] Starting School Management System...
2025-10-31 14:33:04 [INFO] APPLICATION: [MainApp] Database connection successful!
2025-10-31 14:33:04 [INFO] APPLICATION: DB_OPERATION: CONNECTION_TEST | TABLE: ALL | DETAILS: Database connectivity verified
2025-10-31 14:33:04 [INFO] APPLICATION: [MainApp] License validation successful. License expires on: 2025-11-16
2025-10-31 14:33:04 [INFO] APPLICATION: [MainApp] Database connection successful!
2025-10-31 14:33:04 [INFO] APPLICATION: DB_OPERATION: CONNECTION_TEST | TABLE: ALL | DETAILS: Database connectivity verified
2025-10-31 14:33:05 [INFO] APPLICATION: [LicenseScheduler] Starting OTP cleanup
2025-10-31 14:33:05 [INFO] APPLICATION: [LicenseScheduler] License scheduler started. Daily check will run in 34014 seconds
2025-10-31 14:33:05 [INFO] APPLICATION: [MainApp] License scheduler started successfully
2025-10-31 14:33:05 [INFO] APPLICATION: [AttendanceScheduler] Starting attendance scheduler...
2025-10-31 14:33:05 [INFO] APPLICATION: [AttendanceScheduler] Attendance scheduler started. Next run in 7734 seconds at 4:30 PM
2025-10-31 14:33:05 [INFO] APPLICATION: [MainApp] Attendance scheduler started successfully - daily attendance updates at 12:00 PM
2025-10-31 14:33:05 [INFO] APPLICATION: [MainApp] Backend API Server started on port 8081
2025-10-31 14:33:05 [INFO] APPLICATION: [MainApp] API Base URL: http://localhost:8081/api
2025-10-31 14:33:05 [INFO] APPLICATION: [MainApp] Server endpoints registered successfully
2025-10-31 14:33:05 [INFO] APPLICATION: [MainApp] Log rotation is active - logs will be automatically rotated when they exceed 10MB
2025-10-31 14:33:05 [INFO] APPLICATION: [OTPDAO] Deleted 0 expired OTPs
2025-10-31 14:33:05 [INFO] APPLICATION: [LicenseScheduler] OTP cleanup completed successfully
2025-10-31 14:40:22 [INFO] APPLICATION: [LoggerUtil] Logging system initialized successfully with log rotation
2025-10-31 14:40:22 [INFO] APPLICATION: [MainApp] Starting School Management System...
2025-10-31 14:40:23 [INFO] APPLICATION: [MainApp] Database connection successful!
2025-10-31 14:40:23 [INFO] APPLICATION: DB_OPERATION: CONNECTION_TEST | TABLE: ALL | DETAILS: Database connectivity verified
2025-10-31 14:40:23 [INFO] APPLICATION: [MainApp] License validation successful. License expires on: 2025-11-16
2025-10-31 14:40:23 [INFO] APPLICATION: [MainApp] Database connection successful!
2025-10-31 14:40:23 [INFO] APPLICATION: DB_OPERATION: CONNECTION_TEST | TABLE: ALL | DETAILS: Database connectivity verified
2025-10-31 14:40:24 [INFO] APPLICATION: [LicenseScheduler] Starting OTP cleanup
2025-10-31 14:40:24 [INFO] APPLICATION: [LicenseScheduler] License scheduler started. Daily check will run in 33575 seconds
2025-10-31 14:40:24 [INFO] APPLICATION: [MainApp] License scheduler started successfully
2025-10-31 14:40:24 [INFO] APPLICATION: [AttendanceScheduler] Starting attendance scheduler...
2025-10-31 14:40:24 [INFO] APPLICATION: [AttendanceScheduler] Attendance scheduler started. Next run in 7295 seconds at 4:30 PM
2025-10-31 14:40:24 [INFO] APPLICATION: [MainApp] Attendance scheduler started successfully - daily attendance updates at 12:00 PM
2025-10-31 14:40:24 [INFO] APPLICATION: [MainApp] Backend API Server started on port 8081
2025-10-31 14:40:24 [INFO] APPLICATION: [MainApp] API Base URL: http://localhost:8081/api
2025-10-31 14:40:24 [INFO] APPLICATION: [MainApp] Server endpoints registered successfully
2025-10-31 14:40:24 [INFO] APPLICATION: [MainApp] Log rotation is active - logs will be automatically rotated when they exceed 10MB
2025-10-31 14:40:24 [INFO] APPLICATION: [OTPDAO] Deleted 0 expired OTPs
2025-10-31 14:40:24 [INFO] APPLICATION: [LicenseScheduler] OTP cleanup completed successfully
2025-10-31 14:42:43 [INFO] APPLICATION: [LoggerUtil] Logging system initialized successfully with log rotation
2025-10-31 14:42:43 [INFO] APPLICATION: [MainApp] Starting School Management System...
2025-10-31 14:42:44 [INFO] APPLICATION: [MainApp] Database connection successful!
2025-10-31 14:42:44 [INFO] APPLICATION: DB_OPERATION: CONNECTION_TEST | TABLE: ALL | DETAILS: Database connectivity verified
2025-10-31 14:42:44 [INFO] APPLICATION: [MainApp] License validation successful. License expires on: 2025-11-16
2025-10-31 14:42:44 [INFO] APPLICATION: [MainApp] Database connection successful!
2025-10-31 14:42:44 [INFO] APPLICATION: DB_OPERATION: CONNECTION_TEST | TABLE: ALL | DETAILS: Database connectivity verified
2025-10-31 14:42:45 [INFO] APPLICATION: [LicenseScheduler] Starting OTP cleanup
2025-10-31 14:42:45 [INFO] APPLICATION: [LicenseScheduler] License scheduler started. Daily check will run in 33434 seconds
2025-10-31 14:42:45 [INFO] APPLICATION: [MainApp] License scheduler started successfully
2025-10-31 14:42:45 [INFO] APPLICATION: [AttendanceScheduler] Starting attendance scheduler...
2025-10-31 14:42:45 [INFO] APPLICATION: [AttendanceScheduler] Attendance scheduler started. Next run in 7154 seconds at 4:30 PM
2025-10-31 14:42:45 [INFO] APPLICATION: [MainApp] Attendance scheduler started successfully - daily attendance updates at 12:00 PM
2025-10-31 14:42:45 [INFO] APPLICATION: [MainApp] Backend API Server started on port 8081
2025-10-31 14:42:45 [INFO] APPLICATION: [MainApp] API Base URL: http://localhost:8081/api
2025-10-31 14:42:45 [INFO] APPLICATION: [MainApp] Server endpoints registered successfully
2025-10-31 14:42:45 [INFO] APPLICATION: [MainApp] Log rotation is active - logs will be automatically rotated when they exceed 10MB
2025-10-31 14:42:45 [INFO] APPLICATION: [OTPDAO] Deleted 0 expired OTPs
2025-10-31 14:42:45 [INFO] APPLICATION: [LicenseScheduler] OTP cleanup completed successfully
2025-10-31 15:09:32 [INFO] APPLICATION: [LoggerUtil] Logging system initialized successfully with log rotation
2025-10-31 15:09:32 [INFO] APPLICATION: [MainApp] Starting School Management System...
2025-10-31 15:09:32 [INFO] APPLICATION: [MainApp] Database connection successful!
2025-10-31 15:09:32 [INFO] APPLICATION: DB_OPERATION: CONNECTION_TEST | TABLE: ALL | DETAILS: Database connectivity verified
2025-10-31 15:09:33 [INFO] APPLICATION: [MainApp] License validation successful. License expires on: 2025-11-16
2025-10-31 15:09:33 [INFO] APPLICATION: [MainApp] Database connection successful!
2025-10-31 15:09:33 [INFO] APPLICATION: DB_OPERATION: CONNECTION_TEST | TABLE: ALL | DETAILS: Database connectivity verified
2025-10-31 15:09:33 [INFO] APPLICATION: [LicenseScheduler] Starting OTP cleanup
2025-10-31 15:09:33 [INFO] APPLICATION: [LicenseScheduler] License scheduler started. Daily check will run in 31826 seconds
2025-10-31 15:09:33 [INFO] APPLICATION: [MainApp] License scheduler started successfully
2025-10-31 15:09:33 [INFO] APPLICATION: [AttendanceScheduler] Starting attendance scheduler...
2025-10-31 15:09:33 [INFO] APPLICATION: [AttendanceScheduler] Attendance scheduler started. Next run in 5546 seconds at 4:30 PM
2025-10-31 15:09:33 [INFO] APPLICATION: [MainApp] Attendance scheduler started successfully - daily attendance updates at 12:00 PM
2025-10-31 15:09:33 [INFO] APPLICATION: [MainApp] Backend API Server started on port 8081
2025-10-31 15:09:33 [INFO] APPLICATION: [MainApp] API Base URL: http://localhost:8081/api
2025-10-31 15:09:33 [INFO] APPLICATION: [MainApp] Server endpoints registered successfully
2025-10-31 15:09:33 [INFO] APPLICATION: [MainApp] Log rotation is active - logs will be automatically rotated when they exceed 10MB
2025-10-31 15:09:33 [INFO] APPLICATION: [OTPDAO] Deleted 0 expired OTPs
2025-10-31 15:09:33 [INFO] APPLICATION: [LicenseScheduler] OTP cleanup completed successfully
2025-10-31 16:09:33 [INFO] APPLICATION: [LicenseScheduler] Starting OTP cleanup
2025-10-31 16:09:33 [INFO] APPLICATION: [OTPDAO] Deleted 0 expired OTPs
2025-10-31 16:09:33 [INFO] APPLICATION: [LicenseScheduler] OTP cleanup completed successfully
2025-10-31 16:41:59 [INFO] APPLICATION: [AttendanceScheduler] Starting automated daily attendance update job...
2025-10-31 16:41:59 [INFO] APPLICATION: [AttendanceService] Starting automated daily attendance update
2025-10-31 16:42:00 [INFO] APPLICATION: [AttendanceService] Successfully marked 29 students as absent for 2025-10-31
2025-10-31 16:42:00 [INFO] APPLICATION: [AttendanceScheduler] Daily attendance update completed successfully. Successfully marked 29 students as absent for 2025-10-31
2025-10-31 16:42:00 [INFO] APPLICATION: DB_OPERATION: ATTENDANCE_AUTO_UPDATE | TABLE: SYSTEM | DETAILS: Automated attendance marking: 29 students affected
2025-10-31 17:09:33 [INFO] APPLICATION: [LicenseScheduler] Starting OTP cleanup
2025-10-31 17:09:33 [INFO] APPLICATION: [OTPDAO] Deleted 0 expired OTPs
2025-10-31 17:09:33 [INFO] APPLICATION: [LicenseScheduler] OTP cleanup completed successfully
2025-11-01 15:36:39 [INFO] APPLICATION: [LoggerUtil] Logging system initialized successfully with log rotation
2025-11-01 15:36:39 [INFO] APPLICATION: [MainApp] Starting School Management System...
2025-11-01 15:36:40 [SEVERE] APPLICATION: [MainApp] Database connection failed! Continuing startup in degraded mode.
2025-11-01 15:36:40 [SEVERE] APPLICATION: [MainApp] Failed to validate license during startup: Error getting database connection
2025-11-01 15:36:40 [INFO] APPLICATION: [MainApp] Continuing startup in license-restricted mode due to validation error.
2025-11-01 15:36:40 [SEVERE] APPLICATION: [MainApp] Database connection failed! Continuing startup in degraded mode.
2025-11-01 15:36:41 [INFO] APPLICATION: [LicenseScheduler] Starting OTP cleanup
2025-11-01 15:36:41 [INFO] APPLICATION: [LicenseScheduler] License scheduler started. Daily check will run in 30198 seconds
2025-11-01 15:36:41 [INFO] APPLICATION: [MainApp] License scheduler started successfully
2025-11-01 15:36:41 [INFO] APPLICATION: [AttendanceScheduler] Starting attendance scheduler...
2025-11-01 15:36:41 [INFO] APPLICATION: [AttendanceScheduler] Attendance scheduler started. Next run in 3918 seconds at 4:30 PM
2025-11-01 15:36:41 [INFO] APPLICATION: [MainApp] Attendance scheduler started successfully - daily attendance updates at 12:00 PM
2025-11-01 15:36:41 [INFO] APPLICATION: [MainApp] Backend API Server started on port 8081
2025-11-01 15:36:41 [INFO] APPLICATION: [MainApp] API Base URL: http://localhost:8081/api
2025-11-01 15:36:41 [INFO] APPLICATION: [MainApp] Server endpoints registered successfully
2025-11-01 15:36:41 [INFO] APPLICATION: [MainApp] Log rotation is active - logs will be automatically rotated when they exceed 10MB
2025-11-01 15:36:41 [SEVERE] APPLICATION: [LicenseScheduler] Failed to perform OTP cleanup
2025-11-01 15:38:22 [INFO] APPLICATION: [LoggerUtil] Logging system initialized successfully with log rotation
2025-11-01 15:38:22 [INFO] APPLICATION: [MainApp] Starting School Management System...
2025-11-01 15:38:23 [INFO] APPLICATION: [MainApp] Database connection successful!
2025-11-01 15:38:23 [INFO] APPLICATION: DB_OPERATION: CONNECTION_TEST | TABLE: ALL | DETAILS: Database connectivity verified
2025-11-01 15:38:23 [INFO] APPLICATION: [MainApp] License validation successful. License expires on: 2025-11-16
2025-11-01 15:38:23 [INFO] APPLICATION: [MainApp] Database connection successful!
2025-11-01 15:38:23 [INFO] APPLICATION: DB_OPERATION: CONNECTION_TEST | TABLE: ALL | DETAILS: Database connectivity verified
2025-11-01 15:38:23 [INFO] APPLICATION: [LicenseScheduler] Starting OTP cleanup
2025-11-01 15:38:24 [INFO] APPLICATION: [LicenseScheduler] License scheduler started. Daily check will run in 30096 seconds
2025-11-01 15:38:24 [INFO] APPLICATION: [MainApp] License scheduler started successfully
2025-11-01 15:38:24 [INFO] APPLICATION: [AttendanceScheduler] Starting attendance scheduler...
2025-11-01 15:38:24 [INFO] APPLICATION: [AttendanceScheduler] Attendance scheduler started. Next run in 3815 seconds at 4:30 PM
2025-11-01 15:38:24 [INFO] APPLICATION: [MainApp] Attendance scheduler started successfully - daily attendance updates at 12:00 PM
2025-11-01 15:38:24 [INFO] APPLICATION: [MainApp] Backend API Server started on port 8081
2025-11-01 15:38:24 [INFO] APPLICATION: [MainApp] API Base URL: http://localhost:8081/api
2025-11-01 15:38:24 [INFO] APPLICATION: [MainApp] Server endpoints registered successfully
2025-11-01 15:38:24 [INFO] APPLICATION: [MainApp] Log rotation is active - logs will be automatically rotated when they exceed 10MB
2025-11-01 15:38:24 [INFO] APPLICATION: [OTPDAO] Deleted 0 expired OTPs
2025-11-01 15:38:24 [INFO] APPLICATION: [LicenseScheduler] OTP cleanup completed successfully
2025-11-01 15:40:19 [INFO] APPLICATION: [StudentQRCodeServlet] Generating QR codes for 29 students
2025-11-01 15:40:19 [INFO] APPLICATION: [StudentQRCodeServlet] Created temporary directory: C:\Users\hamdy\AppData\Local\Temp\student_qrcodes_523942528209399051
2025-11-01 15:40:19 [INFO] APPLICATION: [StudentQRCodeServlet] Created grade directory: ???? ????? ????????
2025-11-01 15:40:19 [INFO] APPLICATION: [StudentQRCodeServlet] Created class directory: ???? ????? ????????/1?
2025-11-01 15:40:20 [INFO] APPLICATION: [QRCodeService] QR code generated and cached for student: ???? ??? ????
2025-11-01 15:40:20 [INFO] APPLICATION: [QRCodeService] QR code file saved: C:\Users\hamdy\AppData\Local\Temp\student_qrcodes_523942528209399051\???? ????? ????????\1?\???? ??? ????.png
2025-11-01 15:40:20 [INFO] APPLICATION: [QRCodeService] QR code generated and cached for student: ????? ????
2025-11-01 15:40:20 [INFO] APPLICATION: [QRCodeService] QR code file saved: C:\Users\hamdy\AppData\Local\Temp\student_qrcodes_523942528209399051\???? ????? ????????\1?\????? ????.png
2025-11-01 15:40:20 [INFO] APPLICATION: [StudentQRCodeServlet] Created class directory: ???? ????? ????????/1?
2025-11-01 15:40:20 [INFO] APPLICATION: [QRCodeService] QR code generated and cached for student: ???? ????
2025-11-01 15:40:20 [INFO] APPLICATION: [QRCodeService] QR code file saved: C:\Users\hamdy\AppData\Local\Temp\student_qrcodes_523942528209399051\???? ????? ????????\1?\???? ????.png
2025-11-01 15:40:20 [INFO] APPLICATION: [QRCodeService] QR code generated and cached for student: ????? ?????
2025-11-01 15:40:20 [INFO] APPLICATION: [QRCodeService] QR code file saved: C:\Users\hamdy\AppData\Local\Temp\student_qrcodes_523942528209399051\???? ????? ????????\1?\????? ?????.png
2025-11-01 15:40:20 [INFO] APPLICATION: [QRCodeService] QR code generated and cached for student: ???? ????
2025-11-01 15:40:20 [INFO] APPLICATION: [QRCodeService] QR code file saved: C:\Users\hamdy\AppData\Local\Temp\student_qrcodes_523942528209399051\???? ????? ????????\1?\???? ????.png
2025-11-01 15:40:20 [INFO] APPLICATION: [QRCodeService] QR code generated and cached for student: ???? ????
2025-11-01 15:40:20 [INFO] APPLICATION: [QRCodeService] QR code file saved: C:\Users\hamdy\AppData\Local\Temp\student_qrcodes_523942528209399051\???? ????? ????????\1?\???? ????.png
2025-11-01 15:40:20 [INFO] APPLICATION: [QRCodeService] QR code generated and cached for student: ???? ????
2025-11-01 15:40:20 [INFO] APPLICATION: [QRCodeService] QR code file saved: C:\Users\hamdy\AppData\Local\Temp\student_qrcodes_523942528209399051\???? ????? ????????\1?\???? ????.png
2025-11-01 15:40:20 [INFO] APPLICATION: [QRCodeService] QR code generated and cached for student: ???? ????
2025-11-01 15:40:20 [INFO] APPLICATION: [QRCodeService] QR code file saved: C:\Users\hamdy\AppData\Local\Temp\student_qrcodes_523942528209399051\???? ????? ????????\1?\???? ????.png
2025-11-01 15:40:20 [INFO] APPLICATION: [QRCodeService] QR code generated and cached for student: ???? ????
2025-11-01 15:40:20 [INFO] APPLICATION: [QRCodeService] QR code file saved: C:\Users\hamdy\AppData\Local\Temp\student_qrcodes_523942528209399051\???? ????? ????????\1?\???? ????.png
2025-11-01 15:40:20 [INFO] APPLICATION: [QRCodeService] QR code generated and cached for student: hamdy ????
2025-11-01 15:40:20 [INFO] APPLICATION: [QRCodeService] QR code file saved: C:\Users\hamdy\AppData\Local\Temp\student_qrcodes_523942528209399051\???? ????? ????????\1?\hamdy ????.png
2025-11-01 15:40:20 [INFO] APPLICATION: [QRCodeService] QR code generated and cached for student: loooy hamdy kouta
2025-11-01 15:40:20 [INFO] APPLICATION: [QRCodeService] QR code file saved: C:\Users\hamdy\AppData\Local\Temp\student_qrcodes_523942528209399051\???? ????? ????????\1?\loooy hamdy kouta.png
2025-11-01 15:40:20 [INFO] APPLICATION: [QRCodeService] QR code generated and cached for student: hamdy ????
2025-11-01 15:40:20 [INFO] APPLICATION: [QRCodeService] QR code file saved: C:\Users\hamdy\AppData\Local\Temp\student_qrcodes_523942528209399051\???? ????? ????????\1?\hamdy ????.png
2025-11-01 15:40:20 [INFO] APPLICATION: [QRCodeService] QR code generated and cached for student: hamdy ????
2025-11-01 15:40:20 [INFO] APPLICATION: [QRCodeService] QR code file saved: C:\Users\hamdy\AppData\Local\Temp\student_qrcodes_523942528209399051\???? ????? ????????\1?\hamdy ????.png
2025-11-01 15:40:20 [INFO] APPLICATION: [QRCodeService] QR code generated and cached for student: salm mohamed yasser
2025-11-01 15:40:20 [INFO] APPLICATION: [QRCodeService] QR code file saved: C:\Users\hamdy\AppData\Local\Temp\student_qrcodes_523942528209399051\???? ????? ????????\1?\salm mohamed yasser.png
2025-11-01 15:40:20 [INFO] APPLICATION: [QRCodeService] QR code generated and cached for student: salm mohamed yasser
2025-11-01 15:40:20 [INFO] APPLICATION: [QRCodeService] QR code file saved: C:\Users\hamdy\AppData\Local\Temp\student_qrcodes_523942528209399051\???? ????? ????????\1?\salm mohamed yasser.png
2025-11-01 15:40:20 [INFO] APPLICATION: [QRCodeService] QR code generated and cached for student: salm mohamed yasser
2025-11-01 15:40:20 [INFO] APPLICATION: [QRCodeService] QR code file saved: C:\Users\hamdy\AppData\Local\Temp\student_qrcodes_523942528209399051\???? ????? ????????\1?\salm mohamed yasser.png
2025-11-01 15:40:20 [INFO] APPLICATION: [QRCodeService] QR code generated and cached for student: salm mohamed yasser
2025-11-01 15:40:20 [INFO] APPLICATION: [QRCodeService] QR code file saved: C:\Users\hamdy\AppData\Local\Temp\student_qrcodes_523942528209399051\???? ????? ????????\1?\salm mohamed yasser.png
2025-11-01 15:40:20 [INFO] APPLICATION: [QRCodeService] QR code generated and cached for student: salm mohamed yasser
2025-11-01 15:40:20 [INFO] APPLICATION: [QRCodeService] QR code file saved: C:\Users\hamdy\AppData\Local\Temp\student_qrcodes_523942528209399051\???? ????? ????????\1?\salm mohamed yasser.png
2025-11-01 15:40:20 [INFO] APPLICATION: [QRCodeService] QR code generated and cached for student: loooy hamdy kouta
2025-11-01 15:40:20 [INFO] APPLICATION: [QRCodeService] QR code file saved: C:\Users\hamdy\AppData\Local\Temp\student_qrcodes_523942528209399051\???? ????? ????????\1?\loooy hamdy kouta.png
2025-11-01 15:40:20 [INFO] APPLICATION: [QRCodeService] QR code generated and cached for student: loooy hamdy kouta
2025-11-01 15:40:20 [INFO] APPLICATION: [QRCodeService] QR code file saved: C:\Users\hamdy\AppData\Local\Temp\student_qrcodes_523942528209399051\???? ????? ????????\1?\loooy hamdy kouta.png
2025-11-01 15:40:20 [INFO] APPLICATION: [QRCodeService] QR code generated and cached for student: salm mohamed yasser
2025-11-01 15:40:20 [INFO] APPLICATION: [QRCodeService] QR code file saved: C:\Users\hamdy\AppData\Local\Temp\student_qrcodes_523942528209399051\???? ????? ????????\1?\salm mohamed yasser.png
2025-11-01 15:40:20 [INFO] APPLICATION: [QRCodeService] QR code generated and cached for student: salm mohamed yasser
2025-11-01 15:40:20 [INFO] APPLICATION: [QRCodeService] QR code file saved: C:\Users\hamdy\AppData\Local\Temp\student_qrcodes_523942528209399051\???? ????? ????????\1?\salm mohamed yasser.png
2025-11-01 15:40:20 [INFO] APPLICATION: [QRCodeService] QR code generated and cached for student: salm mohamed yasser
2025-11-01 15:40:20 [INFO] APPLICATION: [QRCodeService] QR code file saved: C:\Users\hamdy\AppData\Local\Temp\student_qrcodes_523942528209399051\???? ????? ????????\1?\salm mohamed yasser.png
2025-11-01 15:40:20 [INFO] APPLICATION: [QRCodeService] QR code generated and cached for student: salm mohamed yasser
2025-11-01 15:40:20 [INFO] APPLICATION: [QRCodeService] QR code file saved: C:\Users\hamdy\AppData\Local\Temp\student_qrcodes_523942528209399051\???? ????? ????????\1?\salm mohamed yasser.png
2025-11-01 15:40:20 [INFO] APPLICATION: [StudentQRCodeServlet] Created class directory: ???? ????? ????????/1?
2025-11-01 15:40:20 [INFO] APPLICATION: [QRCodeService] QR code generated and cached for student: ????? ???
2025-11-01 15:40:20 [INFO] APPLICATION: [QRCodeService] QR code file saved: C:\Users\hamdy\AppData\Local\Temp\student_qrcodes_523942528209399051\???? ????? ????????\1?\????? ???.png
2025-11-01 15:40:20 [INFO] APPLICATION: [StudentQRCodeServlet] Created grade directory: ???? ?????? ????????
2025-11-01 15:40:20 [INFO] APPLICATION: [StudentQRCodeServlet] Created class directory: ???? ?????? ????????/3?
2025-11-01 15:40:20 [INFO] APPLICATION: [QRCodeService] QR code generated and cached for student: ?????? ????
2025-11-01 15:40:20 [INFO] APPLICATION: [QRCodeService] QR code file saved: C:\Users\hamdy\AppData\Local\Temp\student_qrcodes_523942528209399051\???? ?????? ????????\3?\?????? ????.png
2025-11-01 15:40:20 [INFO] APPLICATION: [StudentQRCodeServlet] Created class directory: ???? ?????? ????????/9?
2025-11-01 15:40:20 [INFO] APPLICATION: [QRCodeService] QR code generated and cached for student: ????? ????
2025-11-01 15:40:20 [INFO] APPLICATION: [QRCodeService] QR code file saved: C:\Users\hamdy\AppData\Local\Temp\student_qrcodes_523942528209399051\???? ?????? ????????\9?\????? ????.png
2025-11-01 15:40:20 [INFO] APPLICATION: [StudentQRCodeServlet] Created class directory: ???? ?????? ????????/3?
2025-11-01 15:40:20 [INFO] APPLICATION: [QRCodeService] QR code generated and cached for student: ???? ??????
2025-11-01 15:40:20 [INFO] APPLICATION: [QRCodeService] QR code file saved: C:\Users\hamdy\AppData\Local\Temp\student_qrcodes_523942528209399051\???? ?????? ????????\3?\???? ??????.png
2025-11-01 15:40:20 [INFO] APPLICATION: [StudentQRCodeServlet] Created grade directory: ???? ?????? ????????
2025-11-01 15:40:20 [INFO] APPLICATION: [StudentQRCodeServlet] Created class directory: ???? ?????? ????????/2?
2025-11-01 15:40:20 [INFO] APPLICATION: [QRCodeService] QR code generated and cached for student: ????? ???
2025-11-01 15:40:20 [INFO] APPLICATION: [QRCodeService] QR code file saved: C:\Users\hamdy\AppData\Local\Temp\student_qrcodes_523942528209399051\???? ?????? ????????\2?\????? ???.png
2025-11-01 15:40:20 [INFO] APPLICATION: [StudentQRCodeServlet] QR code generation completed. Success: 29, Errors: 0
2025-11-01 15:40:20 [INFO] APPLICATION: [StudentQRCodeServlet] Added to ZIP: ???? ????? ????????/1?/hamdy ????.png
2025-11-01 15:40:20 [INFO] APPLICATION: [StudentQRCodeServlet] Added to ZIP: ???? ????? ????????/1?/loooy hamdy kouta.png
2025-11-01 15:40:20 [INFO] APPLICATION: [StudentQRCodeServlet] Added to ZIP: ???? ????? ????????/1?/salm mohamed yasser.png
2025-11-01 15:40:20 [INFO] APPLICATION: [StudentQRCodeServlet] Added to ZIP: ???? ????? ????????/1?/???? ????.png
2025-11-01 15:40:20 [INFO] APPLICATION: [StudentQRCodeServlet] Added to ZIP: ???? ????? ????????/1?/???? ????.png
2025-11-01 15:40:20 [INFO] APPLICATION: [StudentQRCodeServlet] Added to ZIP: ???? ????? ????????/1?/????? ?????.png
2025-11-01 15:40:20 [INFO] APPLICATION: [StudentQRCodeServlet] Added to ZIP: ???? ????? ????????/1?/????? ???.png
2025-11-01 15:40:20 [INFO] APPLICATION: [StudentQRCodeServlet] Added to ZIP: ???? ????? ????????/1?/????? ????.png
2025-11-01 15:40:20 [INFO] APPLICATION: [StudentQRCodeServlet] Added to ZIP: ???? ????? ????????/1?/???? ??? ????.png
2025-11-01 15:40:20 [INFO] APPLICATION: [StudentQRCodeServlet] Added to ZIP: ???? ?????? ????????/3?/?????? ????.png
2025-11-01 15:40:20 [INFO] APPLICATION: [StudentQRCodeServlet] Added to ZIP: ???? ?????? ????????/3?/???? ??????.png
2025-11-01 15:40:20 [INFO] APPLICATION: [StudentQRCodeServlet] Added to ZIP: ???? ?????? ????????/9?/????? ????.png
2025-11-01 15:40:20 [INFO] APPLICATION: [StudentQRCodeServlet] Added to ZIP: ???? ?????? ????????/2?/????? ???.png
2025-11-01 15:40:20 [INFO] APPLICATION: [StudentQRCodeServlet] ZIP file sent successfully
2025-11-01 15:40:20 [INFO] APPLICATION: [StudentQRCodeServlet] Temporary directory cleaned up: C:\Users\hamdy\AppData\Local\Temp\student_qrcodes_523942528209399051
2025-11-01 15:40:27 [INFO] APPLICATION: [StudentQRCodeServlet] Generating QR codes for 29 students
2025-11-01 15:40:27 [INFO] APPLICATION: [StudentQRCodeServlet] Created temporary directory: C:\Users\hamdy\AppData\Local\Temp\student_qrcodes_11040140228383932471
2025-11-01 15:40:27 [INFO] APPLICATION: [StudentQRCodeServlet] Created grade directory: ???? ????? ????????
2025-11-01 15:40:27 [INFO] APPLICATION: [StudentQRCodeServlet] Created class directory: ???? ????? ????????/1?
2025-11-01 15:40:27 [INFO] APPLICATION: [QRCodeService] QR code retrieved from cache for student: ???? ??? ????
2025-11-01 15:40:27 [INFO] APPLICATION: [QRCodeService] QR code file saved: C:\Users\hamdy\AppData\Local\Temp\student_qrcodes_11040140228383932471\???? ????? ????????\1?\???? ??? ????.png
2025-11-01 15:40:27 [INFO] APPLICATION: [QRCodeService] QR code retrieved from cache for student: ????? ????
2025-11-01 15:40:27 [INFO] APPLICATION: [QRCodeService] QR code file saved: C:\Users\hamdy\AppData\Local\Temp\student_qrcodes_11040140228383932471\???? ????? ????????\1?\????? ????.png
2025-11-01 15:40:27 [INFO] APPLICATION: [StudentQRCodeServlet] Created class directory: ???? ????? ????????/1?
2025-11-01 15:40:27 [INFO] APPLICATION: [QRCodeService] QR code retrieved from cache for student: ???? ????
2025-11-01 15:40:27 [INFO] APPLICATION: [QRCodeService] QR code file saved: C:\Users\hamdy\AppData\Local\Temp\student_qrcodes_11040140228383932471\???? ????? ????????\1?\???? ????.png
2025-11-01 15:40:27 [INFO] APPLICATION: [QRCodeService] QR code retrieved from cache for student: ????? ?????
2025-11-01 15:40:27 [INFO] APPLICATION: [QRCodeService] QR code file saved: C:\Users\hamdy\AppData\Local\Temp\student_qrcodes_11040140228383932471\???? ????? ????????\1?\????? ?????.png
2025-11-01 15:40:27 [INFO] APPLICATION: [QRCodeService] QR code retrieved from cache for student: ???? ????
2025-11-01 15:40:27 [INFO] APPLICATION: [QRCodeService] QR code file saved: C:\Users\hamdy\AppData\Local\Temp\student_qrcodes_11040140228383932471\???? ????? ????????\1?\???? ????.png
2025-11-01 15:40:27 [INFO] APPLICATION: [QRCodeService] QR code retrieved from cache for student: ???? ????
2025-11-01 15:40:27 [INFO] APPLICATION: [QRCodeService] QR code file saved: C:\Users\hamdy\AppData\Local\Temp\student_qrcodes_11040140228383932471\???? ????? ????????\1?\???? ????.png
2025-11-01 15:40:27 [INFO] APPLICATION: [QRCodeService] QR code retrieved from cache for student: ???? ????
2025-11-01 15:40:27 [INFO] APPLICATION: [QRCodeService] QR code file saved: C:\Users\hamdy\AppData\Local\Temp\student_qrcodes_11040140228383932471\???? ????? ????????\1?\???? ????.png
2025-11-01 15:40:27 [INFO] APPLICATION: [QRCodeService] QR code retrieved from cache for student: ???? ????
2025-11-01 15:40:27 [INFO] APPLICATION: [QRCodeService] QR code file saved: C:\Users\hamdy\AppData\Local\Temp\student_qrcodes_11040140228383932471\???? ????? ????????\1?\???? ????.png
2025-11-01 15:40:27 [INFO] APPLICATION: [QRCodeService] QR code retrieved from cache for student: ???? ????
2025-11-01 15:40:27 [INFO] APPLICATION: [QRCodeService] QR code file saved: C:\Users\hamdy\AppData\Local\Temp\student_qrcodes_11040140228383932471\???? ????? ????????\1?\???? ????.png
2025-11-01 15:40:27 [INFO] APPLICATION: [QRCodeService] QR code retrieved from cache for student: hamdy ????
2025-11-01 15:40:27 [INFO] APPLICATION: [QRCodeService] QR code file saved: C:\Users\hamdy\AppData\Local\Temp\student_qrcodes_11040140228383932471\???? ????? ????????\1?\hamdy ????.png
2025-11-01 15:40:27 [INFO] APPLICATION: [QRCodeService] QR code retrieved from cache for student: loooy hamdy kouta
2025-11-01 15:40:27 [INFO] APPLICATION: [QRCodeService] QR code file saved: C:\Users\hamdy\AppData\Local\Temp\student_qrcodes_11040140228383932471\???? ????? ????????\1?\loooy hamdy kouta.png
2025-11-01 15:40:27 [INFO] APPLICATION: [QRCodeService] QR code retrieved from cache for student: hamdy ????
2025-11-01 15:40:27 [INFO] APPLICATION: [QRCodeService] QR code file saved: C:\Users\hamdy\AppData\Local\Temp\student_qrcodes_11040140228383932471\???? ????? ????????\1?\hamdy ????.png
2025-11-01 15:40:27 [INFO] APPLICATION: [QRCodeService] QR code retrieved from cache for student: hamdy ????
2025-11-01 15:40:27 [INFO] APPLICATION: [QRCodeService] QR code file saved: C:\Users\hamdy\AppData\Local\Temp\student_qrcodes_11040140228383932471\???? ????? ????????\1?\hamdy ????.png
2025-11-01 15:40:27 [INFO] APPLICATION: [QRCodeService] QR code retrieved from cache for student: salm mohamed yasser
2025-11-01 15:40:27 [INFO] APPLICATION: [QRCodeService] QR code file saved: C:\Users\hamdy\AppData\Local\Temp\student_qrcodes_11040140228383932471\???? ????? ????????\1?\salm mohamed yasser.png
2025-11-01 15:40:27 [INFO] APPLICATION: [QRCodeService] QR code retrieved from cache for student: salm mohamed yasser
2025-11-01 15:40:27 [INFO] APPLICATION: [QRCodeService] QR code file saved: C:\Users\hamdy\AppData\Local\Temp\student_qrcodes_11040140228383932471\???? ????? ????????\1?\salm mohamed yasser.png
2025-11-01 15:40:27 [INFO] APPLICATION: [QRCodeService] QR code retrieved from cache for student: salm mohamed yasser
2025-11-01 15:40:27 [INFO] APPLICATION: [QRCodeService] QR code file saved: C:\Users\hamdy\AppData\Local\Temp\student_qrcodes_11040140228383932471\???? ????? ????????\1?\salm mohamed yasser.png
2025-11-01 15:40:27 [INFO] APPLICATION: [QRCodeService] QR code retrieved from cache for student: salm mohamed yasser
2025-11-01 15:40:27 [INFO] APPLICATION: [QRCodeService] QR code file saved: C:\Users\hamdy\AppData\Local\Temp\student_qrcodes_11040140228383932471\???? ????? ????????\1?\salm mohamed yasser.png
2025-11-01 15:40:27 [INFO] APPLICATION: [QRCodeService] QR code retrieved from cache for student: salm mohamed yasser
2025-11-01 15:40:27 [INFO] APPLICATION: [QRCodeService] QR code file saved: C:\Users\hamdy\AppData\Local\Temp\student_qrcodes_11040140228383932471\???? ????? ????????\1?\salm mohamed yasser.png
2025-11-01 15:40:27 [INFO] APPLICATION: [QRCodeService] QR code retrieved from cache for student: loooy hamdy kouta
2025-11-01 15:40:27 [INFO] APPLICATION: [QRCodeService] QR code file saved: C:\Users\hamdy\AppData\Local\Temp\student_qrcodes_11040140228383932471\???? ????? ????????\1?\loooy hamdy kouta.png
2025-11-01 15:40:27 [INFO] APPLICATION: [QRCodeService] QR code retrieved from cache for student: loooy hamdy kouta
2025-11-01 15:40:27 [INFO] APPLICATION: [QRCodeService] QR code file saved: C:\Users\hamdy\AppData\Local\Temp\student_qrcodes_11040140228383932471\???? ????? ????????\1?\loooy hamdy kouta.png
2025-11-01 15:40:27 [INFO] APPLICATION: [QRCodeService] QR code retrieved from cache for student: salm mohamed yasser
2025-11-01 15:40:27 [INFO] APPLICATION: [QRCodeService] QR code file saved: C:\Users\hamdy\AppData\Local\Temp\student_qrcodes_11040140228383932471\???? ????? ????????\1?\salm mohamed yasser.png
2025-11-01 15:40:27 [INFO] APPLICATION: [QRCodeService] QR code retrieved from cache for student: salm mohamed yasser
2025-11-01 15:40:27 [INFO] APPLICATION: [QRCodeService] QR code file saved: C:\Users\hamdy\AppData\Local\Temp\student_qrcodes_11040140228383932471\???? ????? ????????\1?\salm mohamed yasser.png
2025-11-01 15:40:27 [INFO] APPLICATION: [QRCodeService] QR code retrieved from cache for student: salm mohamed yasser
2025-11-01 15:40:27 [INFO] APPLICATION: [QRCodeService] QR code file saved: C:\Users\hamdy\AppData\Local\Temp\student_qrcodes_11040140228383932471\???? ????? ????????\1?\salm mohamed yasser.png
2025-11-01 15:40:27 [INFO] APPLICATION: [QRCodeService] QR code retrieved from cache for student: salm mohamed yasser
2025-11-01 15:40:27 [INFO] APPLICATION: [QRCodeService] QR code file saved: C:\Users\hamdy\AppData\Local\Temp\student_qrcodes_11040140228383932471\???? ????? ????????\1?\salm mohamed yasser.png
2025-11-01 15:40:27 [INFO] APPLICATION: [StudentQRCodeServlet] Created class directory: ???? ????? ????????/1?
2025-11-01 15:40:27 [INFO] APPLICATION: [QRCodeService] QR code retrieved from cache for student: ????? ???
2025-11-01 15:40:27 [INFO] APPLICATION: [QRCodeService] QR code file saved: C:\Users\hamdy\AppData\Local\Temp\student_qrcodes_11040140228383932471\???? ????? ????????\1?\????? ???.png
2025-11-01 15:40:27 [INFO] APPLICATION: [StudentQRCodeServlet] Created grade directory: ???? ?????? ????????
2025-11-01 15:40:27 [INFO] APPLICATION: [StudentQRCodeServlet] Created class directory: ???? ?????? ????????/3?
2025-11-01 15:40:27 [INFO] APPLICATION: [QRCodeService] QR code retrieved from cache for student: ?????? ????
2025-11-01 15:40:27 [INFO] APPLICATION: [QRCodeService] QR code file saved: C:\Users\hamdy\AppData\Local\Temp\student_qrcodes_11040140228383932471\???? ?????? ????????\3?\?????? ????.png
2025-11-01 15:40:27 [INFO] APPLICATION: [StudentQRCodeServlet] Created class directory: ???? ?????? ????????/9?
2025-11-01 15:40:27 [INFO] APPLICATION: [QRCodeService] QR code retrieved from cache for student: ????? ????
2025-11-01 15:40:27 [INFO] APPLICATION: [QRCodeService] QR code file saved: C:\Users\hamdy\AppData\Local\Temp\student_qrcodes_11040140228383932471\???? ?????? ????????\9?\????? ????.png
2025-11-01 15:40:27 [INFO] APPLICATION: [StudentQRCodeServlet] Created class directory: ???? ?????? ????????/3?
2025-11-01 15:40:27 [INFO] APPLICATION: [QRCodeService] QR code retrieved from cache for student: ???? ??????
2025-11-01 15:40:27 [INFO] APPLICATION: [QRCodeService] QR code file saved: C:\Users\hamdy\AppData\Local\Temp\student_qrcodes_11040140228383932471\???? ?????? ????????\3?\???? ??????.png
2025-11-01 15:40:27 [INFO] APPLICATION: [StudentQRCodeServlet] Created grade directory: ???? ?????? ????????
2025-11-01 15:40:27 [INFO] APPLICATION: [StudentQRCodeServlet] Created class directory: ???? ?????? ????????/2?
2025-11-01 15:40:27 [INFO] APPLICATION: [QRCodeService] QR code retrieved from cache for student: ????? ???
2025-11-01 15:40:27 [INFO] APPLICATION: [QRCodeService] QR code file saved: C:\Users\hamdy\AppData\Local\Temp\student_qrcodes_11040140228383932471\???? ?????? ????????\2?\????? ???.png
2025-11-01 15:40:27 [INFO] APPLICATION: [StudentQRCodeServlet] QR code generation completed. Success: 29, Errors: 0
2025-11-01 15:40:27 [INFO] APPLICATION: [StudentQRCodeServlet] Added to ZIP: ???? ????? ????????/1?/hamdy ????.png
2025-11-01 15:40:27 [INFO] APPLICATION: [StudentQRCodeServlet] Added to ZIP: ???? ????? ????????/1?/loooy hamdy kouta.png
2025-11-01 15:40:27 [INFO] APPLICATION: [StudentQRCodeServlet] Added to ZIP: ???? ????? ????????/1?/salm mohamed yasser.png
2025-11-01 15:40:27 [INFO] APPLICATION: [StudentQRCodeServlet] Added to ZIP: ???? ????? ????????/1?/???? ????.png
2025-11-01 15:40:27 [INFO] APPLICATION: [StudentQRCodeServlet] Added to ZIP: ???? ????? ????????/1?/???? ????.png
2025-11-01 15:40:27 [INFO] APPLICATION: [StudentQRCodeServlet] Added to ZIP: ???? ????? ????????/1?/????? ?????.png
2025-11-01 15:40:27 [INFO] APPLICATION: [StudentQRCodeServlet] Added to ZIP: ???? ????? ????????/1?/????? ???.png
2025-11-01 15:40:27 [INFO] APPLICATION: [StudentQRCodeServlet] Added to ZIP: ???? ????? ????????/1?/????? ????.png
2025-11-01 15:40:27 [INFO] APPLICATION: [StudentQRCodeServlet] Added to ZIP: ???? ????? ????????/1?/???? ??? ????.png
2025-11-01 15:40:27 [INFO] APPLICATION: [StudentQRCodeServlet] Added to ZIP: ???? ?????? ????????/3?/?????? ????.png
2025-11-01 15:40:27 [INFO] APPLICATION: [StudentQRCodeServlet] Added to ZIP: ???? ?????? ????????/3?/???? ??????.png
2025-11-01 15:40:27 [INFO] APPLICATION: [StudentQRCodeServlet] Added to ZIP: ???? ?????? ????????/9?/????? ????.png
2025-11-01 15:40:27 [INFO] APPLICATION: [StudentQRCodeServlet] Added to ZIP: ???? ?????? ????????/2?/????? ???.png
2025-11-01 15:40:27 [INFO] APPLICATION: [StudentQRCodeServlet] ZIP file sent successfully
2025-11-01 15:40:27 [INFO] APPLICATION: [StudentQRCodeServlet] Temporary directory cleaned up: C:\Users\hamdy\AppData\Local\Temp\student_qrcodes_11040140228383932471
2025-11-01 16:00:05 [INFO] APPLICATION: [LoggerUtil] Logging system initialized successfully with log rotation
2025-11-01 16:00:05 [INFO] APPLICATION: [MainApp] Starting School Management System...
2025-11-01 16:00:06 [INFO] APPLICATION: [MainApp] Database connection successful!
2025-11-01 16:00:06 [INFO] APPLICATION: DB_OPERATION: CONNECTION_TEST | TABLE: ALL | DETAILS: Database connectivity verified
2025-11-01 16:00:06 [INFO] APPLICATION: [MainApp] License validation successful. License expires on: 2025-11-16
2025-11-01 16:00:06 [INFO] APPLICATION: [MainApp] Database connection successful!
2025-11-01 16:00:06 [INFO] APPLICATION: DB_OPERATION: CONNECTION_TEST | TABLE: ALL | DETAILS: Database connectivity verified
2025-11-01 16:00:07 [INFO] APPLICATION: [LicenseScheduler] Starting OTP cleanup
2025-11-01 16:00:07 [INFO] APPLICATION: [LicenseScheduler] License scheduler started. Daily check will run in 28792 seconds
2025-11-01 16:00:07 [INFO] APPLICATION: [MainApp] License scheduler started successfully
2025-11-01 16:00:07 [INFO] APPLICATION: [AttendanceScheduler] Starting attendance scheduler...
2025-11-01 16:00:07 [INFO] APPLICATION: [AttendanceScheduler] Attendance scheduler started. Next run in 2512 seconds at 4:30 PM
2025-11-01 16:00:07 [INFO] APPLICATION: [MainApp] Attendance scheduler started successfully - daily attendance updates at 12:00 PM
2025-11-01 16:00:07 [INFO] APPLICATION: [MainApp] Backend API Server started on port 8081
2025-11-01 16:00:07 [INFO] APPLICATION: [MainApp] API Base URL: http://localhost:8081/api
2025-11-01 16:00:07 [INFO] APPLICATION: [MainApp] Server endpoints registered successfully
2025-11-01 16:00:07 [INFO] APPLICATION: [MainApp] Log rotation is active - logs will be automatically rotated when they exceed 10MB
2025-11-01 16:00:07 [INFO] APPLICATION: [OTPDAO] Deleted 0 expired OTPs
2025-11-01 16:00:07 [INFO] APPLICATION: [LicenseScheduler] OTP cleanup completed successfully
2025-11-01 16:03:28 [INFO] APPLICATION: [StudentServlet] Fetching all students from IP: [0:0:0:0:0:0:0:1]
2025-11-01 16:03:35 [INFO] APPLICATION: [StudentQRCodeServlet] Generating QR codes for 29 students
2025-11-01 16:03:35 [INFO] APPLICATION: [StudentQRCodeServlet] Created temporary directory: C:\Users\hamdy\AppData\Local\Temp\student_qrcodes_16408250593878589590
2025-11-01 16:03:35 [INFO] APPLICATION: [StudentQRCodeServlet] Created grade directory: الصف الاول الاعدادي
2025-11-01 16:03:35 [INFO] APPLICATION: [StudentQRCodeServlet] Created class directory: الصف الاول الاعدادي/1ج
2025-11-01 16:03:36 [INFO] APPLICATION: [QRCodeService] QR code generated and cached for student: محمد علي كلاي
2025-11-01 16:03:36 [INFO] APPLICATION: [QRCodeService] QR code file saved: C:\Users\hamdy\AppData\Local\Temp\student_qrcodes_16408250593878589590\الصف الاول الاعدادي\1ج\محمد علي كلاي.png
2025-11-01 16:03:36 [INFO] APPLICATION: [QRCodeService] QR code generated and cached for student: الياس جلاص
2025-11-01 16:03:36 [INFO] APPLICATION: [QRCodeService] QR code file saved: C:\Users\hamdy\AppData\Local\Temp\student_qrcodes_16408250593878589590\الصف الاول الاعدادي\1ج\الياس جلاص.png
2025-11-01 16:03:36 [INFO] APPLICATION: [StudentQRCodeServlet] Created class directory: الصف الاول الاعدادي/1أ
2025-11-01 16:03:36 [INFO] APPLICATION: [QRCodeService] QR code generated and cached for student: محمد أحمد
2025-11-01 16:03:36 [INFO] APPLICATION: [QRCodeService] QR code file saved: C:\Users\hamdy\AppData\Local\Temp\student_qrcodes_16408250593878589590\الصف الاول الاعدادي\1أ\محمد أحمد.png
2025-11-01 16:03:36 [INFO] APPLICATION: [QRCodeService] QR code generated and cached for student: مصطفى الأغا
2025-11-01 16:03:36 [INFO] APPLICATION: [QRCodeService] QR code file saved: C:\Users\hamdy\AppData\Local\Temp\student_qrcodes_16408250593878589590\الصف الاول الاعدادي\1أ\مصطفى الأغا.png
2025-11-01 16:03:36 [INFO] APPLICATION: [QRCodeService] QR code generated and cached for student: سارة محمد
2025-11-01 16:03:36 [INFO] APPLICATION: [QRCodeService] QR code file saved: C:\Users\hamdy\AppData\Local\Temp\student_qrcodes_16408250593878589590\الصف الاول الاعدادي\1أ\سارة محمد.png
2025-11-01 16:03:36 [INFO] APPLICATION: [QRCodeService] QR code generated and cached for student: سارة محمد
2025-11-01 16:03:36 [INFO] APPLICATION: [QRCodeService] QR code file saved: C:\Users\hamdy\AppData\Local\Temp\student_qrcodes_16408250593878589590\الصف الاول الاعدادي\1أ\سارة محمد.png
2025-11-01 16:03:36 [INFO] APPLICATION: [QRCodeService] QR code generated and cached for student: سارة محمد
2025-11-01 16:03:36 [INFO] APPLICATION: [QRCodeService] QR code file saved: C:\Users\hamdy\AppData\Local\Temp\student_qrcodes_16408250593878589590\الصف الاول الاعدادي\1أ\سارة محمد.png
2025-11-01 16:03:36 [INFO] APPLICATION: [QRCodeService] QR code generated and cached for student: سارة محمد
2025-11-01 16:03:36 [INFO] APPLICATION: [QRCodeService] QR code file saved: C:\Users\hamdy\AppData\Local\Temp\student_qrcodes_16408250593878589590\الصف الاول الاعدادي\1أ\سارة محمد.png
2025-11-01 16:03:36 [INFO] APPLICATION: [QRCodeService] QR code generated and cached for student: سارة محمد
2025-11-01 16:03:36 [INFO] APPLICATION: [QRCodeService] QR code file saved: C:\Users\hamdy\AppData\Local\Temp\student_qrcodes_16408250593878589590\الصف الاول الاعدادي\1أ\سارة محمد.png
2025-11-01 16:03:36 [INFO] APPLICATION: [QRCodeService] QR code generated and cached for student: hamdy محمد
2025-11-01 16:03:36 [INFO] APPLICATION: [QRCodeService] QR code file saved: C:\Users\hamdy\AppData\Local\Temp\student_qrcodes_16408250593878589590\الصف الاول الاعدادي\1أ\hamdy محمد.png
2025-11-01 16:03:36 [INFO] APPLICATION: [QRCodeService] QR code generated and cached for student: loooy hamdy kouta
2025-11-01 16:03:36 [INFO] APPLICATION: [QRCodeService] QR code file saved: C:\Users\hamdy\AppData\Local\Temp\student_qrcodes_16408250593878589590\الصف الاول الاعدادي\1أ\loooy hamdy kouta.png
2025-11-01 16:03:36 [INFO] APPLICATION: [QRCodeService] QR code generated and cached for student: hamdy محمد
2025-11-01 16:03:36 [INFO] APPLICATION: [QRCodeService] QR code file saved: C:\Users\hamdy\AppData\Local\Temp\student_qrcodes_16408250593878589590\الصف الاول الاعدادي\1أ\hamdy محمد.png
2025-11-01 16:03:36 [INFO] APPLICATION: [QRCodeService] QR code generated and cached for student: hamdy محمد
2025-11-01 16:03:36 [INFO] APPLICATION: [QRCodeService] QR code file saved: C:\Users\hamdy\AppData\Local\Temp\student_qrcodes_16408250593878589590\الصف الاول الاعدادي\1أ\hamdy محمد.png
2025-11-01 16:03:36 [INFO] APPLICATION: [QRCodeService] QR code generated and cached for student: salm mohamed yasser
2025-11-01 16:03:36 [INFO] APPLICATION: [QRCodeService] QR code file saved: C:\Users\hamdy\AppData\Local\Temp\student_qrcodes_16408250593878589590\الصف الاول الاعدادي\1أ\salm mohamed yasser.png
2025-11-01 16:03:36 [INFO] APPLICATION: [QRCodeService] QR code generated and cached for student: salm mohamed yasser
2025-11-01 16:03:36 [INFO] APPLICATION: [QRCodeService] QR code file saved: C:\Users\hamdy\AppData\Local\Temp\student_qrcodes_16408250593878589590\الصف الاول الاعدادي\1أ\salm mohamed yasser.png
2025-11-01 16:03:36 [INFO] APPLICATION: [QRCodeService] QR code generated and cached for student: salm mohamed yasser
2025-11-01 16:03:36 [INFO] APPLICATION: [QRCodeService] QR code file saved: C:\Users\hamdy\AppData\Local\Temp\student_qrcodes_16408250593878589590\الصف الاول الاعدادي\1أ\salm mohamed yasser.png
2025-11-01 16:03:36 [INFO] APPLICATION: [QRCodeService] QR code generated and cached for student: salm mohamed yasser
2025-11-01 16:03:36 [INFO] APPLICATION: [QRCodeService] QR code file saved: C:\Users\hamdy\AppData\Local\Temp\student_qrcodes_16408250593878589590\الصف الاول الاعدادي\1أ\salm mohamed yasser.png
2025-11-01 16:03:36 [INFO] APPLICATION: [QRCodeService] QR code generated and cached for student: salm mohamed yasser
2025-11-01 16:03:36 [INFO] APPLICATION: [QRCodeService] QR code file saved: C:\Users\hamdy\AppData\Local\Temp\student_qrcodes_16408250593878589590\الصف الاول الاعدادي\1أ\salm mohamed yasser.png
2025-11-01 16:03:36 [INFO] APPLICATION: [QRCodeService] QR code generated and cached for student: loooy hamdy kouta
2025-11-01 16:03:36 [INFO] APPLICATION: [QRCodeService] QR code file saved: C:\Users\hamdy\AppData\Local\Temp\student_qrcodes_16408250593878589590\الصف الاول الاعدادي\1أ\loooy hamdy kouta.png
2025-11-01 16:03:36 [INFO] APPLICATION: [QRCodeService] QR code generated and cached for student: loooy hamdy kouta
2025-11-01 16:03:36 [INFO] APPLICATION: [QRCodeService] QR code file saved: C:\Users\hamdy\AppData\Local\Temp\student_qrcodes_16408250593878589590\الصف الاول الاعدادي\1أ\loooy hamdy kouta.png
2025-11-01 16:03:36 [INFO] APPLICATION: [QRCodeService] QR code generated and cached for student: salm mohamed yasser
2025-11-01 16:03:36 [INFO] APPLICATION: [QRCodeService] QR code file saved: C:\Users\hamdy\AppData\Local\Temp\student_qrcodes_16408250593878589590\الصف الاول الاعدادي\1أ\salm mohamed yasser.png
2025-11-01 16:03:36 [INFO] APPLICATION: [QRCodeService] QR code generated and cached for student: salm mohamed yasser
2025-11-01 16:03:36 [INFO] APPLICATION: [QRCodeService] QR code file saved: C:\Users\hamdy\AppData\Local\Temp\student_qrcodes_16408250593878589590\الصف الاول الاعدادي\1أ\salm mohamed yasser.png
2025-11-01 16:03:36 [INFO] APPLICATION: [QRCodeService] QR code generated and cached for student: salm mohamed yasser
2025-11-01 16:03:36 [INFO] APPLICATION: [QRCodeService] QR code file saved: C:\Users\hamdy\AppData\Local\Temp\student_qrcodes_16408250593878589590\الصف الاول الاعدادي\1أ\salm mohamed yasser.png
2025-11-01 16:03:36 [INFO] APPLICATION: [QRCodeService] QR code generated and cached for student: salm mohamed yasser
2025-11-01 16:03:36 [INFO] APPLICATION: [QRCodeService] QR code file saved: C:\Users\hamdy\AppData\Local\Temp\student_qrcodes_16408250593878589590\الصف الاول الاعدادي\1أ\salm mohamed yasser.png
2025-11-01 16:03:36 [INFO] APPLICATION: [StudentQRCodeServlet] Created class directory: الصف الاول الاعدادي/1ب
2025-11-01 16:03:36 [INFO] APPLICATION: [QRCodeService] QR code generated and cached for student: علياء علي
2025-11-01 16:03:36 [INFO] APPLICATION: [QRCodeService] QR code file saved: C:\Users\hamdy\AppData\Local\Temp\student_qrcodes_16408250593878589590\الصف الاول الاعدادي\1ب\علياء علي.png
2025-11-01 16:03:36 [INFO] APPLICATION: [StudentQRCodeServlet] Created grade directory: الصف الثالث الاعدادي
2025-11-01 16:03:36 [INFO] APPLICATION: [StudentQRCodeServlet] Created class directory: الصف الثالث الاعدادي/3أ
2025-11-01 16:03:36 [INFO] APPLICATION: [QRCodeService] QR code generated and cached for student: ليونيل ميسي
2025-11-01 16:03:36 [INFO] APPLICATION: [QRCodeService] QR code file saved: C:\Users\hamdy\AppData\Local\Temp\student_qrcodes_16408250593878589590\الصف الثالث الاعدادي\3أ\ليونيل ميسي.png
2025-11-01 16:03:36 [INFO] APPLICATION: [StudentQRCodeServlet] Created class directory: الصف الثالث الاعدادي/9ق
2025-11-01 16:03:36 [INFO] APPLICATION: [QRCodeService] QR code generated and cached for student: فاطمة محمد
2025-11-01 16:03:36 [INFO] APPLICATION: [QRCodeService] QR code file saved: C:\Users\hamdy\AppData\Local\Temp\student_qrcodes_16408250593878589590\الصف الثالث الاعدادي\9ق\فاطمة محمد.png
2025-11-01 16:03:36 [INFO] APPLICATION: [StudentQRCodeServlet] Created class directory: الصف الثالث الاعدادي/3ج
2025-11-01 16:03:36 [INFO] APPLICATION: [QRCodeService] QR code generated and cached for student: ميان العلقه
2025-11-01 16:03:36 [INFO] APPLICATION: [QRCodeService] QR code file saved: C:\Users\hamdy\AppData\Local\Temp\student_qrcodes_16408250593878589590\الصف الثالث الاعدادي\3ج\ميان العلقه.png
2025-11-01 16:03:36 [INFO] APPLICATION: [StudentQRCodeServlet] Created grade directory: الصف الثاني الاعدادي
2025-11-01 16:03:36 [INFO] APPLICATION: [StudentQRCodeServlet] Created class directory: الصف الثاني الاعدادي/2ب
2025-11-01 16:03:36 [INFO] APPLICATION: [QRCodeService] QR code generated and cached for student: علياء علي
2025-11-01 16:03:36 [INFO] APPLICATION: [QRCodeService] QR code file saved: C:\Users\hamdy\AppData\Local\Temp\student_qrcodes_16408250593878589590\الصف الثاني الاعدادي\2ب\علياء علي.png
2025-11-01 16:03:36 [INFO] APPLICATION: [StudentQRCodeServlet] QR code generation completed. Success: 29, Errors: 0
2025-11-01 16:03:36 [INFO] APPLICATION: [StudentQRCodeServlet] Added to ZIP: الصف الاول الاعدادي/1أ/hamdy محمد.png
2025-11-01 16:03:36 [INFO] APPLICATION: [StudentQRCodeServlet] Added to ZIP: الصف الاول الاعدادي/1أ/loooy hamdy kouta.png
2025-11-01 16:03:36 [INFO] APPLICATION: [StudentQRCodeServlet] Added to ZIP: الصف الاول الاعدادي/1أ/salm mohamed yasser.png
2025-11-01 16:03:36 [INFO] APPLICATION: [StudentQRCodeServlet] Added to ZIP: الصف الاول الاعدادي/1أ/سارة محمد.png
2025-11-01 16:03:36 [INFO] APPLICATION: [StudentQRCodeServlet] Added to ZIP: الصف الاول الاعدادي/1أ/محمد أحمد.png
2025-11-01 16:03:36 [INFO] APPLICATION: [StudentQRCodeServlet] Added to ZIP: الصف الاول الاعدادي/1أ/مصطفى الأغا.png
2025-11-01 16:03:36 [INFO] APPLICATION: [StudentQRCodeServlet] Added to ZIP: الصف الاول الاعدادي/1ب/علياء علي.png
2025-11-01 16:03:36 [INFO] APPLICATION: [StudentQRCodeServlet] Added to ZIP: الصف الاول الاعدادي/1ج/الياس جلاص.png
2025-11-01 16:03:36 [INFO] APPLICATION: [StudentQRCodeServlet] Added to ZIP: الصف الاول الاعدادي/1ج/محمد علي كلاي.png
2025-11-01 16:03:36 [INFO] APPLICATION: [StudentQRCodeServlet] Added to ZIP: الصف الثالث الاعدادي/3أ/ليونيل ميسي.png
2025-11-01 16:03:36 [INFO] APPLICATION: [StudentQRCodeServlet] Added to ZIP: الصف الثالث الاعدادي/3ج/ميان العلقه.png
2025-11-01 16:03:36 [INFO] APPLICATION: [StudentQRCodeServlet] Added to ZIP: الصف الثالث الاعدادي/9ق/فاطمة محمد.png
2025-11-01 16:03:36 [INFO] APPLICATION: [StudentQRCodeServlet] Added to ZIP: الصف الثاني الاعدادي/2ب/علياء علي.png
2025-11-01 16:03:36 [INFO] APPLICATION: [StudentQRCodeServlet] ZIP file sent successfully
2025-11-01 16:03:36 [INFO] APPLICATION: [StudentQRCodeServlet] Temporary directory cleaned up: C:\Users\hamdy\AppData\Local\Temp\student_qrcodes_16408250593878589590
2025-11-01 16:18:53 [INFO] APPLICATION: [LoggerUtil] Logging system initialized successfully with log rotation
2025-11-01 16:18:53 [INFO] APPLICATION: [MainApp] Starting School Management System...
2025-11-01 16:18:53 [INFO] APPLICATION: [MainApp] Database connection successful!
2025-11-01 16:18:53 [INFO] APPLICATION: DB_OPERATION: CONNECTION_TEST | TABLE: ALL | DETAILS: Database connectivity verified
2025-11-01 16:18:54 [INFO] APPLICATION: [MainApp] License validation successful. License expires on: 2025-11-16
2025-11-01 16:18:54 [INFO] APPLICATION: [MainApp] Database connection successful!
2025-11-01 16:18:54 [INFO] APPLICATION: DB_OPERATION: CONNECTION_TEST | TABLE: ALL | DETAILS: Database connectivity verified
2025-11-01 16:18:54 [INFO] APPLICATION: [LicenseScheduler] Starting OTP cleanup
2025-11-01 16:18:54 [INFO] APPLICATION: [LicenseScheduler] License scheduler started. Daily check will run in 27665 seconds
2025-11-01 16:18:54 [INFO] APPLICATION: [MainApp] License scheduler started successfully
2025-11-01 16:18:54 [INFO] APPLICATION: [AttendanceScheduler] Starting attendance scheduler...
2025-11-01 16:18:54 [INFO] APPLICATION: [AttendanceScheduler] Attendance scheduler started. Next run in 1385 seconds at 4:30 PM
2025-11-01 16:18:54 [INFO] APPLICATION: [MainApp] Attendance scheduler started successfully - daily attendance updates at 12:00 PM
2025-11-01 16:18:54 [INFO] APPLICATION: [MainApp] Backend API Server started on port 8081
2025-11-01 16:18:54 [INFO] APPLICATION: [MainApp] API Base URL: http://localhost:8081/api
2025-11-01 16:18:54 [INFO] APPLICATION: [MainApp] Server endpoints registered successfully
2025-11-01 16:18:54 [INFO] APPLICATION: [MainApp] Log rotation is active - logs will be automatically rotated when they exceed 10MB
2025-11-01 16:18:54 [INFO] APPLICATION: [OTPDAO] Deleted 0 expired OTPs
2025-11-01 16:18:54 [INFO] APPLICATION: [LicenseScheduler] OTP cleanup completed successfully
2025-11-01 16:51:38 [INFO] APPLICATION: [LoggerUtil] Logging system initialized successfully with log rotation
2025-11-01 16:51:38 [INFO] APPLICATION: [MainApp] Starting School Management System...
2025-11-01 16:51:39 [INFO] APPLICATION: [MainApp] Database connection successful!
2025-11-01 16:51:39 [INFO] APPLICATION: DB_OPERATION: CONNECTION_TEST | TABLE: ALL | DETAILS: Database connectivity verified
2025-11-01 16:51:39 [INFO] APPLICATION: [MainApp] License validation successful. License expires on: 2025-11-16
2025-11-01 16:51:39 [INFO] APPLICATION: [MainApp] Database connection successful!
2025-11-01 16:51:39 [INFO] APPLICATION: DB_OPERATION: CONNECTION_TEST | TABLE: ALL | DETAILS: Database connectivity verified
2025-11-01 16:51:39 [INFO] APPLICATION: [LicenseScheduler] Starting OTP cleanup
2025-11-01 16:51:39 [INFO] APPLICATION: [LicenseScheduler] License scheduler started. Daily check will run in 25700 seconds
2025-11-01 16:51:39 [INFO] APPLICATION: [MainApp] License scheduler started successfully
2025-11-01 16:51:39 [INFO] APPLICATION: [AttendanceScheduler] Starting attendance scheduler...
2025-11-01 16:51:39 [INFO] APPLICATION: [AttendanceScheduler] Attendance scheduler started. Next run in 85820 seconds at 4:30 PM
2025-11-01 16:51:39 [INFO] APPLICATION: [MainApp] Attendance scheduler started successfully - daily attendance updates at 12:00 PM
2025-11-01 16:51:39 [INFO] APPLICATION: [MainApp] Backend API Server started on port 8081
2025-11-01 16:51:39 [INFO] APPLICATION: [MainApp] API Base URL: http://localhost:8081/api
2025-11-01 16:51:39 [INFO] APPLICATION: [MainApp] Server endpoints registered successfully
2025-11-01 16:51:39 [INFO] APPLICATION: [MainApp] Log rotation is active - logs will be automatically rotated when they exceed 10MB
2025-11-01 16:51:39 [INFO] APPLICATION: [OTPDAO] Deleted 0 expired OTPs
2025-11-01 16:51:39 [INFO] APPLICATION: [LicenseScheduler] OTP cleanup completed successfully
2025-11-01 17:01:11 [INFO] APPLICATION: [LoggerUtil] Logging system initialized successfully with log rotation
2025-11-01 17:01:11 [INFO] APPLICATION: [MainApp] Starting School Management System...
2025-11-01 17:01:12 [INFO] APPLICATION: [MainApp] Database connection successful!
2025-11-01 17:01:12 [INFO] APPLICATION: DB_OPERATION: CONNECTION_TEST | TABLE: ALL | DETAILS: Database connectivity verified
2025-11-01 17:01:12 [INFO] APPLICATION: [MainApp] License validation successful. License expires on: 2025-11-16
2025-11-01 17:01:12 [INFO] APPLICATION: [MainApp] Database connection successful!
2025-11-01 17:01:12 [INFO] APPLICATION: DB_OPERATION: CONNECTION_TEST | TABLE: ALL | DETAILS: Database connectivity verified
2025-11-01 17:01:13 [INFO] APPLICATION: [LicenseScheduler] Starting OTP cleanup
2025-11-01 17:01:13 [INFO] APPLICATION: [LicenseScheduler] License scheduler started. Daily check will run in 25126 seconds
2025-11-01 17:01:13 [INFO] APPLICATION: [MainApp] License scheduler started successfully
2025-11-01 17:01:13 [INFO] APPLICATION: [AttendanceScheduler] Starting attendance scheduler...
2025-11-01 17:01:13 [INFO] APPLICATION: [AttendanceScheduler] Attendance scheduler started. Next run in 85246 seconds at 4:30 PM
2025-11-01 17:01:13 [INFO] APPLICATION: [MainApp] Attendance scheduler started successfully - daily attendance updates at 12:00 PM
2025-11-01 17:01:13 [INFO] APPLICATION: [MainApp] Backend API Server started on port 8081
2025-11-01 17:01:13 [INFO] APPLICATION: [MainApp] API Base URL: http://localhost:8081/api
2025-11-01 17:01:13 [INFO] APPLICATION: [MainApp] Server endpoints registered successfully
2025-11-01 17:01:13 [INFO] APPLICATION: [MainApp] Log rotation is active - logs will be automatically rotated when they exceed 10MB
2025-11-01 17:01:13 [INFO] APPLICATION: [OTPDAO] Deleted 0 expired OTPs
2025-11-01 17:01:13 [INFO] APPLICATION: [LicenseScheduler] OTP cleanup completed successfully
2025-11-01 17:01:57 [INFO] APPLICATION: [OTPDAO] OTP created successfully with ID: 35
2025-11-01 17:02:06 [SEVERE] APPLICATION: [PasswordRecoveryService] Failed to send password recovery OTP email for user: developer. Error: failed to connect, no password specified?
2025-11-01 17:03:12 [INFO] APPLICATION: [OTPDAO] OTP created successfully with ID: 36
2025-11-01 17:03:18 [SEVERE] APPLICATION: [PasswordRecoveryService] Failed to send password recovery OTP email for user: developer. Error: failed to connect, no password specified?
2025-11-01 17:10:49 [INFO] APPLICATION: [LoggerUtil] Logging system initialized successfully with log rotation
2025-11-01 17:10:49 [INFO] APPLICATION: [MainApp] Starting School Management System...
2025-11-01 17:10:51 [INFO] APPLICATION: [MainApp] Database connection successful!
2025-11-01 17:10:51 [INFO] APPLICATION: DB_OPERATION: CONNECTION_TEST | TABLE: ALL | DETAILS: Database connectivity verified
2025-11-01 17:10:51 [INFO] APPLICATION: [MainApp] License validation successful. License expires on: 2025-11-16
2025-11-01 17:10:51 [INFO] APPLICATION: [MainApp] Database connection successful!
2025-11-01 17:10:51 [INFO] APPLICATION: DB_OPERATION: CONNECTION_TEST | TABLE: ALL | DETAILS: Database connectivity verified
2025-11-01 17:10:52 [INFO] APPLICATION: [LicenseScheduler] License scheduler started. Daily check will run in 24547 seconds
2025-11-01 17:10:52 [INFO] APPLICATION: [MainApp] License scheduler started successfully
2025-11-01 17:10:52 [INFO] APPLICATION: [AttendanceScheduler] Starting attendance scheduler...
2025-11-01 17:10:52 [INFO] APPLICATION: [AttendanceScheduler] Attendance scheduler started. Next run in 84667 seconds at 4:30 PM
2025-11-01 17:10:52 [INFO] APPLICATION: [MainApp] Attendance scheduler started successfully - daily attendance updates at 12:00 PM
2025-11-01 17:10:52 [INFO] APPLICATION: [MainApp] Backend API Server started on port 8081
2025-11-01 17:10:52 [INFO] APPLICATION: [MainApp] API Base URL: http://localhost:8081/api
2025-11-01 17:10:52 [INFO] APPLICATION: [MainApp] Server endpoints registered successfully
2025-11-01 17:10:52 [INFO] APPLICATION: [MainApp] Log rotation is active - logs will be automatically rotated when they exceed 10MB
2025-11-01 17:10:52 [INFO] APPLICATION: [LicenseScheduler] Starting OTP cleanup
2025-11-01 17:10:52 [INFO] APPLICATION: [OTPDAO] Deleted 0 expired OTPs
2025-11-01 17:10:52 [INFO] APPLICATION: [LicenseScheduler] OTP cleanup completed successfully
2025-11-01 17:12:16 [INFO] APPLICATION: [OTPDAO] OTP created successfully with ID: 37
2025-11-01 17:13:03 [INFO] APPLICATION: [PasswordRecoveryService] Password recovery OTP email sent successfully for user: developer
2025-11-03 21:38:11 [INFO] APPLICATION: [LoggerUtil] Logging system initialized successfully with log rotation
2025-11-03 21:38:11 [INFO] APPLICATION: [MainApp] Starting School Management System...
2025-11-03 21:38:12 [INFO] APPLICATION: [MainApp] Database connection successful!
2025-11-03 21:38:12 [INFO] APPLICATION: DB_OPERATION: CONNECTION_TEST | TABLE: ALL | DETAILS: Database connectivity verified
2025-11-03 21:38:13 [INFO] APPLICATION: [MainApp] License validation successful. License expires on: 2025-11-16
2025-11-03 21:38:13 [INFO] APPLICATION: [MainApp] Database connection successful!
2025-11-03 21:38:13 [INFO] APPLICATION: DB_OPERATION: CONNECTION_TEST | TABLE: ALL | DETAILS: Database connectivity verified
2025-11-03 21:38:13 [INFO] APPLICATION: [LicenseScheduler] Starting OTP cleanup
2025-11-03 21:38:13 [INFO] APPLICATION: [LicenseScheduler] License scheduler started. Daily check will run in 8506 seconds
2025-11-03 21:38:13 [INFO] APPLICATION: [MainApp] License scheduler started successfully
2025-11-03 21:38:13 [INFO] APPLICATION: [AttendanceScheduler] Attendance scheduler initialized - Enabled: true, Daily run time: 16:30
2025-11-03 21:38:13 [INFO] APPLICATION: [AttendanceScheduler] Starting attendance scheduler to run daily at 16:30...
2025-11-03 21:38:13 [INFO] APPLICATION: [AttendanceScheduler] Attendance scheduler started. Next run in 67906 seconds at 16:30
2025-11-03 21:38:13 [INFO] APPLICATION: [MainApp] Attendance scheduler started successfully - daily attendance updates at 12:00 PM
2025-11-03 21:38:13 [INFO] APPLICATION: [MainApp] Backend API Server started on port 8081
2025-11-03 21:38:13 [INFO] APPLICATION: [MainApp] API Base URL: http://localhost:8081/api
2025-11-03 21:38:13 [INFO] APPLICATION: [MainApp] Server endpoints registered successfully
2025-11-03 21:38:13 [INFO] APPLICATION: [MainApp] Log rotation is active - logs will be automatically rotated when they exceed 10MB
2025-11-03 21:38:14 [INFO] APPLICATION: [OTPDAO] Deleted 3 expired OTPs
2025-11-03 21:38:14 [INFO] APPLICATION: [OTPService] Cleaned up 3 expired OTPs
2025-11-03 21:38:14 [INFO] APPLICATION: [LicenseScheduler] OTP cleanup completed successfully
2025-11-03 21:39:55 [INFO] APPLICATION: [LoggerUtil] Logging system initialized successfully with log rotation
2025-11-03 21:39:55 [INFO] APPLICATION: [MainApp] Starting School Management System...
2025-11-03 21:39:55 [INFO] APPLICATION: [MainApp] Database connection successful!
2025-11-03 21:39:55 [INFO] APPLICATION: DB_OPERATION: CONNECTION_TEST | TABLE: ALL | DETAILS: Database connectivity verified
2025-11-03 21:39:56 [INFO] APPLICATION: [MainApp] License validation successful. License expires on: 2025-11-16
2025-11-03 21:39:56 [INFO] APPLICATION: [MainApp] Database connection successful!
2025-11-03 21:39:56 [INFO] APPLICATION: DB_OPERATION: CONNECTION_TEST | TABLE: ALL | DETAILS: Database connectivity verified
2025-11-03 21:39:57 [INFO] APPLICATION: [LicenseScheduler] Starting OTP cleanup
2025-11-03 21:39:57 [INFO] APPLICATION: [LicenseScheduler] License scheduler started. Daily check will run in 8402 seconds
2025-11-03 21:39:57 [INFO] APPLICATION: [MainApp] License scheduler started successfully
2025-11-03 21:39:57 [INFO] APPLICATION: [AttendanceScheduler] Attendance scheduler initialized - Enabled: true, Daily run time: 16:30
2025-11-03 21:39:57 [INFO] APPLICATION: [AttendanceScheduler] Starting attendance scheduler to run daily at 16:30...
2025-11-03 21:39:57 [INFO] APPLICATION: [AttendanceScheduler] Attendance scheduler started. Next run in 67802 seconds at 16:30
2025-11-03 21:39:57 [INFO] APPLICATION: [MainApp] Attendance scheduler started successfully - daily attendance updates at 12:00 PM
2025-11-03 21:39:57 [INFO] APPLICATION: [MainApp] Backend API Server started on port 8081
2025-11-03 21:39:57 [INFO] APPLICATION: [MainApp] API Base URL: http://localhost:8081/api
2025-11-03 21:39:57 [INFO] APPLICATION: [MainApp] Server endpoints registered successfully
2025-11-03 21:39:57 [INFO] APPLICATION: [MainApp] Log rotation is active - logs will be automatically rotated when they exceed 10MB
2025-11-03 21:39:57 [INFO] APPLICATION: [OTPDAO] Deleted 0 expired OTPs
2025-11-03 21:39:57 [INFO] APPLICATION: [LicenseScheduler] OTP cleanup completed successfully
2025-11-03 21:43:18 [INFO] APPLICATION: [LoggerUtil] Logging system initialized successfully with log rotation
2025-11-03 21:43:18 [INFO] APPLICATION: [MainApp] Starting School Management System...
2025-11-03 21:43:19 [INFO] APPLICATION: [MainApp] Database connection successful!
2025-11-03 21:43:19 [INFO] APPLICATION: DB_OPERATION: CONNECTION_TEST | TABLE: ALL | DETAILS: Database connectivity verified
2025-11-03 21:43:19 [INFO] APPLICATION: [MainApp] License validation successful. License expires on: 2025-11-16
2025-11-03 21:43:20 [INFO] APPLICATION: [MainApp] Database connection successful!
2025-11-03 21:43:20 [INFO] APPLICATION: DB_OPERATION: CONNECTION_TEST | TABLE: ALL | DETAILS: Database connectivity verified
2025-11-03 21:43:20 [INFO] APPLICATION: [LicenseScheduler] Starting OTP cleanup
2025-11-03 21:43:20 [INFO] APPLICATION: [LicenseScheduler] License scheduler started. Daily check will run in 8199 seconds
2025-11-03 21:43:20 [INFO] APPLICATION: [MainApp] License scheduler started successfully
2025-11-03 21:43:20 [INFO] APPLICATION: [AttendanceScheduler] Attendance scheduler initialized - Enabled: true, Daily run time: 21:45
2025-11-03 21:43:20 [INFO] APPLICATION: [AttendanceScheduler] Starting attendance scheduler to run daily at 21:45...
2025-11-03 21:43:20 [INFO] APPLICATION: [AttendanceScheduler] Attendance scheduler started. Next run in 99 seconds at 21:45
2025-11-03 21:43:20 [INFO] APPLICATION: [MainApp] Attendance scheduler started successfully - daily attendance updates at 12:00 PM
2025-11-03 21:43:20 [INFO] APPLICATION: [MainApp] Backend API Server started on port 8081
2025-11-03 21:43:20 [INFO] APPLICATION: [MainApp] API Base URL: http://localhost:8081/api
2025-11-03 21:43:20 [INFO] APPLICATION: [MainApp] Server endpoints registered successfully
2025-11-03 21:43:20 [INFO] APPLICATION: [MainApp] Log rotation is active - logs will be automatically rotated when they exceed 10MB
2025-11-03 21:43:20 [INFO] APPLICATION: [OTPDAO] Deleted 0 expired OTPs
2025-11-03 21:43:20 [INFO] APPLICATION: [LicenseScheduler] OTP cleanup completed successfully
2025-11-03 21:44:59 [INFO] APPLICATION: [AttendanceScheduler] Starting automated daily attendance update job...
2025-11-03 21:44:59 [INFO] APPLICATION: [AttendanceService] Starting automated daily attendance update
2025-11-03 21:45:00 [INFO] APPLICATION: [AttendanceService] Successfully marked 29 students as absent for 2025-11-03
2025-11-03 21:45:00 [INFO] APPLICATION: [AttendanceScheduler] Daily attendance update completed successfully. Successfully marked 29 students as absent for 2025-11-03
2025-11-03 21:45:00 [INFO] APPLICATION: DB_OPERATION: ATTENDANCE_AUTO_UPDATE | TABLE: SYSTEM | DETAILS: Automated attendance marking: 29 students affected
2025-11-03 22:43:20 [INFO] APPLICATION: [LicenseScheduler] Starting OTP cleanup
2025-11-03 22:43:20 [INFO] APPLICATION: [OTPDAO] Deleted 0 expired OTPs
2025-11-03 22:43:20 [INFO] APPLICATION: [LicenseScheduler] OTP cleanup completed successfully
2025-11-06 15:15:19 [INFO] APPLICATION: [UserServlet] doGet called for path: /
2025-11-06 15:15:19 [INFO] APPLICATION: [UserServlet] Attributes - userId: 29, username: developer, role: DEVELOPER
2025-11-06 15:15:19 [INFO] APPLICATION: [UserServlet] All users retrieved by: developer
2025-11-06 15:16:59 [INFO] APPLICATION: [UserServlet] doGet called for path: /1
2025-11-06 15:16:59 [INFO] APPLICATION: [UserServlet] Attributes - userId: 29, username: developer, role: DEVELOPER
2025-11-06 15:16:59 [INFO] APPLICATION: [UserServlet] User 1 retrieved by: developer
2025-11-06 15:19:11 [INFO] APPLICATION: [OTPDAO] OTP created successfully with ID: 38
2025-11-06 15:19:25 [INFO] APPLICATION: [PasswordRecoveryService] Password recovery OTP email sent successfully for user: IbTest
2025-11-06 15:21:00 [INFO] APPLICATION: [OTPDAO] OTP marked as used with ID: 38
2025-11-06 15:29:31 [INFO] APPLICATION: [LicenseScheduler] Starting OTP cleanup
2025-11-06 15:29:31 [INFO] APPLICATION: [LicenseScheduler] Starting daily license check
2025-11-06 15:29:31 [INFO] APPLICATION: [OTPDAO] Deleted 1 expired OTPs
2025-11-06 15:29:31 [INFO] APPLICATION: [OTPService] Cleaned up 1 expired OTPs
2025-11-06 15:29:31 [INFO] APPLICATION: [LicenseScheduler] OTP cleanup completed successfully
2025-11-06 15:29:31 [INFO] APPLICATION: [LicenseScheduler] Starting OTP cleanup
2025-11-06 15:29:31 [INFO] APPLICATION: [OTPDAO] Deleted 0 expired OTPs
2025-11-06 15:29:31 [INFO] APPLICATION: [LicenseScheduler] OTP cleanup completed successfully
2025-11-06 15:29:31 [INFO] APPLICATION: [LicenseScheduler] Starting OTP cleanup
2025-11-06 15:29:31 [INFO] APPLICATION: [OTPDAO] Deleted 0 expired OTPs
2025-11-06 15:29:31 [INFO] APPLICATION: [LicenseScheduler] OTP cleanup completed successfully
2025-11-06 15:29:31 [INFO] APPLICATION: [LicenseScheduler] Starting OTP cleanup
2025-11-06 15:29:31 [INFO] APPLICATION: [LicenseDAO] License updated successfully with ID: 18
2025-11-06 15:29:31 [INFO] APPLICATION: [LicenseService] Daily license check completed. Remaining days: 10, Status: ACTIVE
2025-11-06 15:29:31 [INFO] APPLICATION: [OTPDAO] Deleted 0 expired OTPs
2025-11-06 15:29:31 [INFO] APPLICATION: [LicenseScheduler] OTP cleanup completed successfully
2025-11-06 15:29:31 [INFO] APPLICATION: [LicenseScheduler] Starting OTP cleanup
2025-11-06 15:29:31 [INFO] APPLICATION: [LicenseScheduler] Daily license check completed successfully. Status: ACTIVE, Valid: true, Remaining Days: 10
2025-11-06 15:29:31 [INFO] APPLICATION: [LicenseScheduler] Starting daily license check
2025-11-06 15:29:31 [INFO] APPLICATION: [OTPDAO] Deleted 0 expired OTPs
2025-11-06 15:29:31 [INFO] APPLICATION: [LicenseScheduler] OTP cleanup completed successfully
2025-11-06 15:29:31 [INFO] APPLICATION: [LicenseScheduler] Starting OTP cleanup
2025-11-06 15:29:31 [INFO] APPLICATION: [OTPDAO] Deleted 0 expired OTPs
2025-11-06 15:29:31 [INFO] APPLICATION: [LicenseScheduler] OTP cleanup completed successfully
2025-11-06 15:29:31 [INFO] APPLICATION: [LicenseScheduler] Starting OTP cleanup
2025-11-06 15:29:31 [INFO] APPLICATION: [OTPDAO] Deleted 0 expired OTPs
2025-11-06 15:29:31 [INFO] APPLICATION: [LicenseScheduler] OTP cleanup completed successfully
2025-11-06 15:29:31 [INFO] APPLICATION: [LicenseScheduler] Starting OTP cleanup
2025-11-06 15:29:31 [INFO] APPLICATION: [LicenseDAO] License updated successfully with ID: 18
2025-11-06 15:29:31 [INFO] APPLICATION: [LicenseService] Daily license check completed. Remaining days: 10, Status: ACTIVE
2025-11-06 15:29:31 [INFO] APPLICATION: [OTPDAO] Deleted 0 expired OTPs
2025-11-06 15:29:31 [INFO] APPLICATION: [LicenseScheduler] OTP cleanup completed successfully
2025-11-06 15:29:31 [INFO] APPLICATION: [LicenseScheduler] Starting OTP cleanup
2025-11-06 15:29:32 [INFO] APPLICATION: [LicenseScheduler] Daily license check completed successfully. Status: ACTIVE, Valid: true, Remaining Days: 10
2025-11-06 15:29:32 [INFO] APPLICATION: [LicenseScheduler] Starting daily license check
2025-11-06 15:29:32 [INFO] APPLICATION: [OTPDAO] Deleted 0 expired OTPs
2025-11-06 15:29:32 [INFO] APPLICATION: [LicenseScheduler] OTP cleanup completed successfully
2025-11-06 15:29:32 [INFO] APPLICATION: [LicenseScheduler] Starting OTP cleanup
2025-11-06 15:29:32 [INFO] APPLICATION: [OTPDAO] Deleted 0 expired OTPs
2025-11-06 15:29:32 [INFO] APPLICATION: [LicenseScheduler] OTP cleanup completed successfully
2025-11-06 15:29:32 [INFO] APPLICATION: [LicenseScheduler] Starting OTP cleanup
2025-11-06 15:29:32 [INFO] APPLICATION: [OTPDAO] Deleted 0 expired OTPs
2025-11-06 15:29:32 [INFO] APPLICATION: [LicenseScheduler] OTP cleanup completed successfully
2025-11-06 15:29:32 [INFO] APPLICATION: [LicenseScheduler] Starting OTP cleanup
2025-11-06 15:29:32 [INFO] APPLICATION: [LicenseDAO] License updated successfully with ID: 18
2025-11-06 15:29:32 [INFO] APPLICATION: [LicenseService] Daily license check completed. Remaining days: 10, Status: ACTIVE
2025-11-06 15:29:32 [INFO] APPLICATION: [OTPDAO] Deleted 0 expired OTPs
2025-11-06 15:29:32 [INFO] APPLICATION: [LicenseScheduler] OTP cleanup completed successfully
2025-11-06 15:29:32 [INFO] APPLICATION: [LicenseScheduler] Starting OTP cleanup
2025-11-06 15:29:32 [INFO] APPLICATION: [LicenseScheduler] Daily license check completed successfully. Status: ACTIVE, Valid: true, Remaining Days: 10
2025-11-06 15:29:32 [INFO] APPLICATION: [OTPDAO] Deleted 0 expired OTPs
2025-11-06 15:29:32 [INFO] APPLICATION: [LicenseScheduler] OTP cleanup completed successfully
2025-11-06 15:29:32 [INFO] APPLICATION: [LicenseScheduler] Starting OTP cleanup
2025-11-06 15:29:32 [INFO] APPLICATION: [OTPDAO] Deleted 0 expired OTPs
2025-11-06 15:29:32 [INFO] APPLICATION: [LicenseScheduler] OTP cleanup completed successfully
2025-11-06 15:29:32 [INFO] APPLICATION: [LicenseScheduler] Starting OTP cleanup
2025-11-06 15:29:32 [INFO] APPLICATION: [OTPDAO] Deleted 0 expired OTPs
2025-11-06 15:29:32 [INFO] APPLICATION: [LicenseScheduler] OTP cleanup completed successfully
2025-11-06 15:29:32 [INFO] APPLICATION: [LicenseScheduler] Starting OTP cleanup
2025-11-06 15:29:32 [INFO] APPLICATION: [OTPDAO] Deleted 0 expired OTPs
2025-11-06 15:29:32 [INFO] APPLICATION: [LicenseScheduler] OTP cleanup completed successfully
2025-11-06 15:29:32 [INFO] APPLICATION: [LicenseScheduler] Starting OTP cleanup
2025-11-06 15:29:33 [INFO] APPLICATION: [OTPDAO] Deleted 0 expired OTPs
2025-11-06 15:29:33 [INFO] APPLICATION: [LicenseScheduler] OTP cleanup completed successfully
2025-11-06 15:29:33 [INFO] APPLICATION: [LicenseScheduler] Starting OTP cleanup
2025-11-06 15:29:33 [INFO] APPLICATION: [OTPDAO] Deleted 0 expired OTPs
2025-11-06 15:29:33 [INFO] APPLICATION: [LicenseScheduler] OTP cleanup completed successfully
2025-11-06 15:29:33 [INFO] APPLICATION: [LicenseScheduler] Starting OTP cleanup
2025-11-06 15:29:33 [INFO] APPLICATION: [OTPDAO] Deleted 0 expired OTPs
2025-11-06 15:29:33 [INFO] APPLICATION: [LicenseScheduler] OTP cleanup completed successfully
2025-11-06 15:29:33 [INFO] APPLICATION: [LicenseScheduler] Starting OTP cleanup
2025-11-06 15:29:33 [INFO] APPLICATION: [OTPDAO] Deleted 0 expired OTPs
2025-11-06 15:29:33 [INFO] APPLICATION: [LicenseScheduler] OTP cleanup completed successfully
2025-11-06 15:29:33 [INFO] APPLICATION: [LicenseScheduler] Starting OTP cleanup
2025-11-06 15:29:33 [INFO] APPLICATION: [OTPDAO] Deleted 0 expired OTPs
2025-11-06 15:29:33 [INFO] APPLICATION: [LicenseScheduler] OTP cleanup completed successfully
2025-11-06 15:29:33 [INFO] APPLICATION: [LicenseScheduler] Starting OTP cleanup
2025-11-06 15:29:33 [INFO] APPLICATION: [OTPDAO] Deleted 0 expired OTPs
2025-11-06 15:29:33 [INFO] APPLICATION: [LicenseScheduler] OTP cleanup completed successfully
2025-11-06 15:29:33 [INFO] APPLICATION: [LicenseScheduler] Starting OTP cleanup
2025-11-06 15:29:33 [INFO] APPLICATION: [OTPDAO] Deleted 0 expired OTPs
2025-11-06 15:29:33 [INFO] APPLICATION: [LicenseScheduler] OTP cleanup completed successfully
2025-11-06 15:29:33 [INFO] APPLICATION: [LicenseScheduler] Starting OTP cleanup
2025-11-06 15:29:33 [INFO] APPLICATION: [OTPDAO] Deleted 0 expired OTPs
2025-11-06 15:29:33 [INFO] APPLICATION: [LicenseScheduler] OTP cleanup completed successfully
2025-11-06 15:29:33 [INFO] APPLICATION: [LicenseScheduler] Starting OTP cleanup
2025-11-06 15:29:33 [INFO] APPLICATION: [OTPDAO] Deleted 0 expired OTPs
2025-11-06 15:29:33 [INFO] APPLICATION: [LicenseScheduler] OTP cleanup completed successfully
2025-11-06 15:29:33 [INFO] APPLICATION: [LicenseScheduler] Starting OTP cleanup
2025-11-06 15:29:33 [INFO] APPLICATION: [OTPDAO] Deleted 0 expired OTPs
2025-11-06 15:29:33 [INFO] APPLICATION: [LicenseScheduler] OTP cleanup completed successfully
2025-11-06 15:29:33 [INFO] APPLICATION: [LicenseScheduler] Starting OTP cleanup
2025-11-06 15:29:33 [INFO] APPLICATION: [OTPDAO] Deleted 0 expired OTPs
2025-11-06 15:29:33 [INFO] APPLICATION: [LicenseScheduler] OTP cleanup completed successfully
2025-11-06 15:29:33 [INFO] APPLICATION: [LicenseScheduler] Starting OTP cleanup
2025-11-06 15:29:33 [INFO] APPLICATION: [OTPDAO] Deleted 0 expired OTPs
2025-11-06 15:29:33 [INFO] APPLICATION: [LicenseScheduler] OTP cleanup completed successfully
2025-11-06 15:29:33 [INFO] APPLICATION: [LicenseScheduler] Starting OTP cleanup
2025-11-06 15:29:33 [INFO] APPLICATION: [OTPDAO] Deleted 0 expired OTPs
2025-11-06 15:29:33 [INFO] APPLICATION: [LicenseScheduler] OTP cleanup completed successfully
2025-11-06 15:29:33 [INFO] APPLICATION: [LicenseScheduler] Starting OTP cleanup
2025-11-06 15:29:33 [INFO] APPLICATION: [OTPDAO] Deleted 0 expired OTPs
2025-11-06 15:29:33 [INFO] APPLICATION: [LicenseScheduler] OTP cleanup completed successfully
2025-11-06 15:29:33 [INFO] APPLICATION: [LicenseScheduler] Starting OTP cleanup
2025-11-06 15:29:33 [INFO] APPLICATION: [OTPDAO] Deleted 0 expired OTPs
2025-11-06 15:29:33 [INFO] APPLICATION: [LicenseScheduler] OTP cleanup completed successfully
2025-11-06 15:29:33 [INFO] APPLICATION: [LicenseScheduler] Starting OTP cleanup
2025-11-06 15:29:33 [INFO] APPLICATION: [OTPDAO] Deleted 0 expired OTPs
2025-11-06 15:29:33 [INFO] APPLICATION: [LicenseScheduler] OTP cleanup completed successfully
2025-11-06 15:29:33 [INFO] APPLICATION: [LicenseScheduler] Starting OTP cleanup
2025-11-06 15:29:33 [INFO] APPLICATION: [OTPDAO] Deleted 0 expired OTPs
2025-11-06 15:29:33 [INFO] APPLICATION: [LicenseScheduler] OTP cleanup completed successfully
2025-11-06 15:29:33 [INFO] APPLICATION: [LicenseScheduler] Starting OTP cleanup
2025-11-06 15:29:34 [INFO] APPLICATION: [OTPDAO] Deleted 0 expired OTPs
2025-11-06 15:29:34 [INFO] APPLICATION: [LicenseScheduler] OTP cleanup completed successfully
2025-11-06 15:29:34 [INFO] APPLICATION: [LicenseScheduler] Starting OTP cleanup
2025-11-06 15:29:34 [INFO] APPLICATION: [OTPDAO] Deleted 0 expired OTPs
2025-11-06 15:29:34 [INFO] APPLICATION: [LicenseScheduler] OTP cleanup completed successfully
2025-11-06 15:29:34 [INFO] APPLICATION: [LicenseScheduler] Starting OTP cleanup
2025-11-06 15:29:34 [INFO] APPLICATION: [OTPDAO] Deleted 0 expired OTPs
2025-11-06 15:29:34 [INFO] APPLICATION: [LicenseScheduler] OTP cleanup completed successfully
2025-11-06 15:29:34 [INFO] APPLICATION: [LicenseScheduler] Starting OTP cleanup
2025-11-06 15:29:34 [INFO] APPLICATION: [OTPDAO] Deleted 0 expired OTPs
2025-11-06 15:29:34 [INFO] APPLICATION: [LicenseScheduler] OTP cleanup completed successfully
2025-11-06 15:29:34 [INFO] APPLICATION: [LicenseScheduler] Starting OTP cleanup
2025-11-06 15:29:34 [INFO] APPLICATION: [OTPDAO] Deleted 0 expired OTPs
2025-11-06 15:29:34 [INFO] APPLICATION: [LicenseScheduler] OTP cleanup completed successfully
2025-11-06 15:29:34 [INFO] APPLICATION: [LicenseScheduler] Starting OTP cleanup
2025-11-06 15:29:34 [INFO] APPLICATION: [OTPDAO] Deleted 0 expired OTPs
2025-11-06 15:29:34 [INFO] APPLICATION: [LicenseScheduler] OTP cleanup completed successfully
2025-11-06 15:29:34 [INFO] APPLICATION: [LicenseScheduler] Starting OTP cleanup
2025-11-06 15:29:34 [INFO] APPLICATION: [OTPDAO] Deleted 0 expired OTPs
2025-11-06 15:29:34 [INFO] APPLICATION: [LicenseScheduler] OTP cleanup completed successfully
2025-11-06 15:29:34 [INFO] APPLICATION: [LicenseScheduler] Starting OTP cleanup
2025-11-06 15:29:34 [INFO] APPLICATION: [OTPDAO] Deleted 0 expired OTPs
2025-11-06 15:29:34 [INFO] APPLICATION: [LicenseScheduler] OTP cleanup completed successfully
2025-11-06 15:29:34 [INFO] APPLICATION: [LicenseScheduler] Starting OTP cleanup
2025-11-06 15:29:34 [INFO] APPLICATION: [OTPDAO] Deleted 0 expired OTPs
2025-11-06 15:29:34 [INFO] APPLICATION: [LicenseScheduler] OTP cleanup completed successfully
2025-11-06 15:29:34 [INFO] APPLICATION: [LicenseScheduler] Starting OTP cleanup
2025-11-06 15:29:34 [INFO] APPLICATION: [OTPDAO] Deleted 0 expired OTPs
2025-11-06 15:29:34 [INFO] APPLICATION: [LicenseScheduler] OTP cleanup completed successfully
2025-11-06 15:29:34 [INFO] APPLICATION: [LicenseScheduler] Starting OTP cleanup
2025-11-06 15:29:34 [INFO] APPLICATION: [OTPDAO] Deleted 0 expired OTPs
2025-11-06 15:29:34 [INFO] APPLICATION: [LicenseScheduler] OTP cleanup completed successfully
2025-11-06 15:29:34 [INFO] APPLICATION: [LicenseScheduler] Starting OTP cleanup
2025-11-06 15:29:34 [INFO] APPLICATION: [OTPDAO] Deleted 0 expired OTPs
2025-11-06 15:29:34 [INFO] APPLICATION: [LicenseScheduler] OTP cleanup completed successfully
2025-11-06 15:29:34 [INFO] APPLICATION: [LicenseScheduler] Starting OTP cleanup
2025-11-06 15:29:34 [INFO] APPLICATION: [OTPDAO] Deleted 0 expired OTPs
2025-11-06 15:29:34 [INFO] APPLICATION: [LicenseScheduler] OTP cleanup completed successfully
2025-11-06 15:29:34 [INFO] APPLICATION: [LicenseScheduler] Starting OTP cleanup
2025-11-06 15:29:34 [INFO] APPLICATION: [OTPDAO] Deleted 0 expired OTPs
2025-11-06 15:29:34 [INFO] APPLICATION: [LicenseScheduler] OTP cleanup completed successfully
2025-11-06 15:29:34 [INFO] APPLICATION: [LicenseScheduler] Starting OTP cleanup
2025-11-06 15:29:34 [INFO] APPLICATION: [OTPDAO] Deleted 0 expired OTPs
2025-11-06 15:29:34 [INFO] APPLICATION: [LicenseScheduler] OTP cleanup completed successfully
2025-11-06 15:29:34 [INFO] APPLICATION: [LicenseScheduler] Starting OTP cleanup
2025-11-06 15:29:34 [INFO] APPLICATION: [OTPDAO] Deleted 0 expired OTPs
2025-11-06 15:29:34 [INFO] APPLICATION: [LicenseScheduler] OTP cleanup completed successfully
2025-11-06 15:29:34 [INFO] APPLICATION: [LicenseScheduler] Starting OTP cleanup
2025-11-06 15:29:34 [INFO] APPLICATION: [OTPDAO] Deleted 0 expired OTPs
2025-11-06 15:29:34 [INFO] APPLICATION: [LicenseScheduler] OTP cleanup completed successfully
2025-11-06 15:29:34 [INFO] APPLICATION: [LicenseScheduler] Starting OTP cleanup
2025-11-06 15:29:35 [INFO] APPLICATION: [OTPDAO] Deleted 0 expired OTPs
2025-11-06 15:29:35 [INFO] APPLICATION: [LicenseScheduler] OTP cleanup completed successfully
2025-11-06 15:29:35 [INFO] APPLICATION: [LicenseScheduler] Starting OTP cleanup
2025-11-06 15:29:35 [INFO] APPLICATION: [OTPDAO] Deleted 0 expired OTPs
2025-11-06 15:29:35 [INFO] APPLICATION: [LicenseScheduler] OTP cleanup completed successfully
2025-11-06 15:29:35 [INFO] APPLICATION: [LicenseScheduler] Starting OTP cleanup
2025-11-06 15:29:35 [INFO] APPLICATION: [OTPDAO] Deleted 0 expired OTPs
2025-11-06 15:29:35 [INFO] APPLICATION: [LicenseScheduler] OTP cleanup completed successfully
2025-11-06 15:29:35 [INFO] APPLICATION: [LicenseScheduler] Starting OTP cleanup
2025-11-06 15:29:35 [INFO] APPLICATION: [OTPDAO] Deleted 0 expired OTPs
2025-11-06 15:29:35 [INFO] APPLICATION: [LicenseScheduler] OTP cleanup completed successfully
2025-11-06 15:29:35 [INFO] APPLICATION: [LicenseScheduler] Starting OTP cleanup
2025-11-06 15:29:35 [INFO] APPLICATION: [OTPDAO] Deleted 0 expired OTPs
2025-11-06 15:29:35 [INFO] APPLICATION: [LicenseScheduler] OTP cleanup completed successfully
2025-11-06 15:29:35 [INFO] APPLICATION: [LicenseScheduler] Starting OTP cleanup
2025-11-06 15:29:35 [INFO] APPLICATION: [OTPDAO] Deleted 0 expired OTPs
2025-11-06 15:29:35 [INFO] APPLICATION: [LicenseScheduler] OTP cleanup completed successfully
2025-11-06 15:29:35 [INFO] APPLICATION: [LicenseScheduler] Starting OTP cleanup
2025-11-06 15:29:35 [INFO] APPLICATION: [OTPDAO] Deleted 0 expired OTPs
2025-11-06 15:29:35 [INFO] APPLICATION: [LicenseScheduler] OTP cleanup completed successfully
2025-11-06 15:29:35 [INFO] APPLICATION: [LicenseScheduler] Starting OTP cleanup
2025-11-06 15:29:35 [INFO] APPLICATION: [OTPDAO] Deleted 0 expired OTPs
2025-11-06 15:29:35 [INFO] APPLICATION: [LicenseScheduler] OTP cleanup completed successfully
2025-11-06 15:29:35 [INFO] APPLICATION: [LicenseScheduler] Starting OTP cleanup
2025-11-06 15:29:35 [INFO] APPLICATION: [OTPDAO] Deleted 0 expired OTPs
2025-11-06 15:29:35 [INFO] APPLICATION: [LicenseScheduler] OTP cleanup completed successfully
2025-11-06 15:29:35 [INFO] APPLICATION: [LicenseScheduler] Starting OTP cleanup
2025-11-06 15:29:35 [INFO] APPLICATION: [OTPDAO] Deleted 0 expired OTPs
2025-11-06 15:29:35 [INFO] APPLICATION: [LicenseScheduler] OTP cleanup completed successfully
2025-11-06 15:29:35 [INFO] APPLICATION: [LicenseScheduler] Starting OTP cleanup
2025-11-06 15:29:35 [INFO] APPLICATION: [OTPDAO] Deleted 0 expired OTPs
2025-11-06 15:29:35 [INFO] APPLICATION: [LicenseScheduler] OTP cleanup completed successfully
2025-11-06 15:29:35 [INFO] APPLICATION: [LicenseScheduler] Starting OTP cleanup
2025-11-06 15:29:35 [INFO] APPLICATION: [OTPDAO] Deleted 0 expired OTPs
2025-11-06 15:29:35 [INFO] APPLICATION: [LicenseScheduler] OTP cleanup completed successfully
2025-11-06 15:29:35 [INFO] APPLICATION: [LicenseScheduler] Starting OTP cleanup
2025-11-06 15:29:35 [INFO] APPLICATION: [OTPDAO] Deleted 0 expired OTPs
2025-11-06 15:29:35 [INFO] APPLICATION: [LicenseScheduler] OTP cleanup completed successfully
2025-11-06 15:29:35 [INFO] APPLICATION: [LicenseScheduler] Starting OTP cleanup
2025-11-06 15:29:35 [INFO] APPLICATION: [OTPDAO] Deleted 0 expired OTPs
2025-11-06 15:29:35 [INFO] APPLICATION: [LicenseScheduler] OTP cleanup completed successfully
2025-11-06 15:31:19 [INFO] APPLICATION: [StudentQRCodeServlet] Generating QR codes for 29 students
2025-11-06 15:31:19 [INFO] APPLICATION: [StudentQRCodeServlet] Created temporary directory: C:\Users\hamdy\AppData\Local\Temp\student_qrcodes_15376185761118992515
2025-11-06 15:31:19 [INFO] APPLICATION: [StudentQRCodeServlet] Created grade directory: ???? ????? ????????
2025-11-06 15:31:19 [INFO] APPLICATION: [StudentQRCodeServlet] Created class directory: ???? ????? ????????/1?
2025-11-06 15:31:20 [INFO] APPLICATION: [QRCodeService] QR code generated and cached for student: ???? ??? ????
2025-11-06 15:31:20 [INFO] APPLICATION: [QRCodeService] QR code file saved: C:\Users\hamdy\AppData\Local\Temp\student_qrcodes_15376185761118992515\???? ????? ????????\1?\???? ??? ????.png
2025-11-06 15:31:20 [INFO] APPLICATION: [QRCodeService] QR code generated and cached for student: ????? ????
2025-11-06 15:31:20 [INFO] APPLICATION: [QRCodeService] QR code file saved: C:\Users\hamdy\AppData\Local\Temp\student_qrcodes_15376185761118992515\???? ????? ????????\1?\????? ????.png
2025-11-06 15:31:20 [INFO] APPLICATION: [StudentQRCodeServlet] Created class directory: ???? ????? ????????/1?
2025-11-06 15:31:20 [INFO] APPLICATION: [QRCodeService] QR code generated and cached for student: ???? ????
2025-11-06 15:31:20 [INFO] APPLICATION: [QRCodeService] QR code file saved: C:\Users\hamdy\AppData\Local\Temp\student_qrcodes_15376185761118992515\???? ????? ????????\1?\???? ????.png
2025-11-06 15:31:20 [INFO] APPLICATION: [QRCodeService] QR code generated and cached for student: ????? ?????
2025-11-06 15:31:20 [INFO] APPLICATION: [QRCodeService] QR code file saved: C:\Users\hamdy\AppData\Local\Temp\student_qrcodes_15376185761118992515\???? ????? ????????\1?\????? ?????.png
2025-11-06 15:31:20 [INFO] APPLICATION: [QRCodeService] QR code generated and cached for student: ???? ????
2025-11-06 15:31:20 [INFO] APPLICATION: [QRCodeService] QR code file saved: C:\Users\hamdy\AppData\Local\Temp\student_qrcodes_15376185761118992515\???? ????? ????????\1?\???? ????.png
2025-11-06 15:31:20 [INFO] APPLICATION: [QRCodeService] QR code generated and cached for student: ???? ????
2025-11-06 15:31:20 [INFO] APPLICATION: [QRCodeService] QR code file saved: C:\Users\hamdy\AppData\Local\Temp\student_qrcodes_15376185761118992515\???? ????? ????????\1?\???? ????.png
2025-11-06 15:31:20 [INFO] APPLICATION: [QRCodeService] QR code generated and cached for student: ???? ????
2025-11-06 15:31:20 [INFO] APPLICATION: [QRCodeService] QR code file saved: C:\Users\hamdy\AppData\Local\Temp\student_qrcodes_15376185761118992515\???? ????? ????????\1?\???? ????.png
2025-11-06 15:31:20 [INFO] APPLICATION: [QRCodeService] QR code generated and cached for student: ???? ????
2025-11-06 15:31:20 [INFO] APPLICATION: [QRCodeService] QR code file saved: C:\Users\hamdy\AppData\Local\Temp\student_qrcodes_15376185761118992515\???? ????? ????????\1?\???? ????.png
2025-11-06 15:31:20 [INFO] APPLICATION: [QRCodeService] QR code generated and cached for student: ???? ????
2025-11-06 15:31:20 [INFO] APPLICATION: [QRCodeService] QR code file saved: C:\Users\hamdy\AppData\Local\Temp\student_qrcodes_15376185761118992515\???? ????? ????????\1?\???? ????.png
2025-11-06 15:31:20 [INFO] APPLICATION: [QRCodeService] QR code generated and cached for student: hamdy ????
2025-11-06 15:31:20 [INFO] APPLICATION: [QRCodeService] QR code file saved: C:\Users\hamdy\AppData\Local\Temp\student_qrcodes_15376185761118992515\???? ????? ????????\1?\hamdy ????.png
2025-11-06 15:31:20 [INFO] APPLICATION: [QRCodeService] QR code generated and cached for student: loooy hamdy kouta
2025-11-06 15:31:20 [INFO] APPLICATION: [QRCodeService] QR code file saved: C:\Users\hamdy\AppData\Local\Temp\student_qrcodes_15376185761118992515\???? ????? ????????\1?\loooy hamdy kouta.png
2025-11-06 15:31:20 [INFO] APPLICATION: [QRCodeService] QR code generated and cached for student: hamdy ????
2025-11-06 15:31:20 [INFO] APPLICATION: [QRCodeService] QR code file saved: C:\Users\hamdy\AppData\Local\Temp\student_qrcodes_15376185761118992515\???? ????? ????????\1?\hamdy ????.png
2025-11-06 15:31:20 [INFO] APPLICATION: [QRCodeService] QR code generated and cached for student: hamdy ????
2025-11-06 15:31:20 [INFO] APPLICATION: [QRCodeService] QR code file saved: C:\Users\hamdy\AppData\Local\Temp\student_qrcodes_15376185761118992515\???? ????? ????????\1?\hamdy ????.png
2025-11-06 15:31:20 [INFO] APPLICATION: [QRCodeService] QR code generated and cached for student: salm mohamed yasser
2025-11-06 15:31:20 [INFO] APPLICATION: [QRCodeService] QR code file saved: C:\Users\hamdy\AppData\Local\Temp\student_qrcodes_15376185761118992515\???? ????? ????????\1?\salm mohamed yasser.png
2025-11-06 15:31:20 [INFO] APPLICATION: [QRCodeService] QR code generated and cached for student: salm mohamed yasser
2025-11-06 15:31:20 [INFO] APPLICATION: [QRCodeService] QR code file saved: C:\Users\hamdy\AppData\Local\Temp\student_qrcodes_15376185761118992515\???? ????? ????????\1?\salm mohamed yasser.png
2025-11-06 15:31:20 [INFO] APPLICATION: [QRCodeService] QR code generated and cached for student: salm mohamed yasser
2025-11-06 15:31:20 [INFO] APPLICATION: [QRCodeService] QR code file saved: C:\Users\hamdy\AppData\Local\Temp\student_qrcodes_15376185761118992515\???? ????? ????????\1?\salm mohamed yasser.png
2025-11-06 15:31:20 [INFO] APPLICATION: [QRCodeService] QR code generated and cached for student: salm mohamed yasser
2025-11-06 15:31:20 [INFO] APPLICATION: [QRCodeService] QR code file saved: C:\Users\hamdy\AppData\Local\Temp\student_qrcodes_15376185761118992515\???? ????? ????????\1?\salm mohamed yasser.png
2025-11-06 15:31:20 [INFO] APPLICATION: [QRCodeService] QR code generated and cached for student: salm mohamed yasser
2025-11-06 15:31:20 [INFO] APPLICATION: [QRCodeService] QR code file saved: C:\Users\hamdy\AppData\Local\Temp\student_qrcodes_15376185761118992515\???? ????? ????????\1?\salm mohamed yasser.png
2025-11-06 15:31:20 [INFO] APPLICATION: [QRCodeService] QR code generated and cached for student: loooy hamdy kouta
2025-11-06 15:31:20 [INFO] APPLICATION: [QRCodeService] QR code file saved: C:\Users\hamdy\AppData\Local\Temp\student_qrcodes_15376185761118992515\???? ????? ????????\1?\loooy hamdy kouta.png
2025-11-06 15:31:20 [INFO] APPLICATION: [QRCodeService] QR code generated and cached for student: loooy hamdy kouta
2025-11-06 15:31:20 [INFO] APPLICATION: [QRCodeService] QR code file saved: C:\Users\hamdy\AppData\Local\Temp\student_qrcodes_15376185761118992515\???? ????? ????????\1?\loooy hamdy kouta.png
2025-11-06 15:31:20 [INFO] APPLICATION: [QRCodeService] QR code generated and cached for student: salm mohamed yasser
2025-11-06 15:31:20 [INFO] APPLICATION: [QRCodeService] QR code file saved: C:\Users\hamdy\AppData\Local\Temp\student_qrcodes_15376185761118992515\???? ????? ????????\1?\salm mohamed yasser.png
2025-11-06 15:31:20 [INFO] APPLICATION: [QRCodeService] QR code generated and cached for student: salm mohamed yasser
2025-11-06 15:31:20 [INFO] APPLICATION: [QRCodeService] QR code file saved: C:\Users\hamdy\AppData\Local\Temp\student_qrcodes_15376185761118992515\???? ????? ????????\1?\salm mohamed yasser.png
2025-11-06 15:31:20 [INFO] APPLICATION: [QRCodeService] QR code generated and cached for student: salm mohamed yasser
2025-11-06 15:31:20 [INFO] APPLICATION: [QRCodeService] QR code file saved: C:\Users\hamdy\AppData\Local\Temp\student_qrcodes_15376185761118992515\???? ????? ????????\1?\salm mohamed yasser.png
2025-11-06 15:31:20 [INFO] APPLICATION: [QRCodeService] QR code generated and cached for student: salm mohamed yasser
2025-11-06 15:31:20 [INFO] APPLICATION: [QRCodeService] QR code file saved: C:\Users\hamdy\AppData\Local\Temp\student_qrcodes_15376185761118992515\???? ????? ????????\1?\salm mohamed yasser.png
2025-11-06 15:31:20 [INFO] APPLICATION: [StudentQRCodeServlet] Created class directory: ???? ????? ????????/1?
2025-11-06 15:31:20 [INFO] APPLICATION: [QRCodeService] QR code generated and cached for student: ????? ???
2025-11-06 15:31:20 [INFO] APPLICATION: [QRCodeService] QR code file saved: C:\Users\hamdy\AppData\Local\Temp\student_qrcodes_15376185761118992515\???? ????? ????????\1?\????? ???.png
2025-11-06 15:31:20 [INFO] APPLICATION: [StudentQRCodeServlet] Created grade directory: ???? ?????? ????????
2025-11-06 15:31:20 [INFO] APPLICATION: [StudentQRCodeServlet] Created class directory: ???? ?????? ????????/3?
2025-11-06 15:31:20 [INFO] APPLICATION: [QRCodeService] QR code generated and cached for student: ?????? ????
2025-11-06 15:31:20 [INFO] APPLICATION: [QRCodeService] QR code file saved: C:\Users\hamdy\AppData\Local\Temp\student_qrcodes_15376185761118992515\???? ?????? ????????\3?\?????? ????.png
2025-11-06 15:31:20 [INFO] APPLICATION: [StudentQRCodeServlet] Created class directory: ???? ?????? ????????/9?
2025-11-06 15:31:20 [INFO] APPLICATION: [QRCodeService] QR code generated and cached for student: ????? ????
2025-11-06 15:31:20 [INFO] APPLICATION: [QRCodeService] QR code file saved: C:\Users\hamdy\AppData\Local\Temp\student_qrcodes_15376185761118992515\???? ?????? ????????\9?\????? ????.png
2025-11-06 15:31:20 [INFO] APPLICATION: [StudentQRCodeServlet] Created class directory: ???? ?????? ????????/3?
2025-11-06 15:31:20 [INFO] APPLICATION: [QRCodeService] QR code generated and cached for student: ???? ??????
2025-11-06 15:31:20 [INFO] APPLICATION: [QRCodeService] QR code file saved: C:\Users\hamdy\AppData\Local\Temp\student_qrcodes_15376185761118992515\???? ?????? ????????\3?\???? ??????.png
2025-11-06 15:31:20 [INFO] APPLICATION: [StudentQRCodeServlet] Created grade directory: ???? ?????? ????????
2025-11-06 15:31:20 [INFO] APPLICATION: [StudentQRCodeServlet] Created class directory: ???? ?????? ????????/2?
2025-11-06 15:31:20 [INFO] APPLICATION: [QRCodeService] QR code generated and cached for student: ????? ???
2025-11-06 15:31:20 [INFO] APPLICATION: [QRCodeService] QR code file saved: C:\Users\hamdy\AppData\Local\Temp\student_qrcodes_15376185761118992515\???? ?????? ????????\2?\????? ???.png
2025-11-06 15:31:20 [INFO] APPLICATION: [StudentQRCodeServlet] QR code generation completed. Success: 29, Errors: 0
2025-11-06 15:31:20 [INFO] APPLICATION: [StudentQRCodeServlet] Added to ZIP: ???? ????? ????????/1?/hamdy ????.png
2025-11-06 15:31:20 [INFO] APPLICATION: [StudentQRCodeServlet] Added to ZIP: ???? ????? ????????/1?/loooy hamdy kouta.png
2025-11-06 15:31:20 [INFO] APPLICATION: [StudentQRCodeServlet] Added to ZIP: ???? ????? ????????/1?/salm mohamed yasser.png
2025-11-06 15:31:20 [INFO] APPLICATION: [StudentQRCodeServlet] Added to ZIP: ???? ????? ????????/1?/???? ????.png
2025-11-06 15:31:20 [INFO] APPLICATION: [StudentQRCodeServlet] Added to ZIP: ???? ????? ????????/1?/???? ????.png
2025-11-06 15:31:20 [INFO] APPLICATION: [StudentQRCodeServlet] Added to ZIP: ???? ????? ????????/1?/????? ?????.png
2025-11-06 15:31:20 [INFO] APPLICATION: [StudentQRCodeServlet] Added to ZIP: ???? ????? ????????/1?/????? ???.png
2025-11-06 15:31:20 [INFO] APPLICATION: [StudentQRCodeServlet] Added to ZIP: ???? ????? ????????/1?/????? ????.png
2025-11-06 15:31:20 [INFO] APPLICATION: [StudentQRCodeServlet] Added to ZIP: ???? ????? ????????/1?/???? ??? ????.png
2025-11-06 15:31:20 [INFO] APPLICATION: [StudentQRCodeServlet] Added to ZIP: ???? ?????? ????????/3?/?????? ????.png
2025-11-06 15:31:20 [INFO] APPLICATION: [StudentQRCodeServlet] Added to ZIP: ???? ?????? ????????/3?/???? ??????.png
2025-11-06 15:31:20 [INFO] APPLICATION: [StudentQRCodeServlet] Added to ZIP: ???? ?????? ????????/9?/????? ????.png
2025-11-06 15:31:20 [INFO] APPLICATION: [StudentQRCodeServlet] Added to ZIP: ???? ?????? ????????/2?/????? ???.png
2025-11-06 15:31:20 [INFO] APPLICATION: [StudentQRCodeServlet] ZIP file sent successfully
2025-11-06 15:31:20 [INFO] APPLICATION: [StudentQRCodeServlet] Temporary directory cleaned up: C:\Users\hamdy\AppData\Local\Temp\student_qrcodes_15376185761118992515
2025-11-06 15:31:23 [INFO] APPLICATION: [StudentQRCodeServlet] Generating QR codes for 29 students
2025-11-06 15:31:23 [INFO] APPLICATION: [StudentQRCodeServlet] Created temporary directory: C:\Users\hamdy\AppData\Local\Temp\student_qrcodes_16604512641634211470
2025-11-06 15:31:23 [INFO] APPLICATION: [StudentQRCodeServlet] Created grade directory: ???? ????? ????????
2025-11-06 15:31:23 [INFO] APPLICATION: [StudentQRCodeServlet] Created class directory: ???? ????? ????????/1?
2025-11-06 15:31:23 [INFO] APPLICATION: [QRCodeService] QR code retrieved from cache for student: ???? ??? ????
2025-11-06 15:31:23 [INFO] APPLICATION: [QRCodeService] QR code file saved: C:\Users\hamdy\AppData\Local\Temp\student_qrcodes_16604512641634211470\???? ????? ????????\1?\???? ??? ????.png
2025-11-06 15:31:23 [INFO] APPLICATION: [QRCodeService] QR code retrieved from cache for student: ????? ????
2025-11-06 15:31:23 [INFO] APPLICATION: [QRCodeService] QR code file saved: C:\Users\hamdy\AppData\Local\Temp\student_qrcodes_16604512641634211470\???? ????? ????????\1?\????? ????.png
2025-11-06 15:31:23 [INFO] APPLICATION: [StudentQRCodeServlet] Created class directory: ???? ????? ????????/1?
2025-11-06 15:31:23 [INFO] APPLICATION: [QRCodeService] QR code retrieved from cache for student: ???? ????
2025-11-06 15:31:23 [INFO] APPLICATION: [QRCodeService] QR code file saved: C:\Users\hamdy\AppData\Local\Temp\student_qrcodes_16604512641634211470\???? ????? ????????\1?\???? ????.png
2025-11-06 15:31:23 [INFO] APPLICATION: [QRCodeService] QR code retrieved from cache for student: ????? ?????
2025-11-06 15:31:23 [INFO] APPLICATION: [QRCodeService] QR code file saved: C:\Users\hamdy\AppData\Local\Temp\student_qrcodes_16604512641634211470\???? ????? ????????\1?\????? ?????.png
2025-11-06 15:31:23 [INFO] APPLICATION: [QRCodeService] QR code retrieved from cache for student: ???? ????
2025-11-06 15:31:23 [INFO] APPLICATION: [QRCodeService] QR code file saved: C:\Users\hamdy\AppData\Local\Temp\student_qrcodes_16604512641634211470\???? ????? ????????\1?\???? ????.png
2025-11-06 15:31:23 [INFO] APPLICATION: [QRCodeService] QR code retrieved from cache for student: ???? ????
2025-11-06 15:31:23 [INFO] APPLICATION: [QRCodeService] QR code file saved: C:\Users\hamdy\AppData\Local\Temp\student_qrcodes_16604512641634211470\???? ????? ????????\1?\???? ????.png
2025-11-06 15:31:23 [INFO] APPLICATION: [QRCodeService] QR code retrieved from cache for student: ???? ????
2025-11-06 15:31:23 [INFO] APPLICATION: [QRCodeService] QR code file saved: C:\Users\hamdy\AppData\Local\Temp\student_qrcodes_16604512641634211470\???? ????? ????????\1?\???? ????.png
2025-11-06 15:31:23 [INFO] APPLICATION: [QRCodeService] QR code retrieved from cache for student: ???? ????
2025-11-06 15:31:23 [INFO] APPLICATION: [QRCodeService] QR code file saved: C:\Users\hamdy\AppData\Local\Temp\student_qrcodes_16604512641634211470\???? ????? ????????\1?\???? ????.png
2025-11-06 15:31:23 [INFO] APPLICATION: [QRCodeService] QR code retrieved from cache for student: ???? ????
2025-11-06 15:31:23 [INFO] APPLICATION: [QRCodeService] QR code file saved: C:\Users\hamdy\AppData\Local\Temp\student_qrcodes_16604512641634211470\???? ????? ????????\1?\???? ????.png
2025-11-06 15:31:23 [INFO] APPLICATION: [QRCodeService] QR code retrieved from cache for student: hamdy ????
2025-11-06 15:31:23 [INFO] APPLICATION: [QRCodeService] QR code file saved: C:\Users\hamdy\AppData\Local\Temp\student_qrcodes_16604512641634211470\???? ????? ????????\1?\hamdy ????.png
2025-11-06 15:31:23 [INFO] APPLICATION: [QRCodeService] QR code retrieved from cache for student: loooy hamdy kouta
2025-11-06 15:31:23 [INFO] APPLICATION: [QRCodeService] QR code file saved: C:\Users\hamdy\AppData\Local\Temp\student_qrcodes_16604512641634211470\???? ????? ????????\1?\loooy hamdy kouta.png
2025-11-06 15:31:23 [INFO] APPLICATION: [QRCodeService] QR code retrieved from cache for student: hamdy ????
2025-11-06 15:31:23 [INFO] APPLICATION: [QRCodeService] QR code file saved: C:\Users\hamdy\AppData\Local\Temp\student_qrcodes_16604512641634211470\???? ????? ????????\1?\hamdy ????.png
2025-11-06 15:31:23 [INFO] APPLICATION: [QRCodeService] QR code retrieved from cache for student: hamdy ????
2025-11-06 15:31:23 [INFO] APPLICATION: [QRCodeService] QR code file saved: C:\Users\hamdy\AppData\Local\Temp\student_qrcodes_16604512641634211470\???? ????? ????????\1?\hamdy ????.png
2025-11-06 15:31:23 [INFO] APPLICATION: [QRCodeService] QR code retrieved from cache for student: salm mohamed yasser
2025-11-06 15:31:23 [INFO] APPLICATION: [QRCodeService] QR code file saved: C:\Users\hamdy\AppData\Local\Temp\student_qrcodes_16604512641634211470\???? ????? ????????\1?\salm mohamed yasser.png
2025-11-06 15:31:23 [INFO] APPLICATION: [QRCodeService] QR code retrieved from cache for student: salm mohamed yasser
2025-11-06 15:31:23 [INFO] APPLICATION: [QRCodeService] QR code file saved: C:\Users\hamdy\AppData\Local\Temp\student_qrcodes_16604512641634211470\???? ????? ????????\1?\salm mohamed yasser.png
2025-11-06 15:31:23 [INFO] APPLICATION: [QRCodeService] QR code retrieved from cache for student: salm mohamed yasser
2025-11-06 15:31:23 [INFO] APPLICATION: [QRCodeService] QR code file saved: C:\Users\hamdy\AppData\Local\Temp\student_qrcodes_16604512641634211470\???? ????? ????????\1?\salm mohamed yasser.png
2025-11-06 15:31:23 [INFO] APPLICATION: [QRCodeService] QR code retrieved from cache for student: salm mohamed yasser
2025-11-06 15:31:23 [INFO] APPLICATION: [QRCodeService] QR code file saved: C:\Users\hamdy\AppData\Local\Temp\student_qrcodes_16604512641634211470\???? ????? ????????\1?\salm mohamed yasser.png
2025-11-06 15:31:23 [INFO] APPLICATION: [QRCodeService] QR code retrieved from cache for student: salm mohamed yasser
2025-11-06 15:31:23 [INFO] APPLICATION: [QRCodeService] QR code file saved: C:\Users\hamdy\AppData\Local\Temp\student_qrcodes_16604512641634211470\???? ????? ????????\1?\salm mohamed yasser.png
2025-11-06 15:31:23 [INFO] APPLICATION: [QRCodeService] QR code retrieved from cache for student: loooy hamdy kouta
2025-11-06 15:31:23 [INFO] APPLICATION: [QRCodeService] QR code file saved: C:\Users\hamdy\AppData\Local\Temp\student_qrcodes_16604512641634211470\???? ????? ????????\1?\loooy hamdy kouta.png
2025-11-06 15:31:23 [INFO] APPLICATION: [QRCodeService] QR code retrieved from cache for student: loooy hamdy kouta
2025-11-06 15:31:23 [INFO] APPLICATION: [QRCodeService] QR code file saved: C:\Users\hamdy\AppData\Local\Temp\student_qrcodes_16604512641634211470\???? ????? ????????\1?\loooy hamdy kouta.png
2025-11-06 15:31:23 [INFO] APPLICATION: [QRCodeService] QR code retrieved from cache for student: salm mohamed yasser
2025-11-06 15:31:23 [INFO] APPLICATION: [QRCodeService] QR code file saved: C:\Users\hamdy\AppData\Local\Temp\student_qrcodes_16604512641634211470\???? ????? ????????\1?\salm mohamed yasser.png
2025-11-06 15:31:23 [INFO] APPLICATION: [QRCodeService] QR code retrieved from cache for student: salm mohamed yasser
2025-11-06 15:31:23 [INFO] APPLICATION: [QRCodeService] QR code file saved: C:\Users\hamdy\AppData\Local\Temp\student_qrcodes_16604512641634211470\???? ????? ????????\1?\salm mohamed yasser.png
2025-11-06 15:31:23 [INFO] APPLICATION: [QRCodeService] QR code retrieved from cache for student: salm mohamed yasser
2025-11-06 15:31:23 [INFO] APPLICATION: [QRCodeService] QR code file saved: C:\Users\hamdy\AppData\Local\Temp\student_qrcodes_16604512641634211470\???? ????? ????????\1?\salm mohamed yasser.png
2025-11-06 15:31:23 [INFO] APPLICATION: [QRCodeService] QR code retrieved from cache for student: salm mohamed yasser
2025-11-06 15:31:23 [INFO] APPLICATION: [QRCodeService] QR code file saved: C:\Users\hamdy\AppData\Local\Temp\student_qrcodes_16604512641634211470\???? ????? ????????\1?\salm mohamed yasser.png
2025-11-06 15:31:23 [INFO] APPLICATION: [StudentQRCodeServlet] Created class directory: ???? ????? ????????/1?
2025-11-06 15:31:23 [INFO] APPLICATION: [QRCodeService] QR code retrieved from cache for student: ????? ???
2025-11-06 15:31:23 [INFO] APPLICATION: [QRCodeService] QR code file saved: C:\Users\hamdy\AppData\Local\Temp\student_qrcodes_16604512641634211470\???? ????? ????????\1?\????? ???.png
2025-11-06 15:31:23 [INFO] APPLICATION: [StudentQRCodeServlet] Created grade directory: ???? ?????? ????????
2025-11-06 15:31:23 [INFO] APPLICATION: [StudentQRCodeServlet] Created class directory: ???? ?????? ????????/3?
2025-11-06 15:31:23 [INFO] APPLICATION: [QRCodeService] QR code retrieved from cache for student: ?????? ????
2025-11-06 15:31:23 [INFO] APPLICATION: [QRCodeService] QR code file saved: C:\Users\hamdy\AppData\Local\Temp\student_qrcodes_16604512641634211470\???? ?????? ????????\3?\?????? ????.png
2025-11-06 15:31:23 [INFO] APPLICATION: [StudentQRCodeServlet] Created class directory: ???? ?????? ????????/9?
2025-11-06 15:31:23 [INFO] APPLICATION: [QRCodeService] QR code retrieved from cache for student: ????? ????
2025-11-06 15:31:23 [INFO] APPLICATION: [QRCodeService] QR code file saved: C:\Users\hamdy\AppData\Local\Temp\student_qrcodes_16604512641634211470\???? ?????? ????????\9?\????? ????.png
2025-11-06 15:31:23 [INFO] APPLICATION: [StudentQRCodeServlet] Created class directory: ???? ?????? ????????/3?
2025-11-06 15:31:23 [INFO] APPLICATION: [QRCodeService] QR code retrieved from cache for student: ???? ??????
2025-11-06 15:31:23 [INFO] APPLICATION: [QRCodeService] QR code file saved: C:\Users\hamdy\AppData\Local\Temp\student_qrcodes_16604512641634211470\???? ?????? ????????\3?\???? ??????.png
2025-11-06 15:31:23 [INFO] APPLICATION: [StudentQRCodeServlet] Created grade directory: ???? ?????? ????????
2025-11-06 15:31:23 [INFO] APPLICATION: [StudentQRCodeServlet] Created class directory: ???? ?????? ????????/2?
2025-11-06 15:31:23 [INFO] APPLICATION: [QRCodeService] QR code retrieved from cache for student: ????? ???
2025-11-06 15:31:23 [INFO] APPLICATION: [QRCodeService] QR code file saved: C:\Users\hamdy\AppData\Local\Temp\student_qrcodes_16604512641634211470\???? ?????? ????????\2?\????? ???.png
2025-11-06 15:31:23 [INFO] APPLICATION: [StudentQRCodeServlet] QR code generation completed. Success: 29, Errors: 0
2025-11-06 15:31:23 [INFO] APPLICATION: [StudentQRCodeServlet] Added to ZIP: ???? ????? ????????/1?/hamdy ????.png
2025-11-06 15:31:23 [INFO] APPLICATION: [StudentQRCodeServlet] Added to ZIP: ???? ????? ????????/1?/loooy hamdy kouta.png
2025-11-06 15:31:23 [INFO] APPLICATION: [StudentQRCodeServlet] Added to ZIP: ???? ????? ????????/1?/salm mohamed yasser.png
2025-11-06 15:31:23 [INFO] APPLICATION: [StudentQRCodeServlet] Added to ZIP: ???? ????? ????????/1?/???? ????.png
2025-11-06 15:31:23 [INFO] APPLICATION: [StudentQRCodeServlet] Added to ZIP: ???? ????? ????????/1?/???? ????.png
2025-11-06 15:31:23 [INFO] APPLICATION: [StudentQRCodeServlet] Added to ZIP: ???? ????? ????????/1?/????? ?????.png
2025-11-06 15:31:23 [INFO] APPLICATION: [StudentQRCodeServlet] Added to ZIP: ???? ????? ????????/1?/????? ???.png
2025-11-06 15:31:23 [INFO] APPLICATION: [StudentQRCodeServlet] Added to ZIP: ???? ????? ????????/1?/????? ????.png
2025-11-06 15:31:23 [INFO] APPLICATION: [StudentQRCodeServlet] Added to ZIP: ???? ????? ????????/1?/???? ??? ????.png
2025-11-06 15:31:23 [INFO] APPLICATION: [StudentQRCodeServlet] Added to ZIP: ???? ?????? ????????/3?/?????? ????.png
2025-11-06 15:31:23 [INFO] APPLICATION: [StudentQRCodeServlet] Added to ZIP: ???? ?????? ????????/3?/???? ??????.png
2025-11-06 15:31:23 [INFO] APPLICATION: [StudentQRCodeServlet] Added to ZIP: ???? ?????? ????????/9?/????? ????.png
2025-11-06 15:31:23 [INFO] APPLICATION: [StudentQRCodeServlet] Added to ZIP: ???? ?????? ????????/2?/????? ???.png
2025-11-06 15:31:23 [INFO] APPLICATION: [StudentQRCodeServlet] ZIP file sent successfully
2025-11-06 15:31:23 [INFO] APPLICATION: [StudentQRCodeServlet] Temporary directory cleaned up: C:\Users\hamdy\AppData\Local\Temp\student_qrcodes_16604512641634211470
2025-11-06 15:31:29 [INFO] APPLICATION: [StudentQRCodeServlet] Generating QR codes for 29 students
2025-11-06 15:31:29 [INFO] APPLICATION: [StudentQRCodeServlet] Created temporary directory: C:\Users\hamdy\AppData\Local\Temp\student_qrcodes_12927372998120246157
2025-11-06 15:31:29 [INFO] APPLICATION: [StudentQRCodeServlet] Created grade directory: ???? ????? ????????
2025-11-06 15:31:29 [INFO] APPLICATION: [StudentQRCodeServlet] Created class directory: ???? ????? ????????/1?
2025-11-06 15:31:29 [INFO] APPLICATION: [QRCodeService] QR code retrieved from cache for student: ???? ??? ????
2025-11-06 15:31:29 [INFO] APPLICATION: [QRCodeService] QR code file saved: C:\Users\hamdy\AppData\Local\Temp\student_qrcodes_12927372998120246157\???? ????? ????????\1?\???? ??? ????.png
2025-11-06 15:31:29 [INFO] APPLICATION: [QRCodeService] QR code retrieved from cache for student: ????? ????
2025-11-06 15:31:29 [INFO] APPLICATION: [QRCodeService] QR code file saved: C:\Users\hamdy\AppData\Local\Temp\student_qrcodes_12927372998120246157\???? ????? ????????\1?\????? ????.png
2025-11-06 15:31:29 [INFO] APPLICATION: [StudentQRCodeServlet] Created class directory: ???? ????? ????????/1?
2025-11-06 15:31:29 [INFO] APPLICATION: [QRCodeService] QR code retrieved from cache for student: ???? ????
2025-11-06 15:31:29 [INFO] APPLICATION: [QRCodeService] QR code file saved: C:\Users\hamdy\AppData\Local\Temp\student_qrcodes_12927372998120246157\???? ????? ????????\1?\???? ????.png
2025-11-06 15:31:29 [INFO] APPLICATION: [QRCodeService] QR code retrieved from cache for student: ????? ?????
2025-11-06 15:31:29 [INFO] APPLICATION: [QRCodeService] QR code file saved: C:\Users\hamdy\AppData\Local\Temp\student_qrcodes_12927372998120246157\???? ????? ????????\1?\????? ?????.png
2025-11-06 15:31:29 [INFO] APPLICATION: [QRCodeService] QR code retrieved from cache for student: ???? ????
2025-11-06 15:31:29 [INFO] APPLICATION: [QRCodeService] QR code file saved: C:\Users\hamdy\AppData\Local\Temp\student_qrcodes_12927372998120246157\???? ????? ????????\1?\???? ????.png
2025-11-06 15:31:29 [INFO] APPLICATION: [QRCodeService] QR code retrieved from cache for student: ???? ????
2025-11-06 15:31:29 [INFO] APPLICATION: [QRCodeService] QR code file saved: C:\Users\hamdy\AppData\Local\Temp\student_qrcodes_12927372998120246157\???? ????? ????????\1?\???? ????.png
2025-11-06 15:31:29 [INFO] APPLICATION: [QRCodeService] QR code retrieved from cache for student: ???? ????
2025-11-06 15:31:29 [INFO] APPLICATION: [QRCodeService] QR code file saved: C:\Users\hamdy\AppData\Local\Temp\student_qrcodes_12927372998120246157\???? ????? ????????\1?\???? ????.png
2025-11-06 15:31:29 [INFO] APPLICATION: [QRCodeService] QR code retrieved from cache for student: ???? ????
2025-11-06 15:31:29 [INFO] APPLICATION: [QRCodeService] QR code file saved: C:\Users\hamdy\AppData\Local\Temp\student_qrcodes_12927372998120246157\???? ????? ????????\1?\???? ????.png
2025-11-06 15:31:29 [INFO] APPLICATION: [QRCodeService] QR code retrieved from cache for student: ???? ????
2025-11-06 15:31:29 [INFO] APPLICATION: [QRCodeService] QR code file saved: C:\Users\hamdy\AppData\Local\Temp\student_qrcodes_12927372998120246157\???? ????? ????????\1?\???? ????.png
2025-11-06 15:31:29 [INFO] APPLICATION: [QRCodeService] QR code retrieved from cache for student: hamdy ????
2025-11-06 15:31:29 [INFO] APPLICATION: [QRCodeService] QR code file saved: C:\Users\hamdy\AppData\Local\Temp\student_qrcodes_12927372998120246157\???? ????? ????????\1?\hamdy ????.png
2025-11-06 15:31:29 [INFO] APPLICATION: [QRCodeService] QR code retrieved from cache for student: loooy hamdy kouta
2025-11-06 15:31:29 [INFO] APPLICATION: [QRCodeService] QR code file saved: C:\Users\hamdy\AppData\Local\Temp\student_qrcodes_12927372998120246157\???? ????? ????????\1?\loooy hamdy kouta.png
2025-11-06 15:31:29 [INFO] APPLICATION: [QRCodeService] QR code retrieved from cache for student: hamdy ????
2025-11-06 15:31:29 [INFO] APPLICATION: [QRCodeService] QR code file saved: C:\Users\hamdy\AppData\Local\Temp\student_qrcodes_12927372998120246157\???? ????? ????????\1?\hamdy ????.png
2025-11-06 15:31:29 [INFO] APPLICATION: [QRCodeService] QR code retrieved from cache for student: hamdy ????
2025-11-06 15:31:29 [INFO] APPLICATION: [QRCodeService] QR code file saved: C:\Users\hamdy\AppData\Local\Temp\student_qrcodes_12927372998120246157\???? ????? ????????\1?\hamdy ????.png
2025-11-06 15:31:29 [INFO] APPLICATION: [QRCodeService] QR code retrieved from cache for student: salm mohamed yasser
2025-11-06 15:31:29 [INFO] APPLICATION: [QRCodeService] QR code file saved: C:\Users\hamdy\AppData\Local\Temp\student_qrcodes_12927372998120246157\???? ????? ????????\1?\salm mohamed yasser.png
2025-11-06 15:31:29 [INFO] APPLICATION: [QRCodeService] QR code retrieved from cache for student: salm mohamed yasser
2025-11-06 15:31:29 [INFO] APPLICATION: [QRCodeService] QR code file saved: C:\Users\hamdy\AppData\Local\Temp\student_qrcodes_12927372998120246157\???? ????? ????????\1?\salm mohamed yasser.png
2025-11-06 15:31:29 [INFO] APPLICATION: [QRCodeService] QR code retrieved from cache for student: salm mohamed yasser
2025-11-06 15:31:29 [INFO] APPLICATION: [QRCodeService] QR code file saved: C:\Users\hamdy\AppData\Local\Temp\student_qrcodes_12927372998120246157\???? ????? ????????\1?\salm mohamed yasser.png
2025-11-06 15:31:29 [INFO] APPLICATION: [QRCodeService] QR code retrieved from cache for student: salm mohamed yasser
2025-11-06 15:31:29 [INFO] APPLICATION: [QRCodeService] QR code file saved: C:\Users\hamdy\AppData\Local\Temp\student_qrcodes_12927372998120246157\???? ????? ????????\1?\salm mohamed yasser.png
2025-11-06 15:31:29 [INFO] APPLICATION: [QRCodeService] QR code retrieved from cache for student: salm mohamed yasser
2025-11-06 15:31:29 [INFO] APPLICATION: [QRCodeService] QR code file saved: C:\Users\hamdy\AppData\Local\Temp\student_qrcodes_12927372998120246157\???? ????? ????????\1?\salm mohamed yasser.png
2025-11-06 15:31:29 [INFO] APPLICATION: [QRCodeService] QR code retrieved from cache for student: loooy hamdy kouta
2025-11-06 15:31:29 [INFO] APPLICATION: [QRCodeService] QR code file saved: C:\Users\hamdy\AppData\Local\Temp\student_qrcodes_12927372998120246157\???? ????? ????????\1?\loooy hamdy kouta.png
2025-11-06 15:31:29 [INFO] APPLICATION: [QRCodeService] QR code retrieved from cache for student: loooy hamdy kouta
2025-11-06 15:31:29 [INFO] APPLICATION: [QRCodeService] QR code file saved: C:\Users\hamdy\AppData\Local\Temp\student_qrcodes_12927372998120246157\???? ????? ????????\1?\loooy hamdy kouta.png
2025-11-06 15:31:29 [INFO] APPLICATION: [QRCodeService] QR code retrieved from cache for student: salm mohamed yasser
2025-11-06 15:31:29 [INFO] APPLICATION: [QRCodeService] QR code file saved: C:\Users\hamdy\AppData\Local\Temp\student_qrcodes_12927372998120246157\???? ????? ????????\1?\salm mohamed yasser.png
2025-11-06 15:31:29 [INFO] APPLICATION: [QRCodeService] QR code retrieved from cache for student: salm mohamed yasser
2025-11-06 15:31:29 [INFO] APPLICATION: [QRCodeService] QR code file saved: C:\Users\hamdy\AppData\Local\Temp\student_qrcodes_12927372998120246157\???? ????? ????????\1?\salm mohamed yasser.png
2025-11-06 15:31:29 [INFO] APPLICATION: [QRCodeService] QR code retrieved from cache for student: salm mohamed yasser
2025-11-06 15:31:29 [INFO] APPLICATION: [QRCodeService] QR code file saved: C:\Users\hamdy\AppData\Local\Temp\student_qrcodes_12927372998120246157\???? ????? ????????\1?\salm mohamed yasser.png
2025-11-06 15:31:29 [INFO] APPLICATION: [QRCodeService] QR code retrieved from cache for student: salm mohamed yasser
2025-11-06 15:31:29 [INFO] APPLICATION: [QRCodeService] QR code file saved: C:\Users\hamdy\AppData\Local\Temp\student_qrcodes_12927372998120246157\???? ????? ????????\1?\salm mohamed yasser.png
2025-11-06 15:31:29 [INFO] APPLICATION: [StudentQRCodeServlet] Created class directory: ???? ????? ????????/1?
2025-11-06 15:31:29 [INFO] APPLICATION: [QRCodeService] QR code retrieved from cache for student: ????? ???
2025-11-06 15:31:29 [INFO] APPLICATION: [QRCodeService] QR code file saved: C:\Users\hamdy\AppData\Local\Temp\student_qrcodes_12927372998120246157\???? ????? ????????\1?\????? ???.png
2025-11-06 15:31:29 [INFO] APPLICATION: [StudentQRCodeServlet] Created grade directory: ???? ?????? ????????
2025-11-06 15:31:29 [INFO] APPLICATION: [StudentQRCodeServlet] Created class directory: ???? ?????? ????????/3?
2025-11-06 15:31:29 [INFO] APPLICATION: [QRCodeService] QR code retrieved from cache for student: ?????? ????
2025-11-06 15:31:29 [INFO] APPLICATION: [QRCodeService] QR code file saved: C:\Users\hamdy\AppData\Local\Temp\student_qrcodes_12927372998120246157\???? ?????? ????????\3?\?????? ????.png
2025-11-06 15:31:29 [INFO] APPLICATION: [StudentQRCodeServlet] Created class directory: ???? ?????? ????????/9?
2025-11-06 15:31:29 [INFO] APPLICATION: [QRCodeService] QR code retrieved from cache for student: ????? ????
2025-11-06 15:31:29 [INFO] APPLICATION: [QRCodeService] QR code file saved: C:\Users\hamdy\AppData\Local\Temp\student_qrcodes_12927372998120246157\???? ?????? ????????\9?\????? ????.png
2025-11-06 15:31:29 [INFO] APPLICATION: [StudentQRCodeServlet] Created class directory: ???? ?????? ????????/3?
2025-11-06 15:31:29 [INFO] APPLICATION: [QRCodeService] QR code retrieved from cache for student: ???? ??????
2025-11-06 15:31:29 [INFO] APPLICATION: [QRCodeService] QR code file saved: C:\Users\hamdy\AppData\Local\Temp\student_qrcodes_12927372998120246157\???? ?????? ????????\3?\???? ??????.png
2025-11-06 15:31:29 [INFO] APPLICATION: [StudentQRCodeServlet] Created grade directory: ???? ?????? ????????
2025-11-06 15:31:29 [INFO] APPLICATION: [StudentQRCodeServlet] Created class directory: ???? ?????? ????????/2?
2025-11-06 15:31:29 [INFO] APPLICATION: [QRCodeService] QR code retrieved from cache for student: ????? ???
2025-11-06 15:31:29 [INFO] APPLICATION: [QRCodeService] QR code file saved: C:\Users\hamdy\AppData\Local\Temp\student_qrcodes_12927372998120246157\???? ?????? ????????\2?\????? ???.png
2025-11-06 15:31:29 [INFO] APPLICATION: [StudentQRCodeServlet] QR code generation completed. Success: 29, Errors: 0
2025-11-06 15:31:29 [INFO] APPLICATION: [StudentQRCodeServlet] Added to ZIP: ???? ????? ????????/1?/hamdy ????.png
2025-11-06 15:31:29 [INFO] APPLICATION: [StudentQRCodeServlet] Added to ZIP: ???? ????? ????????/1?/loooy hamdy kouta.png
2025-11-06 15:31:29 [INFO] APPLICATION: [StudentQRCodeServlet] Added to ZIP: ???? ????? ????????/1?/salm mohamed yasser.png
2025-11-06 15:31:29 [INFO] APPLICATION: [StudentQRCodeServlet] Added to ZIP: ???? ????? ????????/1?/???? ????.png
2025-11-06 15:31:29 [INFO] APPLICATION: [StudentQRCodeServlet] Added to ZIP: ???? ????? ????????/1?/???? ????.png
2025-11-06 15:31:29 [INFO] APPLICATION: [StudentQRCodeServlet] Added to ZIP: ???? ????? ????????/1?/????? ?????.png
2025-11-06 15:31:29 [INFO] APPLICATION: [StudentQRCodeServlet] Added to ZIP: ???? ????? ????????/1?/????? ???.png
2025-11-06 15:31:29 [INFO] APPLICATION: [StudentQRCodeServlet] Added to ZIP: ???? ????? ????????/1?/????? ????.png
2025-11-06 15:31:29 [INFO] APPLICATION: [StudentQRCodeServlet] Added to ZIP: ???? ????? ????????/1?/???? ??? ????.png
2025-11-06 15:31:29 [INFO] APPLICATION: [StudentQRCodeServlet] Added to ZIP: ???? ?????? ????????/3?/?????? ????.png
2025-11-06 15:31:29 [INFO] APPLICATION: [StudentQRCodeServlet] Added to ZIP: ???? ?????? ????????/3?/???? ??????.png
2025-11-06 15:31:29 [INFO] APPLICATION: [StudentQRCodeServlet] Added to ZIP: ???? ?????? ????????/9?/????? ????.png
2025-11-06 15:31:29 [INFO] APPLICATION: [StudentQRCodeServlet] Added to ZIP: ???? ?????? ????????/2?/????? ???.png
2025-11-06 15:31:29 [INFO] APPLICATION: [StudentQRCodeServlet] ZIP file sent successfully
2025-11-06 15:31:29 [INFO] APPLICATION: [StudentQRCodeServlet] Temporary directory cleaned up: C:\Users\hamdy\AppData\Local\Temp\student_qrcodes_12927372998120246157
2025-11-06 15:42:59 [INFO] APPLICATION: [LicenseScheduler] Starting OTP cleanup
2025-11-06 15:42:59 [INFO] APPLICATION: [OTPDAO] Deleted 0 expired OTPs
2025-11-06 15:42:59 [INFO] APPLICATION: [LicenseScheduler] OTP cleanup completed successfully
2025-11-06 15:50:50 [INFO] APPLICATION: [AttendanceServlet] Retrieved all attendance records
2025-11-06 15:52:22 [SEVERE] APPLICATION: [AttendanceServlet] Unexpected error in doPost: null
2025-11-06 15:53:00 [INFO] APPLICATION: [StudentServlet] Fetching all students from IP: [0:0:0:0:0:0:0:1]
2025-11-06 15:54:14 [SEVERE] APPLICATION: [AttendanceServlet] Unexpected error in doPost: null
2025-11-06 16:05:05 [SEVERE] APPLICATION: [AttendanceServlet] Unexpected error in doPost: Error at index 4 in: "2023-10-05T14"
2025-11-06 16:06:02 [SEVERE] APPLICATION: [AttendanceServlet] Unexpected error in doPost: Error at index 4 in: "2023-10-05T14"
2025-11-06 16:06:41 [INFO] APPLICATION: [AttendanceServlet] Created new attendance record
2025-11-06 16:07:43 [SEVERE] APPLICATION: [AttendanceServlet] Database error in doPut: Error updating attendance record
2025-11-06 16:08:51 [SEVERE] APPLICATION: [AttendanceServlet] Database error in doPut: Error updating attendance record
2025-11-06 16:09:02 [SEVERE] APPLICATION: [AttendanceServlet] Database error in doPut: Error updating attendance record
2025-11-06 16:11:12 [SEVERE] APPLICATION: [AttendanceServlet] Database error in doPut: Error updating attendance record
2025-11-06 16:13:05 [SEVERE] APPLICATION: [AttendanceServlet] Database error in doPut: Error updating attendance record
2025-11-06 16:14:30 [SEVERE] APPLICATION: [AttendanceServlet] Database error in doPut: Error updating attendance record
2025-11-06 16:14:34 [SEVERE] APPLICATION: [AttendanceServlet] Database error in doPut: Error updating attendance record
2025-11-06 16:15:05 [INFO] APPLICATION: [AttendanceServlet] Retrieved attendance for date: 2025-11-25
2025-11-06 16:15:15 [INFO] APPLICATION: [AttendanceServlet] Retrieved attendance for student ID: 6
2025-11-06 16:15:39 [INFO] APPLICATION: [AttendanceServlet] Retrieved grouped attendance for all students
2025-11-06 16:16:08 [SEVERE] APPLICATION: [AttendanceServlet] Database error in doPut: Error updating attendance record
2025-11-06 16:22:52 [INFO] APPLICATION: [AttendanceServlet] Retrieved attendance for date: 2025-11-06
2025-11-06 16:23:02 [INFO] APPLICATION: [AttendanceServlet] Created new attendance record
2025-11-06 16:23:39 [INFO] APPLICATION: [AttendanceServlet] Retrieved attendance for date: 2025-11-06
2025-11-06 16:26:59 [INFO] APPLICATION: [MainApp] Server shutdown initiated
2025-11-06 16:26:59 [INFO] APPLICATION: [LicenseScheduler] License scheduler stopped successfully
2025-11-06 16:26:59 [INFO] APPLICATION: [MainApp] License scheduler stopped
2025-11-06 16:26:59 [INFO] APPLICATION: [AttendanceScheduler] Stopping attendance scheduler...
2025-11-06 16:26:59 [INFO] APPLICATION: [AttendanceScheduler] Attendance scheduler stopped
2025-11-06 16:26:59 [INFO] APPLICATION: [MainApp] Attendance scheduler stopped
2025-11-06 16:26:59 [INFO] APPLICATION: [LoggerUtil] LoggerUtil shutdown completed
2025-11-06 16:27:07 [INFO] APPLICATION: [LoggerUtil] Logging system initialized successfully with log rotation
2025-11-06 16:27:07 [INFO] APPLICATION: [MainApp] Starting School Management System...
2025-11-06 16:27:08 [INFO] APPLICATION: [MainApp] Database connection successful!
2025-11-06 16:27:08 [INFO] APPLICATION: DB_OPERATION: CONNECTION_TEST | TABLE: ALL | DETAILS: Database connectivity verified
2025-11-06 16:27:08 [INFO] APPLICATION: [MainApp] License validation successful. License expires on: 2025-11-16
2025-11-06 16:27:08 [INFO] APPLICATION: [MainApp] Database connection successful!
2025-11-06 16:27:08 [INFO] APPLICATION: DB_OPERATION: CONNECTION_TEST | TABLE: ALL | DETAILS: Database connectivity verified
2025-11-06 16:27:08 [INFO] APPLICATION: [LicenseScheduler] Starting OTP cleanup
2025-11-06 16:27:08 [INFO] APPLICATION: [LicenseScheduler] License scheduler started. Daily check will run in 27171 seconds
2025-11-06 16:27:08 [INFO] APPLICATION: [MainApp] License scheduler started successfully
2025-11-06 16:27:08 [INFO] APPLICATION: [AttendanceScheduler] Attendance scheduler initialized - Enabled: true, Daily run time: 21:45
2025-11-06 16:27:08 [INFO] APPLICATION: [AttendanceScheduler] Starting attendance scheduler to run daily at 21:45...
2025-11-06 16:27:08 [INFO] APPLICATION: [AttendanceScheduler] Attendance scheduler started. Next run in 19071 seconds at 21:45
2025-11-06 16:27:08 [INFO] APPLICATION: [MainApp] Attendance scheduler started successfully - daily attendance updates at 12:00 PM
2025-11-06 16:27:08 [INFO] APPLICATION: [MainApp] Backend API Server started on port 8081
2025-11-06 16:27:09 [INFO] APPLICATION: [MainApp] API Base URL: http://localhost:8081/api
2025-11-06 16:27:09 [INFO] APPLICATION: [MainApp] Server endpoints registered successfully
2025-11-06 16:27:09 [INFO] APPLICATION: [MainApp] Log rotation is active - logs will be automatically rotated when they exceed 10MB
2025-11-06 16:27:09 [INFO] APPLICATION: [OTPDAO] Deleted 0 expired OTPs
2025-11-06 16:27:09 [INFO] APPLICATION: [LicenseScheduler] OTP cleanup completed successfully
2025-11-06 16:32:47 [INFO] APPLICATION: [AttendanceServlet] Retrieved attendance for date: 2025-11-06
2025-11-06 16:33:04 [SEVERE] APPLICATION: [AttendanceServlet] Database error in doPut: Error updating attendance record
2025-11-06 16:33:24 [SEVERE] APPLICATION: [AttendanceServlet] Database error in doPut: Error updating attendance record
2025-11-06 16:36:52 [SEVERE] APPLICATION: [AttendanceServlet] Database error in doPut: Error updating attendance record
2025-11-06 16:37:20 [SEVERE] APPLICATION: [AttendanceServlet] Database error in doPut: Error updating attendance record
2025-11-06 16:50:46 [INFO] APPLICATION: [LoggerUtil] Logging system initialized successfully with log rotation
2025-11-06 16:50:46 [INFO] APPLICATION: [MainApp] Starting School Management System...
2025-11-06 16:50:47 [INFO] APPLICATION: [MainApp] Database connection successful!
2025-11-06 16:50:47 [INFO] APPLICATION: DB_OPERATION: CONNECTION_TEST | TABLE: ALL | DETAILS: Database connectivity verified
2025-11-06 16:50:47 [INFO] APPLICATION: [MainApp] License validation successful. License expires on: 2025-11-16
2025-11-06 16:50:47 [INFO] APPLICATION: [MainApp] Database connection successful!
2025-11-06 16:50:47 [INFO] APPLICATION: DB_OPERATION: CONNECTION_TEST | TABLE: ALL | DETAILS: Database connectivity verified
2025-11-06 16:50:48 [INFO] APPLICATION: [LicenseScheduler] Starting OTP cleanup
2025-11-06 16:50:48 [INFO] APPLICATION: [LicenseScheduler] License scheduler started. Daily check will run in 25751 seconds
2025-11-06 16:50:48 [INFO] APPLICATION: [MainApp] License scheduler started successfully
2025-11-06 16:50:48 [INFO] APPLICATION: [AttendanceScheduler] Attendance scheduler initialized - Enabled: true, Daily run time: 21:45
2025-11-06 16:50:48 [INFO] APPLICATION: [AttendanceScheduler] Starting attendance scheduler to run daily at 21:45...
2025-11-06 16:50:48 [INFO] APPLICATION: [AttendanceScheduler] Attendance scheduler started. Next run in 17651 seconds at 21:45
2025-11-06 16:50:48 [INFO] APPLICATION: [MainApp] Attendance scheduler started successfully - daily attendance updates at 12:00 PM
2025-11-06 16:50:48 [INFO] APPLICATION: [MainApp] Backend API Server started on port 8083
2025-11-06 16:50:48 [INFO] APPLICATION: [MainApp] API Base URL: http://localhost:8083/api
2025-11-06 16:50:48 [INFO] APPLICATION: [MainApp] Server endpoints registered successfully
2025-11-06 16:50:48 [INFO] APPLICATION: [MainApp] Log rotation is active - logs will be automatically rotated when they exceed 10MB
2025-11-06 16:50:48 [INFO] APPLICATION: [OTPDAO] Deleted 0 expired OTPs
2025-11-06 16:50:48 [INFO] APPLICATION: [LicenseScheduler] OTP cleanup completed successfully
2025-11-06 16:52:25 [INFO] APPLICATION: [AttendanceServlet] Updated attendance record
2025-11-06 16:52:45 [INFO] APPLICATION: [AttendanceServlet] Retrieved attendance for student ID: 6
2025-11-06 16:57:14 [INFO] APPLICATION: [LoggerUtil] Logging system initialized successfully with log rotation
2025-11-06 16:57:14 [INFO] APPLICATION: [MainApp] Starting School Management System...
2025-11-06 16:57:15 [INFO] APPLICATION: [MainApp] Database connection successful!
2025-11-06 16:57:15 [INFO] APPLICATION: DB_OPERATION: CONNECTION_TEST | TABLE: ALL | DETAILS: Database connectivity verified
2025-11-06 16:57:15 [INFO] APPLICATION: [MainApp] License validation successful. License expires on: 2025-11-16
2025-11-06 16:57:15 [INFO] APPLICATION: [MainApp] Database connection successful!
2025-11-06 16:57:15 [INFO] APPLICATION: DB_OPERATION: CONNECTION_TEST | TABLE: ALL | DETAILS: Database connectivity verified
2025-11-06 16:57:16 [INFO] APPLICATION: [LicenseScheduler] Starting OTP cleanup
2025-11-06 16:57:16 [INFO] APPLICATION: [LicenseScheduler] License scheduler started. Daily check will run in 25363 seconds
2025-11-06 16:57:16 [INFO] APPLICATION: [MainApp] License scheduler started successfully
2025-11-06 16:57:16 [INFO] APPLICATION: [AttendanceScheduler] Attendance scheduler initialized - Enabled: true, Daily run time: 21:45
2025-11-06 16:57:16 [INFO] APPLICATION: [AttendanceScheduler] Starting attendance scheduler to run daily at 21:45...
2025-11-06 16:57:16 [INFO] APPLICATION: [AttendanceScheduler] Attendance scheduler started. Next run in 17263 seconds at 21:45
2025-11-06 16:57:16 [INFO] APPLICATION: [MainApp] Attendance scheduler started successfully - daily attendance updates at 12:00 PM
2025-11-06 16:57:16 [INFO] APPLICATION: [MainApp] Backend API Server started on port 8081
2025-11-06 16:57:16 [INFO] APPLICATION: [MainApp] API Base URL: http://localhost:8081/api
2025-11-06 16:57:16 [INFO] APPLICATION: [MainApp] Server endpoints registered successfully
2025-11-06 16:57:16 [INFO] APPLICATION: [MainApp] Log rotation is active - logs will be automatically rotated when they exceed 10MB
2025-11-06 16:57:16 [INFO] APPLICATION: [OTPDAO] Deleted 0 expired OTPs
2025-11-06 16:57:16 [INFO] APPLICATION: [LicenseScheduler] OTP cleanup completed successfully
2025-11-06 16:57:39 [INFO] APPLICATION: [AttendanceServlet] Updated attendance record
2025-11-06 16:58:29 [INFO] APPLICATION: [MainApp] Server shutdown initiated
2025-11-06 16:58:29 [INFO] APPLICATION: [LicenseScheduler] License scheduler stopped successfully
2025-11-06 16:58:29 [INFO] APPLICATION: [MainApp] License scheduler stopped
2025-11-06 16:58:29 [INFO] APPLICATION: [AttendanceScheduler] Stopping attendance scheduler...
2025-11-06 16:58:29 [INFO] APPLICATION: [AttendanceScheduler] Attendance scheduler stopped
2025-11-06 16:58:29 [INFO] APPLICATION: [MainApp] Attendance scheduler stopped
2025-11-06 16:58:32 [INFO] APPLICATION: [LoggerUtil] Logging system initialized successfully with log rotation
2025-11-06 16:58:32 [INFO] APPLICATION: [MainApp] Starting School Management System...
2025-11-06 16:58:32 [INFO] APPLICATION: [MainApp] Database connection successful!
2025-11-06 16:58:32 [INFO] APPLICATION: DB_OPERATION: CONNECTION_TEST | TABLE: ALL | DETAILS: Database connectivity verified
2025-11-06 16:58:33 [INFO] APPLICATION: [MainApp] License validation successful. License expires on: 2025-11-16
2025-11-06 16:58:33 [INFO] APPLICATION: [MainApp] Database connection successful!
2025-11-06 16:58:33 [INFO] APPLICATION: DB_OPERATION: CONNECTION_TEST | TABLE: ALL | DETAILS: Database connectivity verified
2025-11-06 16:58:33 [INFO] APPLICATION: [LicenseScheduler] Starting OTP cleanup
2025-11-06 16:58:33 [INFO] APPLICATION: [LicenseScheduler] License scheduler started. Daily check will run in 25286 seconds
2025-11-06 16:58:33 [INFO] APPLICATION: [MainApp] License scheduler started successfully
2025-11-06 16:58:33 [INFO] APPLICATION: [AttendanceScheduler] Attendance scheduler initialized - Enabled: true, Daily run time: 17:00
2025-11-06 16:58:33 [INFO] APPLICATION: [AttendanceScheduler] Starting attendance scheduler to run daily at 17:00...
2025-11-06 16:58:33 [INFO] APPLICATION: [AttendanceScheduler] Attendance scheduler started. Next run in 86 seconds at 17:00
2025-11-06 16:58:33 [INFO] APPLICATION: [MainApp] Attendance scheduler started successfully - daily attendance updates at 12:00 PM
2025-11-06 16:58:33 [INFO] APPLICATION: [MainApp] Backend API Server started on port 8081
2025-11-06 16:58:33 [INFO] APPLICATION: [MainApp] API Base URL: http://localhost:8081/api
2025-11-06 16:58:33 [INFO] APPLICATION: [MainApp] Server endpoints registered successfully
2025-11-06 16:58:33 [INFO] APPLICATION: [MainApp] Log rotation is active - logs will be automatically rotated when they exceed 10MB
2025-11-06 16:58:33 [INFO] APPLICATION: [OTPDAO] Deleted 0 expired OTPs
2025-11-06 16:58:33 [INFO] APPLICATION: [LicenseScheduler] OTP cleanup completed successfully
2025-11-06 16:59:59 [INFO] APPLICATION: [AttendanceScheduler] Starting automated daily attendance update job...
2025-11-06 16:59:59 [INFO] APPLICATION: [AttendanceService] Starting automated daily attendance update
2025-11-06 17:00:00 [INFO] APPLICATION: [AttendanceService] Successfully marked 28 students as absent for 2025-11-06
2025-11-06 17:00:00 [INFO] APPLICATION: [AttendanceScheduler] Daily attendance update completed successfully. Successfully marked 28 students as absent for 2025-11-06
2025-11-06 17:00:00 [INFO] APPLICATION: DB_OPERATION: ATTENDANCE_AUTO_UPDATE | TABLE: SYSTEM | DETAILS: Automated attendance marking: 28 students affected
2025-11-06 17:00:23 [INFO] APPLICATION: [AttendanceServlet] Retrieved attendance for date: 2025-11-06
2025-11-06 17:11:22 [INFO] APPLICATION: [LoggerUtil] Logging system initialized successfully with log rotation
2025-11-06 17:11:22 [INFO] APPLICATION: [MainApp] Starting School Management System...
2025-11-06 17:11:23 [INFO] APPLICATION: [MainApp] Database connection successful!
2025-11-06 17:11:23 [INFO] APPLICATION: DB_OPERATION: CONNECTION_TEST | TABLE: ALL | DETAILS: Database connectivity verified
2025-11-06 17:11:23 [INFO] APPLICATION: [MainApp] License validation successful. License expires on: 2025-11-16
2025-11-06 17:11:23 [INFO] APPLICATION: [MainApp] Database connection successful!
2025-11-06 17:11:23 [INFO] APPLICATION: DB_OPERATION: CONNECTION_TEST | TABLE: ALL | DETAILS: Database connectivity verified
2025-11-06 17:11:24 [INFO] APPLICATION: [LicenseScheduler] Starting OTP cleanup
2025-11-06 17:11:24 [INFO] APPLICATION: [LicenseScheduler] License scheduler started. Daily check will run in 24515 seconds
2025-11-06 17:11:24 [INFO] APPLICATION: [MainApp] License scheduler started successfully
2025-11-06 17:11:24 [INFO] APPLICATION: [AttendanceScheduler] Attendance scheduler initialized - Enabled: true, Daily run time: 17:00
2025-11-06 17:11:24 [INFO] APPLICATION: [AttendanceScheduler] Starting attendance scheduler to run daily at 17:00...
2025-11-06 17:11:24 [INFO] APPLICATION: [AttendanceScheduler] Attendance scheduler started. Next run in 85715 seconds at 17:00
2025-11-06 17:11:24 [INFO] APPLICATION: [MainApp] Attendance scheduler started successfully - daily attendance updates at 12:00 PM
2025-11-06 17:11:24 [INFO] APPLICATION: [MainApp] Backend API Server started on port 8081
2025-11-06 17:11:24 [INFO] APPLICATION: [MainApp] API Base URL: http://localhost:8081/api
2025-11-06 17:11:24 [INFO] APPLICATION: [MainApp] Server endpoints registered successfully
2025-11-06 17:11:24 [INFO] APPLICATION: [MainApp] Log rotation is active - logs will be automatically rotated when they exceed 10MB
2025-11-06 17:11:24 [INFO] APPLICATION: [OTPDAO] Deleted 0 expired OTPs
2025-11-06 17:11:24 [INFO] APPLICATION: [LicenseScheduler] OTP cleanup completed successfully
2025-11-06 17:11:28 [INFO] APPLICATION: [AttendanceServlet] Retrieved attendance for date: 2025-11-06
2025-11-06 17:22:26 [INFO] APPLICATION: [LoggerUtil] Logging system initialized successfully with log rotation
2025-11-06 17:22:26 [INFO] APPLICATION: [MainApp] Starting School Management System...
2025-11-06 17:22:27 [INFO] APPLICATION: [MainApp] Database connection successful!
2025-11-06 17:22:27 [INFO] APPLICATION: DB_OPERATION: CONNECTION_TEST | TABLE: ALL | DETAILS: Database connectivity verified
2025-11-06 17:22:27 [INFO] APPLICATION: [MainApp] License validation successful. License expires on: 2025-11-16
2025-11-06 17:22:27 [INFO] APPLICATION: [MainApp] Database connection successful!
2025-11-06 17:22:27 [INFO] APPLICATION: DB_OPERATION: CONNECTION_TEST | TABLE: ALL | DETAILS: Database connectivity verified
2025-11-06 17:22:28 [INFO] APPLICATION: [LicenseScheduler] Starting OTP cleanup
2025-11-06 17:22:28 [INFO] APPLICATION: [LicenseScheduler] License scheduler started. Daily check will run in 23851 seconds
2025-11-06 17:22:28 [INFO] APPLICATION: [MainApp] License scheduler started successfully
2025-11-06 17:22:28 [INFO] APPLICATION: [AttendanceScheduler] Attendance scheduler initialized - Enabled: true, Daily run time: 17:00
2025-11-06 17:22:28 [INFO] APPLICATION: [AttendanceScheduler] Starting attendance scheduler to run daily at 17:00...
2025-11-06 17:22:28 [INFO] APPLICATION: [AttendanceScheduler] Attendance scheduler started. Next run in 85051 seconds at 17:00
2025-11-06 17:22:28 [INFO] APPLICATION: [MainApp] Attendance scheduler started successfully - daily attendance updates at 12:00 PM
2025-11-06 17:22:28 [INFO] APPLICATION: [MainApp] Backend API Server started on port 8081
2025-11-06 17:22:28 [INFO] APPLICATION: [MainApp] API Base URL: http://localhost:8081/api
2025-11-06 17:22:28 [INFO] APPLICATION: [MainApp] Server endpoints registered successfully
2025-11-06 17:22:28 [INFO] APPLICATION: [MainApp] Log rotation is active - logs will be automatically rotated when they exceed 10MB
2025-11-06 17:22:28 [INFO] APPLICATION: [OTPDAO] Deleted 0 expired OTPs
2025-11-06 17:22:28 [INFO] APPLICATION: [LicenseScheduler] OTP cleanup completed successfully
2025-11-06 17:22:37 [INFO] APPLICATION: [AttendanceServlet] Retrieved attendance for student name: ????
2025-11-06 17:34:11 [INFO] APPLICATION: [LicenseServlet] License information retrieved successfully
2025-11-06 17:34:35 [INFO] APPLICATION: [LicenseServlet] License information retrieved successfully
2025-11-06 17:38:59 [INFO] APPLICATION: [OTPDAO] OTP created successfully with ID: 39
2025-11-06 17:39:13 [INFO] APPLICATION: [AdminOTPService] Admin OTP email sent successfully for user: helloketty
2025-11-06 17:39:51 [INFO] APPLICATION: [OTPDAO] OTP marked as used with ID: 39
2025-11-06 18:22:28 [INFO] APPLICATION: [LicenseScheduler] Starting OTP cleanup
2025-11-06 18:22:28 [INFO] APPLICATION: [OTPDAO] Deleted 1 expired OTPs
2025-11-06 18:22:28 [INFO] APPLICATION: [OTPService] Cleaned up 1 expired OTPs
2025-11-06 18:22:28 [INFO] APPLICATION: [LicenseScheduler] OTP cleanup completed successfully
2025-11-06 19:07:32 [INFO] APPLICATION: [AttendanceServlet] Retrieved attendance for date: 2025-11-06
2025-11-06 19:11:55 [INFO] APPLICATION: [AttendanceServlet] Retrieved attendance for date: 2025-11-06
2025-11-06 19:22:28 [INFO] APPLICATION: [LicenseScheduler] Starting OTP cleanup
2025-11-06 19:22:28 [INFO] APPLICATION: [OTPDAO] Deleted 0 expired OTPs
2025-11-06 19:22:28 [INFO] APPLICATION: [LicenseScheduler] OTP cleanup completed successfully
2025-11-06 20:06:25 [INFO] APPLICATION: [AttendanceServlet] Retrieved attendance for date: 2025-11-06
2025-11-06 20:07:27 [INFO] APPLICATION: [StudentServlet] Fetching all students from IP: [0:0:0:0:0:0:0:1]
2025-11-06 20:07:28 [INFO] APPLICATION: [StudentServlet] Fetching all students from IP: [0:0:0:0:0:0:0:1]
2025-11-06 20:07:41 [INFO] APPLICATION: [AttendanceServlet] Retrieved attendance for date: 2025-11-06
2025-11-06 20:08:25 [INFO] APPLICATION: [OTPDAO] OTP created successfully with ID: 40
2025-11-06 20:08:39 [INFO] APPLICATION: [UserOTPService] Password reset OTP email sent successfully for user: IbTest
2025-11-06 20:22:28 [INFO] APPLICATION: [LicenseScheduler] Starting OTP cleanup
2025-11-06 20:22:28 [INFO] APPLICATION: [OTPDAO] Deleted 1 expired OTPs
2025-11-06 20:22:28 [INFO] APPLICATION: [OTPService] Cleaned up 1 expired OTPs
2025-11-06 20:22:28 [INFO] APPLICATION: [LicenseScheduler] OTP cleanup completed successfully
2025-11-06 20:24:34 [INFO] APPLICATION: [AttendanceServlet] Retrieved attendance for date: 2025-11-06
2025-11-06 20:25:29 [INFO] APPLICATION: [OTPDAO] OTP created successfully with ID: 41
2025-11-06 20:25:43 [INFO] APPLICATION: [UserOTPService] Password reset OTP email sent successfully for user: IbTest
2025-11-06 20:30:25 [INFO] APPLICATION: [AttendanceServlet] Retrieved attendance for date: 2025-11-06
2025-11-06 20:31:47 [INFO] APPLICATION: [OTPDAO] OTP created successfully with ID: 42
2025-11-06 20:32:02 [INFO] APPLICATION: [UserOTPService] Password reset OTP email sent successfully for user: IbTest
2025-11-06 20:37:20 [INFO] APPLICATION: [AttendanceServlet] Retrieved attendance for date: 2025-11-06
2025-11-06 20:37:45 [INFO] APPLICATION: [OTPDAO] OTP created successfully with ID: 43
2025-11-06 20:37:59 [INFO] APPLICATION: [UserOTPService] Password reset OTP email sent successfully for user: IbTest
2025-11-09 11:06:46 [INFO] APPLICATION: [LicenseScheduler] Starting OTP cleanup
2025-11-09 11:06:46 [INFO] APPLICATION: [LicenseScheduler] Starting daily license check
2025-11-09 11:06:46 [INFO] APPLICATION: [OTPDAO] Deleted 3 expired OTPs
2025-11-09 11:06:46 [INFO] APPLICATION: [OTPService] Cleaned up 3 expired OTPs
2025-11-09 11:06:46 [INFO] APPLICATION: [LicenseScheduler] OTP cleanup completed successfully
2025-11-09 11:06:48 [INFO] APPLICATION: [LicenseScheduler] Starting OTP cleanup
2025-11-09 11:06:48 [INFO] APPLICATION: [OTPDAO] Deleted 0 expired OTPs
2025-11-09 11:06:48 [INFO] APPLICATION: [LicenseScheduler] OTP cleanup completed successfully
2025-11-09 11:06:48 [INFO] APPLICATION: [LicenseScheduler] Starting OTP cleanup
2025-11-09 11:06:48 [INFO] APPLICATION: [OTPDAO] Deleted 0 expired OTPs
2025-11-09 11:06:48 [INFO] APPLICATION: [LicenseScheduler] OTP cleanup completed successfully
2025-11-09 11:06:48 [INFO] APPLICATION: [LicenseScheduler] Starting OTP cleanup
2025-11-09 11:06:48 [INFO] APPLICATION: [LicenseDAO] License updated successfully with ID: 18
2025-11-09 11:06:48 [INFO] APPLICATION: [LicenseService] Daily license check completed. Remaining days: 7, Status: EXPIRING_SOON
2025-11-09 11:06:48 [INFO] APPLICATION: [OTPDAO] Deleted 0 expired OTPs
2025-11-09 11:06:48 [INFO] APPLICATION: [LicenseScheduler] OTP cleanup completed successfully
2025-11-09 11:06:48 [INFO] APPLICATION: [LicenseScheduler] Starting OTP cleanup
2025-11-09 11:06:48 [INFO] APPLICATION: [LicenseScheduler] Daily license check completed successfully. Status: NO_LICENSE, Valid: false, Remaining Days: 0
2025-11-09 11:06:48 [INFO] APPLICATION: [LicenseScheduler] Starting daily license check
2025-11-09 11:06:48 [INFO] APPLICATION: [OTPDAO] Deleted 0 expired OTPs
2025-11-09 11:06:48 [INFO] APPLICATION: [LicenseScheduler] OTP cleanup completed successfully
2025-11-09 11:06:48 [INFO] APPLICATION: [LicenseScheduler] Starting OTP cleanup
2025-11-09 11:06:48 [INFO] APPLICATION: [OTPDAO] Deleted 0 expired OTPs
2025-11-09 11:06:48 [INFO] APPLICATION: [LicenseScheduler] OTP cleanup completed successfully
2025-11-09 11:06:48 [INFO] APPLICATION: [LicenseScheduler] Starting OTP cleanup
2025-11-09 11:06:48 [INFO] APPLICATION: [LicenseService] No active license found during daily check
2025-11-09 11:06:48 [INFO] APPLICATION: [OTPDAO] Deleted 0 expired OTPs
2025-11-09 11:06:48 [INFO] APPLICATION: [LicenseScheduler] OTP cleanup completed successfully
2025-11-09 11:06:48 [INFO] APPLICATION: [LicenseScheduler] Starting OTP cleanup
2025-11-09 11:06:48 [INFO] APPLICATION: [LicenseScheduler] Daily license check completed successfully. Status: NO_LICENSE, Valid: false, Remaining Days: 0
2025-11-09 11:06:48 [INFO] APPLICATION: [LicenseScheduler] Starting daily license check
2025-11-09 11:06:48 [INFO] APPLICATION: [OTPDAO] Deleted 0 expired OTPs
2025-11-09 11:06:48 [INFO] APPLICATION: [LicenseScheduler] OTP cleanup completed successfully
2025-11-09 11:06:48 [INFO] APPLICATION: [LicenseScheduler] Starting OTP cleanup
2025-11-09 11:06:48 [INFO] APPLICATION: [OTPDAO] Deleted 0 expired OTPs
2025-11-09 11:06:48 [INFO] APPLICATION: [LicenseScheduler] OTP cleanup completed successfully
2025-11-09 11:06:48 [INFO] APPLICATION: [LicenseScheduler] Starting OTP cleanup
2025-11-09 11:06:48 [INFO] APPLICATION: [LicenseService] No active license found during daily check
2025-11-09 11:06:48 [INFO] APPLICATION: [OTPDAO] Deleted 0 expired OTPs
2025-11-09 11:06:48 [INFO] APPLICATION: [LicenseScheduler] OTP cleanup completed successfully
2025-11-09 11:06:48 [INFO] APPLICATION: [LicenseScheduler] Starting OTP cleanup
2025-11-09 11:06:48 [INFO] APPLICATION: [LicenseScheduler] Daily license check completed successfully. Status: NO_LICENSE, Valid: false, Remaining Days: 0
2025-11-09 11:06:48 [INFO] APPLICATION: [OTPDAO] Deleted 0 expired OTPs
2025-11-09 11:06:48 [INFO] APPLICATION: [LicenseScheduler] OTP cleanup completed successfully
2025-11-09 11:06:48 [INFO] APPLICATION: [LicenseScheduler] Starting OTP cleanup
2025-11-09 11:06:48 [INFO] APPLICATION: [OTPDAO] Deleted 0 expired OTPs
2025-11-09 11:06:48 [INFO] APPLICATION: [LicenseScheduler] OTP cleanup completed successfully
2025-11-09 11:06:48 [INFO] APPLICATION: [LicenseScheduler] Starting OTP cleanup
2025-11-09 11:06:48 [INFO] APPLICATION: [OTPDAO] Deleted 0 expired OTPs
2025-11-09 11:06:48 [INFO] APPLICATION: [LicenseScheduler] OTP cleanup completed successfully
2025-11-09 11:06:48 [INFO] APPLICATION: [LicenseScheduler] Starting OTP cleanup
2025-11-09 11:06:49 [INFO] APPLICATION: [OTPDAO] Deleted 0 expired OTPs
2025-11-09 11:06:49 [INFO] APPLICATION: [LicenseScheduler] OTP cleanup completed successfully
2025-11-09 11:06:49 [INFO] APPLICATION: [LicenseScheduler] Starting OTP cleanup
2025-11-09 11:06:49 [INFO] APPLICATION: [OTPDAO] Deleted 0 expired OTPs
2025-11-09 11:06:49 [INFO] APPLICATION: [LicenseScheduler] OTP cleanup completed successfully
2025-11-09 11:06:49 [INFO] APPLICATION: [LicenseScheduler] Starting OTP cleanup
2025-11-09 11:06:49 [INFO] APPLICATION: [OTPDAO] Deleted 0 expired OTPs
2025-11-09 11:06:49 [INFO] APPLICATION: [LicenseScheduler] OTP cleanup completed successfully
2025-11-09 11:06:49 [INFO] APPLICATION: [LicenseScheduler] Starting OTP cleanup
2025-11-09 11:06:49 [INFO] APPLICATION: [OTPDAO] Deleted 0 expired OTPs
2025-11-09 11:06:49 [INFO] APPLICATION: [LicenseScheduler] OTP cleanup completed successfully
2025-11-09 11:06:49 [INFO] APPLICATION: [LicenseScheduler] Starting OTP cleanup
2025-11-09 11:06:49 [INFO] APPLICATION: [OTPDAO] Deleted 0 expired OTPs
2025-11-09 11:06:49 [INFO] APPLICATION: [LicenseScheduler] OTP cleanup completed successfully
2025-11-09 11:06:49 [INFO] APPLICATION: [LicenseScheduler] Starting OTP cleanup
2025-11-09 11:06:49 [INFO] APPLICATION: [OTPDAO] Deleted 0 expired OTPs
2025-11-09 11:06:49 [INFO] APPLICATION: [LicenseScheduler] OTP cleanup completed successfully
2025-11-09 11:06:49 [INFO] APPLICATION: [LicenseScheduler] Starting OTP cleanup
2025-11-09 11:06:49 [INFO] APPLICATION: [OTPDAO] Deleted 0 expired OTPs
2025-11-09 11:06:49 [INFO] APPLICATION: [LicenseScheduler] OTP cleanup completed successfully
2025-11-09 11:06:49 [INFO] APPLICATION: [LicenseScheduler] Starting OTP cleanup
2025-11-09 11:06:49 [INFO] APPLICATION: [OTPDAO] Deleted 0 expired OTPs
2025-11-09 11:06:49 [INFO] APPLICATION: [LicenseScheduler] OTP cleanup completed successfully
2025-11-09 11:06:49 [INFO] APPLICATION: [LicenseScheduler] Starting OTP cleanup
2025-11-09 11:06:49 [INFO] APPLICATION: [OTPDAO] Deleted 0 expired OTPs
2025-11-09 11:06:49 [INFO] APPLICATION: [LicenseScheduler] OTP cleanup completed successfully
2025-11-09 11:06:49 [INFO] APPLICATION: [LicenseScheduler] Starting OTP cleanup
2025-11-09 11:06:49 [INFO] APPLICATION: [OTPDAO] Deleted 0 expired OTPs
2025-11-09 11:06:49 [INFO] APPLICATION: [LicenseScheduler] OTP cleanup completed successfully
2025-11-09 11:06:49 [INFO] APPLICATION: [LicenseScheduler] Starting OTP cleanup
2025-11-09 11:06:49 [INFO] APPLICATION: [OTPDAO] Deleted 0 expired OTPs
2025-11-09 11:06:49 [INFO] APPLICATION: [LicenseScheduler] OTP cleanup completed successfully
2025-11-09 11:06:49 [INFO] APPLICATION: [LicenseScheduler] Starting OTP cleanup
2025-11-09 11:06:49 [INFO] APPLICATION: [OTPDAO] Deleted 0 expired OTPs
2025-11-09 11:06:49 [INFO] APPLICATION: [LicenseScheduler] OTP cleanup completed successfully
2025-11-09 11:06:49 [INFO] APPLICATION: [LicenseScheduler] Starting OTP cleanup
2025-11-09 11:06:49 [INFO] APPLICATION: [OTPDAO] Deleted 0 expired OTPs
2025-11-09 11:06:49 [INFO] APPLICATION: [LicenseScheduler] OTP cleanup completed successfully
2025-11-09 11:06:49 [INFO] APPLICATION: [LicenseScheduler] Starting OTP cleanup
2025-11-09 11:06:49 [INFO] APPLICATION: [OTPDAO] Deleted 0 expired OTPs
2025-11-09 11:06:49 [INFO] APPLICATION: [LicenseScheduler] OTP cleanup completed successfully
2025-11-09 11:06:49 [INFO] APPLICATION: [LicenseScheduler] Starting OTP cleanup
2025-11-09 11:06:49 [INFO] APPLICATION: [OTPDAO] Deleted 0 expired OTPs
2025-11-09 11:06:49 [INFO] APPLICATION: [LicenseScheduler] OTP cleanup completed successfully
2025-11-09 11:06:49 [INFO] APPLICATION: [LicenseScheduler] Starting OTP cleanup
2025-11-09 11:06:49 [INFO] APPLICATION: [OTPDAO] Deleted 0 expired OTPs
2025-11-09 11:06:49 [INFO] APPLICATION: [LicenseScheduler] OTP cleanup completed successfully
2025-11-09 11:06:49 [INFO] APPLICATION: [LicenseScheduler] Starting OTP cleanup
2025-11-09 11:06:49 [INFO] APPLICATION: [OTPDAO] Deleted 0 expired OTPs
2025-11-09 11:06:49 [INFO] APPLICATION: [LicenseScheduler] OTP cleanup completed successfully
2025-11-09 11:06:49 [INFO] APPLICATION: [LicenseScheduler] Starting OTP cleanup
2025-11-09 11:06:49 [INFO] APPLICATION: [OTPDAO] Deleted 0 expired OTPs
2025-11-09 11:06:49 [INFO] APPLICATION: [LicenseScheduler] OTP cleanup completed successfully
2025-11-09 11:06:49 [INFO] APPLICATION: [LicenseScheduler] Starting OTP cleanup
2025-11-09 11:06:50 [INFO] APPLICATION: [OTPDAO] Deleted 0 expired OTPs
2025-11-09 11:06:50 [INFO] APPLICATION: [LicenseScheduler] OTP cleanup completed successfully
2025-11-09 11:06:50 [INFO] APPLICATION: [LicenseScheduler] Starting OTP cleanup
2025-11-09 11:06:50 [INFO] APPLICATION: [OTPDAO] Deleted 0 expired OTPs
2025-11-09 11:06:50 [INFO] APPLICATION: [LicenseScheduler] OTP cleanup completed successfully
2025-11-09 11:06:50 [INFO] APPLICATION: [LicenseScheduler] Starting OTP cleanup
2025-11-09 11:06:50 [INFO] APPLICATION: [OTPDAO] Deleted 0 expired OTPs
2025-11-09 11:06:50 [INFO] APPLICATION: [LicenseScheduler] OTP cleanup completed successfully
2025-11-09 11:06:50 [INFO] APPLICATION: [LicenseScheduler] Starting OTP cleanup
2025-11-09 11:06:50 [INFO] APPLICATION: [OTPDAO] Deleted 0 expired OTPs
2025-11-09 11:06:50 [INFO] APPLICATION: [LicenseScheduler] OTP cleanup completed successfully
2025-11-09 11:06:50 [INFO] APPLICATION: [LicenseScheduler] Starting OTP cleanup
2025-11-09 11:06:50 [INFO] APPLICATION: [OTPDAO] Deleted 0 expired OTPs
2025-11-09 11:06:50 [INFO] APPLICATION: [LicenseScheduler] OTP cleanup completed successfully
2025-11-09 11:06:50 [INFO] APPLICATION: [LicenseScheduler] Starting OTP cleanup
2025-11-09 11:06:50 [INFO] APPLICATION: [OTPDAO] Deleted 0 expired OTPs
2025-11-09 11:06:50 [INFO] APPLICATION: [LicenseScheduler] OTP cleanup completed successfully
2025-11-09 11:06:50 [INFO] APPLICATION: [LicenseScheduler] Starting OTP cleanup
2025-11-09 11:06:50 [INFO] APPLICATION: [OTPDAO] Deleted 0 expired OTPs
2025-11-09 11:06:50 [INFO] APPLICATION: [LicenseScheduler] OTP cleanup completed successfully
2025-11-09 11:06:50 [INFO] APPLICATION: [LicenseScheduler] Starting OTP cleanup
2025-11-09 11:06:50 [INFO] APPLICATION: [OTPDAO] Deleted 0 expired OTPs
2025-11-09 11:06:50 [INFO] APPLICATION: [LicenseScheduler] OTP cleanup completed successfully
2025-11-09 11:06:50 [INFO] APPLICATION: [LicenseScheduler] Starting OTP cleanup
2025-11-09 11:06:50 [INFO] APPLICATION: [OTPDAO] Deleted 0 expired OTPs
2025-11-09 11:06:50 [INFO] APPLICATION: [LicenseScheduler] OTP cleanup completed successfully
2025-11-09 11:06:50 [INFO] APPLICATION: [LicenseScheduler] Starting OTP cleanup
2025-11-09 11:06:50 [INFO] APPLICATION: [OTPDAO] Deleted 0 expired OTPs
2025-11-09 11:06:50 [INFO] APPLICATION: [LicenseScheduler] OTP cleanup completed successfully
2025-11-09 11:06:50 [INFO] APPLICATION: [LicenseScheduler] Starting OTP cleanup
2025-11-09 11:06:50 [INFO] APPLICATION: [OTPDAO] Deleted 0 expired OTPs
2025-11-09 11:06:50 [INFO] APPLICATION: [LicenseScheduler] OTP cleanup completed successfully
2025-11-09 11:06:50 [INFO] APPLICATION: [LicenseScheduler] Starting OTP cleanup
2025-11-09 11:06:50 [INFO] APPLICATION: [OTPDAO] Deleted 0 expired OTPs
2025-11-09 11:06:50 [INFO] APPLICATION: [LicenseScheduler] OTP cleanup completed successfully
2025-11-09 11:06:50 [INFO] APPLICATION: [LicenseScheduler] Starting OTP cleanup
2025-11-09 11:06:50 [INFO] APPLICATION: [OTPDAO] Deleted 0 expired OTPs
2025-11-09 11:06:50 [INFO] APPLICATION: [LicenseScheduler] OTP cleanup completed successfully
2025-11-09 11:06:50 [INFO] APPLICATION: [LicenseScheduler] Starting OTP cleanup
2025-11-09 11:06:50 [INFO] APPLICATION: [OTPDAO] Deleted 0 expired OTPs
2025-11-09 11:06:50 [INFO] APPLICATION: [LicenseScheduler] OTP cleanup completed successfully
2025-11-09 11:06:50 [INFO] APPLICATION: [LicenseScheduler] Starting OTP cleanup
2025-11-09 11:06:50 [INFO] APPLICATION: [OTPDAO] Deleted 0 expired OTPs
2025-11-09 11:06:50 [INFO] APPLICATION: [LicenseScheduler] OTP cleanup completed successfully
2025-11-09 11:06:50 [INFO] APPLICATION: [LicenseScheduler] Starting OTP cleanup
2025-11-09 11:06:50 [INFO] APPLICATION: [OTPDAO] Deleted 0 expired OTPs
2025-11-09 11:06:50 [INFO] APPLICATION: [LicenseScheduler] OTP cleanup completed successfully
2025-11-09 11:06:50 [INFO] APPLICATION: [LicenseScheduler] Starting OTP cleanup
2025-11-09 11:06:50 [INFO] APPLICATION: [OTPDAO] Deleted 0 expired OTPs
2025-11-09 11:06:50 [INFO] APPLICATION: [LicenseScheduler] OTP cleanup completed successfully
2025-11-09 11:06:50 [INFO] APPLICATION: [LicenseScheduler] Starting OTP cleanup
2025-11-09 11:06:51 [INFO] APPLICATION: [OTPDAO] Deleted 0 expired OTPs
2025-11-09 11:06:51 [INFO] APPLICATION: [LicenseScheduler] OTP cleanup completed successfully
2025-11-09 11:06:51 [INFO] APPLICATION: [LicenseScheduler] Starting OTP cleanup
2025-11-09 11:06:51 [INFO] APPLICATION: [OTPDAO] Deleted 0 expired OTPs
2025-11-09 11:06:51 [INFO] APPLICATION: [LicenseScheduler] OTP cleanup completed successfully
2025-11-09 11:06:51 [INFO] APPLICATION: [LicenseScheduler] Starting OTP cleanup
2025-11-09 11:06:51 [INFO] APPLICATION: [OTPDAO] Deleted 0 expired OTPs
2025-11-09 11:06:51 [INFO] APPLICATION: [LicenseScheduler] OTP cleanup completed successfully
2025-11-09 11:06:51 [INFO] APPLICATION: [LicenseScheduler] Starting OTP cleanup
2025-11-09 11:06:51 [INFO] APPLICATION: [OTPDAO] Deleted 0 expired OTPs
2025-11-09 11:06:51 [INFO] APPLICATION: [LicenseScheduler] OTP cleanup completed successfully
2025-11-09 11:06:51 [INFO] APPLICATION: [LicenseScheduler] Starting OTP cleanup
2025-11-09 11:06:51 [INFO] APPLICATION: [OTPDAO] Deleted 0 expired OTPs
2025-11-09 11:06:51 [INFO] APPLICATION: [LicenseScheduler] OTP cleanup completed successfully
2025-11-09 11:06:51 [INFO] APPLICATION: [LicenseScheduler] Starting OTP cleanup
2025-11-09 11:06:51 [INFO] APPLICATION: [OTPDAO] Deleted 0 expired OTPs
2025-11-09 11:06:51 [INFO] APPLICATION: [LicenseScheduler] OTP cleanup completed successfully
2025-11-09 11:06:51 [INFO] APPLICATION: [LicenseScheduler] Starting OTP cleanup
2025-11-09 11:06:51 [INFO] APPLICATION: [OTPDAO] Deleted 0 expired OTPs
2025-11-09 11:06:51 [INFO] APPLICATION: [LicenseScheduler] OTP cleanup completed successfully
2025-11-09 11:06:51 [INFO] APPLICATION: [LicenseScheduler] Starting OTP cleanup
2025-11-09 11:06:51 [INFO] APPLICATION: [OTPDAO] Deleted 0 expired OTPs
2025-11-09 11:06:51 [INFO] APPLICATION: [LicenseScheduler] OTP cleanup completed successfully
2025-11-09 11:06:51 [INFO] APPLICATION: [LicenseScheduler] Starting OTP cleanup
2025-11-09 11:06:51 [INFO] APPLICATION: [OTPDAO] Deleted 0 expired OTPs
2025-11-09 11:06:51 [INFO] APPLICATION: [LicenseScheduler] OTP cleanup completed successfully
2025-11-09 11:06:51 [INFO] APPLICATION: [LicenseScheduler] Starting OTP cleanup
2025-11-09 11:06:51 [INFO] APPLICATION: [OTPDAO] Deleted 0 expired OTPs
2025-11-09 11:06:51 [INFO] APPLICATION: [LicenseScheduler] OTP cleanup completed successfully
2025-11-09 11:06:51 [INFO] APPLICATION: [LicenseScheduler] Starting OTP cleanup
2025-11-09 11:06:51 [INFO] APPLICATION: [OTPDAO] Deleted 0 expired OTPs
2025-11-09 11:06:51 [INFO] APPLICATION: [LicenseScheduler] OTP cleanup completed successfully
2025-11-09 11:06:51 [INFO] APPLICATION: [LicenseScheduler] Starting OTP cleanup
2025-11-09 11:06:51 [INFO] APPLICATION: [OTPDAO] Deleted 0 expired OTPs
2025-11-09 11:06:51 [INFO] APPLICATION: [LicenseScheduler] OTP cleanup completed successfully
2025-11-09 11:06:51 [INFO] APPLICATION: [LicenseScheduler] Starting OTP cleanup
2025-11-09 11:06:51 [INFO] APPLICATION: [OTPDAO] Deleted 0 expired OTPs
2025-11-09 11:06:51 [INFO] APPLICATION: [LicenseScheduler] OTP cleanup completed successfully
2025-11-09 11:06:51 [INFO] APPLICATION: [LicenseScheduler] Starting OTP cleanup
2025-11-09 11:06:51 [INFO] APPLICATION: [OTPDAO] Deleted 0 expired OTPs
2025-11-09 11:06:51 [INFO] APPLICATION: [LicenseScheduler] OTP cleanup completed successfully
2025-11-09 11:21:26 [INFO] APPLICATION: [LicenseScheduler] Starting OTP cleanup
2025-11-09 11:21:26 [INFO] APPLICATION: [OTPDAO] Deleted 0 expired OTPs
2025-11-09 11:21:26 [INFO] APPLICATION: [LicenseScheduler] OTP cleanup completed successfully
2025-11-09 13:10:07 [INFO] APPLICATION: [LicenseScheduler] Starting OTP cleanup
2025-11-09 13:10:07 [INFO] APPLICATION: [OTPDAO] Deleted 0 expired OTPs
2025-11-09 13:10:07 [INFO] APPLICATION: [LicenseScheduler] OTP cleanup completed successfully
2025-11-09 13:20:59 [INFO] APPLICATION: [LicenseScheduler] Starting OTP cleanup
2025-11-09 13:20:59 [INFO] APPLICATION: [OTPDAO] Deleted 0 expired OTPs
2025-11-09 13:20:59 [INFO] APPLICATION: [LicenseScheduler] OTP cleanup completed successfully
2025-11-09 14:20:59 [INFO] APPLICATION: [LicenseScheduler] Starting OTP cleanup
2025-11-09 14:20:59 [INFO] APPLICATION: [OTPDAO] Deleted 0 expired OTPs
2025-11-09 14:20:59 [INFO] APPLICATION: [LicenseScheduler] OTP cleanup completed successfully
2025-11-09 15:20:59 [INFO] APPLICATION: [LicenseScheduler] Starting OTP cleanup
2025-11-09 15:20:59 [INFO] APPLICATION: [OTPDAO] Deleted 0 expired OTPs
2025-11-09 15:20:59 [INFO] APPLICATION: [LicenseScheduler] OTP cleanup completed successfully
2025-11-09 19:11:29 [INFO] APPLICATION: [LicenseScheduler] Starting OTP cleanup
2025-11-09 19:11:29 [INFO] APPLICATION: [OTPDAO] Deleted 0 expired OTPs
2025-11-09 19:11:29 [INFO] APPLICATION: [LicenseScheduler] OTP cleanup completed successfully
2025-11-09 19:11:29 [INFO] APPLICATION: [LicenseScheduler] Starting OTP cleanup
2025-11-09 19:11:29 [INFO] APPLICATION: [OTPDAO] Deleted 0 expired OTPs
2025-11-09 19:11:29 [INFO] APPLICATION: [LicenseScheduler] OTP cleanup completed successfully
2025-11-09 19:11:29 [INFO] APPLICATION: [LicenseScheduler] Starting OTP cleanup
2025-11-09 19:11:29 [INFO] APPLICATION: [OTPDAO] Deleted 0 expired OTPs
2025-11-09 19:11:29 [INFO] APPLICATION: [LicenseScheduler] OTP cleanup completed successfully
2025-11-09 19:20:26 [INFO] APPLICATION: [LicenseScheduler] Starting OTP cleanup
2025-11-09 19:20:26 [INFO] APPLICATION: [OTPDAO] Deleted 0 expired OTPs
2025-11-09 19:20:26 [INFO] APPLICATION: [LicenseScheduler] OTP cleanup completed successfully
2025-11-10 10:40:05 [INFO] APPLICATION: [LicenseScheduler] Starting OTP cleanup
2025-11-10 10:40:05 [INFO] APPLICATION: [LicenseScheduler] Starting daily license check
2025-11-10 10:40:05 [INFO] APPLICATION: [OTPDAO] Deleted 0 expired OTPs
2025-11-10 10:40:05 [INFO] APPLICATION: [LicenseScheduler] OTP cleanup completed successfully
2025-11-10 10:40:05 [INFO] APPLICATION: [LicenseScheduler] Starting OTP cleanup
2025-11-10 10:40:05 [INFO] APPLICATION: [OTPDAO] Deleted 0 expired OTPs
2025-11-10 10:40:05 [INFO] APPLICATION: [LicenseScheduler] OTP cleanup completed successfully
2025-11-10 10:40:05 [INFO] APPLICATION: [LicenseScheduler] Starting OTP cleanup
2025-11-10 10:40:05 [INFO] APPLICATION: [LicenseService] No active license found during daily check
2025-11-10 10:40:05 [INFO] APPLICATION: [OTPDAO] Deleted 0 expired OTPs
2025-11-10 10:40:05 [INFO] APPLICATION: [LicenseScheduler] OTP cleanup completed successfully
2025-11-10 10:40:05 [INFO] APPLICATION: [LicenseScheduler] Starting OTP cleanup
2025-11-10 10:40:05 [INFO] APPLICATION: [LicenseScheduler] Daily license check completed successfully. Status: NO_LICENSE, Valid: false, Remaining Days: 0
2025-11-10 10:40:06 [INFO] APPLICATION: [OTPDAO] Deleted 0 expired OTPs
2025-11-10 10:40:06 [INFO] APPLICATION: [LicenseScheduler] OTP cleanup completed successfully
2025-11-10 10:40:06 [INFO] APPLICATION: [LicenseScheduler] Starting OTP cleanup
2025-11-10 10:40:06 [INFO] APPLICATION: [OTPDAO] Deleted 0 expired OTPs
2025-11-10 10:40:06 [INFO] APPLICATION: [LicenseScheduler] OTP cleanup completed successfully
2025-11-10 10:40:06 [INFO] APPLICATION: [LicenseScheduler] Starting OTP cleanup
2025-11-10 10:40:06 [INFO] APPLICATION: [OTPDAO] Deleted 0 expired OTPs
2025-11-10 10:40:06 [INFO] APPLICATION: [LicenseScheduler] OTP cleanup completed successfully
2025-11-10 10:40:06 [INFO] APPLICATION: [LicenseScheduler] Starting OTP cleanup
2025-11-10 10:40:06 [INFO] APPLICATION: [OTPDAO] Deleted 0 expired OTPs
2025-11-10 10:40:06 [INFO] APPLICATION: [LicenseScheduler] OTP cleanup completed successfully
2025-11-10 10:40:06 [INFO] APPLICATION: [LicenseScheduler] Starting OTP cleanup
2025-11-10 10:40:06 [INFO] APPLICATION: [OTPDAO] Deleted 0 expired OTPs
2025-11-10 10:40:06 [INFO] APPLICATION: [LicenseScheduler] OTP cleanup completed successfully
2025-11-10 10:40:06 [INFO] APPLICATION: [LicenseScheduler] Starting OTP cleanup
2025-11-10 10:40:06 [INFO] APPLICATION: [OTPDAO] Deleted 0 expired OTPs
2025-11-10 10:40:06 [INFO] APPLICATION: [LicenseScheduler] OTP cleanup completed successfully
2025-11-10 10:40:06 [INFO] APPLICATION: [LicenseScheduler] Starting OTP cleanup
2025-11-10 10:40:06 [INFO] APPLICATION: [OTPDAO] Deleted 0 expired OTPs
2025-11-10 10:40:06 [INFO] APPLICATION: [LicenseScheduler] OTP cleanup completed successfully
2025-11-10 10:40:06 [INFO] APPLICATION: [LicenseScheduler] Starting OTP cleanup
2025-11-10 10:40:06 [INFO] APPLICATION: [OTPDAO] Deleted 0 expired OTPs
2025-11-10 10:40:06 [INFO] APPLICATION: [LicenseScheduler] OTP cleanup completed successfully
2025-11-10 10:40:06 [INFO] APPLICATION: [LicenseScheduler] Starting OTP cleanup
2025-11-10 10:40:06 [INFO] APPLICATION: [OTPDAO] Deleted 0 expired OTPs
2025-11-10 10:40:06 [INFO] APPLICATION: [LicenseScheduler] OTP cleanup completed successfully
2025-11-10 10:40:06 [INFO] APPLICATION: [LicenseScheduler] Starting OTP cleanup
2025-11-10 10:40:06 [INFO] APPLICATION: [OTPDAO] Deleted 0 expired OTPs
2025-11-10 10:40:06 [INFO] APPLICATION: [LicenseScheduler] OTP cleanup completed successfully
2025-11-10 10:40:06 [INFO] APPLICATION: [LicenseScheduler] Starting OTP cleanup
2025-11-10 10:40:06 [INFO] APPLICATION: [OTPDAO] Deleted 0 expired OTPs
2025-11-10 10:40:06 [INFO] APPLICATION: [LicenseScheduler] OTP cleanup completed successfully
2025-11-10 10:40:06 [INFO] APPLICATION: [LicenseScheduler] Starting OTP cleanup
2025-11-10 10:40:06 [INFO] APPLICATION: [OTPDAO] Deleted 0 expired OTPs
2025-11-10 10:40:07 [INFO] APPLICATION: [LicenseScheduler] OTP cleanup completed successfully
2025-11-10 11:19:53 [INFO] APPLICATION: [LicenseScheduler] Starting OTP cleanup
2025-11-10 11:19:53 [INFO] APPLICATION: [OTPDAO] Deleted 0 expired OTPs
2025-11-10 11:19:53 [INFO] APPLICATION: [LicenseScheduler] OTP cleanup completed successfully
2025-11-10 12:19:53 [INFO] APPLICATION: [LicenseScheduler] Starting OTP cleanup
2025-11-10 12:19:53 [INFO] APPLICATION: [OTPDAO] Deleted 0 expired OTPs
2025-11-10 12:19:53 [INFO] APPLICATION: [LicenseScheduler] OTP cleanup completed successfully
2025-11-10 13:22:57 [INFO] APPLICATION: [LicenseScheduler] Starting OTP cleanup
2025-11-10 13:22:57 [INFO] APPLICATION: [OTPDAO] Deleted 0 expired OTPs
2025-11-10 13:22:57 [INFO] APPLICATION: [LicenseScheduler] OTP cleanup completed successfully
2025-11-10 14:19:53 [INFO] APPLICATION: [LicenseScheduler] Starting OTP cleanup
2025-11-10 14:19:53 [INFO] APPLICATION: [OTPDAO] Deleted 0 expired OTPs
2025-11-10 14:19:53 [INFO] APPLICATION: [LicenseScheduler] OTP cleanup completed successfully
2025-11-10 15:19:53 [INFO] APPLICATION: [LicenseScheduler] Starting OTP cleanup
2025-11-10 15:19:53 [INFO] APPLICATION: [OTPDAO] Deleted 0 expired OTPs
2025-11-10 15:19:53 [INFO] APPLICATION: [LicenseScheduler] OTP cleanup completed successfully
2025-11-11 13:47:43 [INFO] APPLICATION: [LicenseScheduler] Starting OTP cleanup
2025-11-11 13:47:43 [INFO] APPLICATION: [LicenseScheduler] Starting daily license check
2025-11-11 13:47:43 [INFO] APPLICATION: [OTPDAO] Deleted 0 expired OTPs
2025-11-11 13:47:43 [INFO] APPLICATION: [LicenseScheduler] OTP cleanup completed successfully
2025-11-11 13:47:43 [INFO] APPLICATION: [LicenseScheduler] Starting OTP cleanup
2025-11-11 13:47:43 [INFO] APPLICATION: [OTPDAO] Deleted 0 expired OTPs
2025-11-11 13:47:43 [INFO] APPLICATION: [LicenseScheduler] OTP cleanup completed successfully
2025-11-11 13:47:43 [INFO] APPLICATION: [LicenseScheduler] Starting OTP cleanup
2025-11-11 13:47:43 [INFO] APPLICATION: [LicenseService] No active license found during daily check
2025-11-11 13:47:43 [INFO] APPLICATION: [OTPDAO] Deleted 0 expired OTPs
2025-11-11 13:47:43 [INFO] APPLICATION: [LicenseScheduler] OTP cleanup completed successfully
2025-11-11 13:47:43 [INFO] APPLICATION: [LicenseScheduler] Starting OTP cleanup
2025-11-11 13:47:43 [INFO] APPLICATION: [LicenseScheduler] Daily license check completed successfully. Status: NO_LICENSE, Valid: false, Remaining Days: 0
2025-11-11 13:47:43 [INFO] APPLICATION: [OTPDAO] Deleted 0 expired OTPs
2025-11-11 13:47:43 [INFO] APPLICATION: [LicenseScheduler] OTP cleanup completed successfully
2025-11-11 13:47:43 [INFO] APPLICATION: [LicenseScheduler] Starting OTP cleanup
2025-11-11 13:47:43 [INFO] APPLICATION: [OTPDAO] Deleted 0 expired OTPs
2025-11-11 13:47:43 [INFO] APPLICATION: [LicenseScheduler] OTP cleanup completed successfully
2025-11-11 13:47:43 [INFO] APPLICATION: [LicenseScheduler] Starting OTP cleanup
2025-11-11 13:47:43 [INFO] APPLICATION: [OTPDAO] Deleted 0 expired OTPs
2025-11-11 13:47:43 [INFO] APPLICATION: [LicenseScheduler] OTP cleanup completed successfully
2025-11-11 13:47:43 [INFO] APPLICATION: [LicenseScheduler] Starting OTP cleanup
2025-11-11 13:47:43 [INFO] APPLICATION: [OTPDAO] Deleted 0 expired OTPs
2025-11-11 13:47:43 [INFO] APPLICATION: [LicenseScheduler] OTP cleanup completed successfully
2025-11-11 13:47:43 [INFO] APPLICATION: [LicenseScheduler] Starting OTP cleanup
2025-11-11 13:47:43 [INFO] APPLICATION: [OTPDAO] Deleted 0 expired OTPs
2025-11-11 13:47:43 [INFO] APPLICATION: [LicenseScheduler] OTP cleanup completed successfully
2025-11-11 13:47:43 [INFO] APPLICATION: [LicenseScheduler] Starting OTP cleanup
2025-11-11 13:47:43 [INFO] APPLICATION: [OTPDAO] Deleted 0 expired OTPs
2025-11-11 13:47:43 [INFO] APPLICATION: [LicenseScheduler] OTP cleanup completed successfully
2025-11-11 13:47:43 [INFO] APPLICATION: [LicenseScheduler] Starting OTP cleanup
2025-11-11 13:47:43 [INFO] APPLICATION: [OTPDAO] Deleted 0 expired OTPs
2025-11-11 13:47:43 [INFO] APPLICATION: [LicenseScheduler] OTP cleanup completed successfully
2025-11-11 13:47:43 [INFO] APPLICATION: [LicenseScheduler] Starting OTP cleanup
2025-11-11 13:47:43 [INFO] APPLICATION: [OTPDAO] Deleted 0 expired OTPs
2025-11-11 13:47:43 [INFO] APPLICATION: [LicenseScheduler] OTP cleanup completed successfully
2025-11-11 13:47:43 [INFO] APPLICATION: [LicenseScheduler] Starting OTP cleanup
2025-11-11 13:47:44 [INFO] APPLICATION: [OTPDAO] Deleted 0 expired OTPs
2025-11-11 13:47:44 [INFO] APPLICATION: [LicenseScheduler] OTP cleanup completed successfully
2025-11-11 13:47:44 [INFO] APPLICATION: [LicenseScheduler] Starting OTP cleanup
2025-11-11 13:47:44 [INFO] APPLICATION: [OTPDAO] Deleted 0 expired OTPs
2025-11-11 13:47:44 [INFO] APPLICATION: [LicenseScheduler] OTP cleanup completed successfully
2025-11-11 13:47:44 [INFO] APPLICATION: [LicenseScheduler] Starting OTP cleanup
2025-11-11 13:47:44 [INFO] APPLICATION: [OTPDAO] Deleted 0 expired OTPs
2025-11-11 13:47:44 [INFO] APPLICATION: [LicenseScheduler] OTP cleanup completed successfully
2025-11-11 13:47:44 [INFO] APPLICATION: [LicenseScheduler] Starting OTP cleanup
2025-11-11 13:47:44 [INFO] APPLICATION: [OTPDAO] Deleted 0 expired OTPs
2025-11-11 13:47:44 [INFO] APPLICATION: [LicenseScheduler] OTP cleanup completed successfully
2025-11-11 13:47:44 [INFO] APPLICATION: [LicenseScheduler] Starting OTP cleanup
2025-11-11 13:47:44 [INFO] APPLICATION: [OTPDAO] Deleted 0 expired OTPs
2025-11-11 13:47:44 [INFO] APPLICATION: [LicenseScheduler] OTP cleanup completed successfully
2025-11-11 13:47:44 [INFO] APPLICATION: [LicenseScheduler] Starting OTP cleanup
2025-11-11 13:47:44 [INFO] APPLICATION: [OTPDAO] Deleted 0 expired OTPs
2025-11-11 13:47:44 [INFO] APPLICATION: [LicenseScheduler] OTP cleanup completed successfully
2025-11-11 13:47:44 [INFO] APPLICATION: [LicenseScheduler] Starting OTP cleanup
2025-11-11 13:47:44 [INFO] APPLICATION: [OTPDAO] Deleted 0 expired OTPs
2025-11-11 13:47:44 [INFO] APPLICATION: [LicenseScheduler] OTP cleanup completed successfully
2025-11-11 13:47:44 [INFO] APPLICATION: [LicenseScheduler] Starting OTP cleanup
2025-11-11 13:47:44 [INFO] APPLICATION: [OTPDAO] Deleted 0 expired OTPs
2025-11-11 13:47:44 [INFO] APPLICATION: [LicenseScheduler] OTP cleanup completed successfully
2025-11-11 13:47:44 [INFO] APPLICATION: [LicenseScheduler] Starting OTP cleanup
2025-11-11 13:47:44 [INFO] APPLICATION: [OTPDAO] Deleted 0 expired OTPs
2025-11-11 13:47:44 [INFO] APPLICATION: [LicenseScheduler] OTP cleanup completed successfully
2025-11-11 13:47:44 [INFO] APPLICATION: [LicenseScheduler] Starting OTP cleanup
2025-11-11 13:47:44 [INFO] APPLICATION: [OTPDAO] Deleted 0 expired OTPs
2025-11-11 13:47:44 [INFO] APPLICATION: [LicenseScheduler] OTP cleanup completed successfully
2025-11-11 13:47:44 [INFO] APPLICATION: [LicenseScheduler] Starting OTP cleanup
2025-11-11 13:47:44 [INFO] APPLICATION: [OTPDAO] Deleted 0 expired OTPs
2025-11-11 13:47:44 [INFO] APPLICATION: [LicenseScheduler] OTP cleanup completed successfully
2025-11-11 14:19:20 [INFO] APPLICATION: [LicenseScheduler] Starting OTP cleanup
2025-11-11 14:19:20 [INFO] APPLICATION: [OTPDAO] Deleted 0 expired OTPs
2025-11-11 14:19:20 [INFO] APPLICATION: [LicenseScheduler] OTP cleanup completed successfully
2025-11-13 15:51:19 [INFO] APPLICATION: [LicenseScheduler] Starting OTP cleanup
2025-11-13 15:51:19 [INFO] APPLICATION: [LicenseScheduler] Starting daily license check
2025-11-13 15:51:19 [INFO] APPLICATION: [OTPDAO] Deleted 0 expired OTPs
2025-11-13 15:51:19 [INFO] APPLICATION: [LicenseScheduler] OTP cleanup completed successfully
2025-11-13 15:51:19 [INFO] APPLICATION: [LicenseScheduler] Starting OTP cleanup
2025-11-13 15:51:19 [INFO] APPLICATION: [OTPDAO] Deleted 0 expired OTPs
2025-11-13 15:51:19 [INFO] APPLICATION: [LicenseScheduler] OTP cleanup completed successfully
2025-11-13 15:51:19 [INFO] APPLICATION: [LicenseScheduler] Starting OTP cleanup
2025-11-13 15:51:19 [INFO] APPLICATION: [LicenseService] No active license found during daily check
2025-11-13 15:51:19 [INFO] APPLICATION: [OTPDAO] Deleted 0 expired OTPs
2025-11-13 15:51:19 [INFO] APPLICATION: [LicenseScheduler] OTP cleanup completed successfully
2025-11-13 15:51:19 [INFO] APPLICATION: [LicenseScheduler] Starting OTP cleanup
2025-11-13 15:51:19 [INFO] APPLICATION: [LicenseScheduler] Daily license check completed successfully. Status: NO_LICENSE, Valid: false, Remaining Days: 0
2025-11-13 15:51:19 [INFO] APPLICATION: [LicenseScheduler] Starting daily license check
2025-11-13 15:51:19 [INFO] APPLICATION: [OTPDAO] Deleted 0 expired OTPs
2025-11-13 15:51:19 [INFO] APPLICATION: [LicenseScheduler] OTP cleanup completed successfully
2025-11-13 15:51:19 [INFO] APPLICATION: [LicenseScheduler] Starting OTP cleanup
2025-11-13 15:51:19 [INFO] APPLICATION: [OTPDAO] Deleted 0 expired OTPs
2025-11-13 15:51:19 [INFO] APPLICATION: [LicenseScheduler] OTP cleanup completed successfully
2025-11-13 15:51:19 [INFO] APPLICATION: [LicenseScheduler] Starting OTP cleanup
2025-11-13 15:51:19 [INFO] APPLICATION: [LicenseService] No active license found during daily check
2025-11-13 15:51:20 [INFO] APPLICATION: [OTPDAO] Deleted 0 expired OTPs
2025-11-13 15:51:20 [INFO] APPLICATION: [LicenseScheduler] OTP cleanup completed successfully
2025-11-13 15:51:20 [INFO] APPLICATION: [LicenseScheduler] Starting OTP cleanup
2025-11-13 15:51:20 [INFO] APPLICATION: [LicenseScheduler] Daily license check completed successfully. Status: NO_LICENSE, Valid: false, Remaining Days: 0
2025-11-13 15:51:20 [INFO] APPLICATION: [OTPDAO] Deleted 0 expired OTPs
2025-11-13 15:51:20 [INFO] APPLICATION: [LicenseScheduler] OTP cleanup completed successfully
2025-11-13 15:51:20 [INFO] APPLICATION: [LicenseScheduler] Starting OTP cleanup
2025-11-13 15:51:20 [INFO] APPLICATION: [OTPDAO] Deleted 0 expired OTPs
2025-11-13 15:51:20 [INFO] APPLICATION: [LicenseScheduler] OTP cleanup completed successfully
2025-11-13 15:51:20 [INFO] APPLICATION: [LicenseScheduler] Starting OTP cleanup
2025-11-13 15:51:20 [INFO] APPLICATION: [OTPDAO] Deleted 0 expired OTPs
2025-11-13 15:51:20 [INFO] APPLICATION: [LicenseScheduler] OTP cleanup completed successfully
2025-11-13 15:51:20 [INFO] APPLICATION: [LicenseScheduler] Starting OTP cleanup
2025-11-13 15:51:20 [INFO] APPLICATION: [OTPDAO] Deleted 0 expired OTPs
2025-11-13 15:51:20 [INFO] APPLICATION: [LicenseScheduler] OTP cleanup completed successfully
2025-11-13 15:51:20 [INFO] APPLICATION: [LicenseScheduler] Starting OTP cleanup
2025-11-13 15:51:20 [INFO] APPLICATION: [OTPDAO] Deleted 0 expired OTPs
2025-11-13 15:51:20 [INFO] APPLICATION: [LicenseScheduler] OTP cleanup completed successfully
2025-11-13 15:51:20 [INFO] APPLICATION: [LicenseScheduler] Starting OTP cleanup
2025-11-13 15:51:20 [INFO] APPLICATION: [OTPDAO] Deleted 0 expired OTPs
2025-11-13 15:51:20 [INFO] APPLICATION: [LicenseScheduler] OTP cleanup completed successfully
2025-11-13 15:51:20 [INFO] APPLICATION: [LicenseScheduler] Starting OTP cleanup
2025-11-13 15:51:20 [INFO] APPLICATION: [OTPDAO] Deleted 0 expired OTPs
2025-11-13 15:51:20 [INFO] APPLICATION: [LicenseScheduler] OTP cleanup completed successfully
2025-11-13 15:51:20 [INFO] APPLICATION: [LicenseScheduler] Starting OTP cleanup
2025-11-13 15:51:20 [INFO] APPLICATION: [OTPDAO] Deleted 0 expired OTPs
2025-11-13 15:51:20 [INFO] APPLICATION: [LicenseScheduler] OTP cleanup completed successfully
2025-11-13 15:51:20 [INFO] APPLICATION: [LicenseScheduler] Starting OTP cleanup
2025-11-13 15:51:20 [INFO] APPLICATION: [OTPDAO] Deleted 0 expired OTPs
2025-11-13 15:51:20 [INFO] APPLICATION: [LicenseScheduler] OTP cleanup completed successfully
2025-11-13 15:51:20 [INFO] APPLICATION: [LicenseScheduler] Starting OTP cleanup
2025-11-13 15:51:20 [INFO] APPLICATION: [OTPDAO] Deleted 0 expired OTPs
2025-11-13 15:51:20 [INFO] APPLICATION: [LicenseScheduler] OTP cleanup completed successfully
2025-11-13 15:51:20 [INFO] APPLICATION: [LicenseScheduler] Starting OTP cleanup
2025-11-13 15:51:20 [INFO] APPLICATION: [OTPDAO] Deleted 0 expired OTPs
2025-11-13 15:51:20 [INFO] APPLICATION: [LicenseScheduler] OTP cleanup completed successfully
2025-11-13 15:51:20 [INFO] APPLICATION: [LicenseScheduler] Starting OTP cleanup
2025-11-13 15:51:20 [INFO] APPLICATION: [OTPDAO] Deleted 0 expired OTPs
2025-11-13 15:51:20 [INFO] APPLICATION: [LicenseScheduler] OTP cleanup completed successfully
2025-11-13 15:51:20 [INFO] APPLICATION: [LicenseScheduler] Starting OTP cleanup
2025-11-13 15:51:20 [INFO] APPLICATION: [OTPDAO] Deleted 0 expired OTPs
2025-11-13 15:51:20 [INFO] APPLICATION: [LicenseScheduler] OTP cleanup completed successfully
2025-11-13 15:51:20 [INFO] APPLICATION: [LicenseScheduler] Starting OTP cleanup
2025-11-13 15:51:20 [INFO] APPLICATION: [OTPDAO] Deleted 0 expired OTPs
2025-11-13 15:51:20 [INFO] APPLICATION: [LicenseScheduler] OTP cleanup completed successfully
2025-11-13 15:51:20 [INFO] APPLICATION: [LicenseScheduler] Starting OTP cleanup
2025-11-13 15:51:20 [INFO] APPLICATION: [OTPDAO] Deleted 0 expired OTPs
2025-11-13 15:51:20 [INFO] APPLICATION: [LicenseScheduler] OTP cleanup completed successfully
2025-11-13 15:51:20 [INFO] APPLICATION: [LicenseScheduler] Starting OTP cleanup
2025-11-13 15:51:20 [INFO] APPLICATION: [OTPDAO] Deleted 0 expired OTPs
2025-11-13 15:51:20 [INFO] APPLICATION: [LicenseScheduler] OTP cleanup completed successfully
2025-11-13 15:51:20 [INFO] APPLICATION: [LicenseScheduler] Starting OTP cleanup
2025-11-13 15:51:20 [INFO] APPLICATION: [OTPDAO] Deleted 0 expired OTPs
2025-11-13 15:51:20 [INFO] APPLICATION: [LicenseScheduler] OTP cleanup completed successfully
2025-11-13 15:51:20 [INFO] APPLICATION: [LicenseScheduler] Starting OTP cleanup
2025-11-13 15:51:21 [INFO] APPLICATION: [OTPDAO] Deleted 0 expired OTPs
2025-11-13 15:51:21 [INFO] APPLICATION: [LicenseScheduler] OTP cleanup completed successfully
2025-11-13 15:51:21 [INFO] APPLICATION: [LicenseScheduler] Starting OTP cleanup
2025-11-13 15:51:21 [INFO] APPLICATION: [OTPDAO] Deleted 0 expired OTPs
2025-11-13 15:51:21 [INFO] APPLICATION: [LicenseScheduler] OTP cleanup completed successfully
2025-11-13 15:51:21 [INFO] APPLICATION: [LicenseScheduler] Starting OTP cleanup
2025-11-13 15:51:21 [INFO] APPLICATION: [OTPDAO] Deleted 0 expired OTPs
2025-11-13 15:51:21 [INFO] APPLICATION: [LicenseScheduler] OTP cleanup completed successfully
2025-11-13 15:51:21 [INFO] APPLICATION: [LicenseScheduler] Starting OTP cleanup
2025-11-13 15:51:21 [INFO] APPLICATION: [OTPDAO] Deleted 0 expired OTPs
2025-11-13 15:51:21 [INFO] APPLICATION: [LicenseScheduler] OTP cleanup completed successfully
2025-11-13 15:51:21 [INFO] APPLICATION: [LicenseScheduler] Starting OTP cleanup
2025-11-13 15:51:21 [INFO] APPLICATION: [OTPDAO] Deleted 0 expired OTPs
2025-11-13 15:51:21 [INFO] APPLICATION: [LicenseScheduler] OTP cleanup completed successfully
2025-11-13 15:51:21 [INFO] APPLICATION: [LicenseScheduler] Starting OTP cleanup
2025-11-13 15:51:21 [INFO] APPLICATION: [OTPDAO] Deleted 0 expired OTPs
2025-11-13 15:51:21 [INFO] APPLICATION: [LicenseScheduler] OTP cleanup completed successfully
2025-11-13 15:51:21 [INFO] APPLICATION: [LicenseScheduler] Starting OTP cleanup
2025-11-13 15:51:21 [INFO] APPLICATION: [OTPDAO] Deleted 0 expired OTPs
2025-11-13 15:51:21 [INFO] APPLICATION: [LicenseScheduler] OTP cleanup completed successfully
2025-11-13 15:51:21 [INFO] APPLICATION: [LicenseScheduler] Starting OTP cleanup
2025-11-13 15:51:21 [INFO] APPLICATION: [OTPDAO] Deleted 0 expired OTPs
2025-11-13 15:51:21 [INFO] APPLICATION: [LicenseScheduler] OTP cleanup completed successfully
2025-11-13 15:51:21 [INFO] APPLICATION: [LicenseScheduler] Starting OTP cleanup
2025-11-13 15:51:21 [INFO] APPLICATION: [OTPDAO] Deleted 0 expired OTPs
2025-11-13 15:51:21 [INFO] APPLICATION: [LicenseScheduler] OTP cleanup completed successfully
2025-11-13 15:51:21 [INFO] APPLICATION: [LicenseScheduler] Starting OTP cleanup
2025-11-13 15:51:21 [INFO] APPLICATION: [OTPDAO] Deleted 0 expired OTPs
2025-11-13 15:51:21 [INFO] APPLICATION: [LicenseScheduler] OTP cleanup completed successfully
2025-11-13 15:51:21 [INFO] APPLICATION: [LicenseScheduler] Starting OTP cleanup
2025-11-13 15:51:21 [INFO] APPLICATION: [OTPDAO] Deleted 0 expired OTPs
2025-11-13 15:51:21 [INFO] APPLICATION: [LicenseScheduler] OTP cleanup completed successfully
2025-11-13 15:51:21 [INFO] APPLICATION: [LicenseScheduler] Starting OTP cleanup
2025-11-13 15:51:21 [INFO] APPLICATION: [OTPDAO] Deleted 0 expired OTPs
2025-11-13 15:51:21 [INFO] APPLICATION: [LicenseScheduler] OTP cleanup completed successfully
2025-11-13 15:51:21 [INFO] APPLICATION: [LicenseScheduler] Starting OTP cleanup
2025-11-13 15:51:21 [INFO] APPLICATION: [OTPDAO] Deleted 0 expired OTPs
2025-11-13 15:51:21 [INFO] APPLICATION: [LicenseScheduler] OTP cleanup completed successfully
2025-11-13 15:51:21 [INFO] APPLICATION: [LicenseScheduler] Starting OTP cleanup
2025-11-13 15:51:21 [INFO] APPLICATION: [OTPDAO] Deleted 0 expired OTPs
2025-11-13 15:51:21 [INFO] APPLICATION: [LicenseScheduler] OTP cleanup completed successfully
2025-11-13 15:51:21 [INFO] APPLICATION: [LicenseScheduler] Starting OTP cleanup
2025-11-13 15:51:21 [INFO] APPLICATION: [OTPDAO] Deleted 0 expired OTPs
2025-11-13 15:51:21 [INFO] APPLICATION: [LicenseScheduler] OTP cleanup completed successfully
2025-11-13 15:51:21 [INFO] APPLICATION: [LicenseScheduler] Starting OTP cleanup
2025-11-13 15:51:21 [INFO] APPLICATION: [OTPDAO] Deleted 0 expired OTPs
2025-11-13 15:51:21 [INFO] APPLICATION: [LicenseScheduler] OTP cleanup completed successfully
2025-11-13 15:51:21 [INFO] APPLICATION: [LicenseScheduler] Starting OTP cleanup
2025-11-13 15:51:21 [INFO] APPLICATION: [OTPDAO] Deleted 0 expired OTPs
2025-11-13 15:51:21 [INFO] APPLICATION: [LicenseScheduler] OTP cleanup completed successfully
2025-11-13 15:51:21 [INFO] APPLICATION: [LicenseScheduler] Starting OTP cleanup
2025-11-13 15:51:21 [INFO] APPLICATION: [OTPDAO] Deleted 0 expired OTPs
2025-11-13 15:51:21 [INFO] APPLICATION: [LicenseScheduler] OTP cleanup completed successfully
2025-11-13 15:51:21 [INFO] APPLICATION: [LicenseScheduler] Starting OTP cleanup
2025-11-13 15:51:22 [INFO] APPLICATION: [OTPDAO] Deleted 0 expired OTPs
2025-11-13 15:51:22 [INFO] APPLICATION: [LicenseScheduler] OTP cleanup completed successfully
2025-11-13 15:51:22 [INFO] APPLICATION: [LicenseScheduler] Starting OTP cleanup
2025-11-13 15:51:22 [INFO] APPLICATION: [OTPDAO] Deleted 0 expired OTPs
2025-11-13 15:51:22 [INFO] APPLICATION: [LicenseScheduler] OTP cleanup completed successfully
2025-11-13 15:51:22 [INFO] APPLICATION: [LicenseScheduler] Starting OTP cleanup
2025-11-13 15:51:22 [INFO] APPLICATION: [OTPDAO] Deleted 0 expired OTPs
2025-11-13 15:51:22 [INFO] APPLICATION: [LicenseScheduler] OTP cleanup completed successfully
2025-11-13 15:51:22 [INFO] APPLICATION: [LicenseScheduler] Starting OTP cleanup
2025-11-13 15:51:22 [INFO] APPLICATION: [OTPDAO] Deleted 0 expired OTPs
2025-11-13 15:51:22 [INFO] APPLICATION: [LicenseScheduler] OTP cleanup completed successfully
2025-11-13 15:51:22 [INFO] APPLICATION: [LicenseScheduler] Starting OTP cleanup
2025-11-13 15:51:22 [INFO] APPLICATION: [OTPDAO] Deleted 0 expired OTPs
2025-11-13 15:51:22 [INFO] APPLICATION: [LicenseScheduler] OTP cleanup completed successfully
2025-11-13 15:51:22 [INFO] APPLICATION: [LicenseScheduler] Starting OTP cleanup
2025-11-13 15:51:22 [INFO] APPLICATION: [OTPDAO] Deleted 0 expired OTPs
2025-11-13 15:51:22 [INFO] APPLICATION: [LicenseScheduler] OTP cleanup completed successfully
2025-11-13 15:51:22 [INFO] APPLICATION: [LicenseScheduler] Starting OTP cleanup
2025-11-13 15:51:22 [INFO] APPLICATION: [OTPDAO] Deleted 0 expired OTPs
2025-11-13 15:51:22 [INFO] APPLICATION: [LicenseScheduler] OTP cleanup completed successfully
2025-11-13 15:51:22 [INFO] APPLICATION: [LicenseScheduler] Starting OTP cleanup
2025-11-13 15:51:22 [INFO] APPLICATION: [OTPDAO] Deleted 0 expired OTPs
2025-11-13 15:51:22 [INFO] APPLICATION: [LicenseScheduler] OTP cleanup completed successfully
2025-11-13 16:18:10 [INFO] APPLICATION: [LicenseScheduler] Starting OTP cleanup
2025-11-13 16:18:11 [INFO] APPLICATION: [OTPDAO] Deleted 0 expired OTPs
2025-11-13 16:18:11 [INFO] APPLICATION: [LicenseScheduler] OTP cleanup completed successfully
2025-11-15 16:55:24 [INFO] APPLICATION: [LicenseScheduler] Starting daily license check
2025-11-15 16:55:24 [INFO] APPLICATION: [LicenseScheduler] Starting OTP cleanup
2025-11-15 16:55:24 [INFO] APPLICATION: [OTPDAO] Deleted 0 expired OTPs
2025-11-15 16:55:24 [INFO] APPLICATION: [LicenseScheduler] OTP cleanup completed successfully
2025-11-15 16:55:24 [INFO] APPLICATION: [LicenseScheduler] Starting OTP cleanup
2025-11-15 16:55:24 [INFO] APPLICATION: [OTPDAO] Deleted 0 expired OTPs
2025-11-15 16:55:24 [INFO] APPLICATION: [LicenseScheduler] OTP cleanup completed successfully
2025-11-15 16:55:24 [INFO] APPLICATION: [LicenseScheduler] Starting OTP cleanup
2025-11-15 16:55:24 [INFO] APPLICATION: [LicenseService] No active license found during daily check
2025-11-15 16:55:24 [INFO] APPLICATION: [OTPDAO] Deleted 0 expired OTPs
2025-11-15 16:55:24 [INFO] APPLICATION: [LicenseScheduler] OTP cleanup completed successfully
2025-11-15 16:55:24 [INFO] APPLICATION: [LicenseScheduler] Starting OTP cleanup
2025-11-15 16:55:24 [INFO] APPLICATION: [LicenseScheduler] Daily license check completed successfully. Status: NO_LICENSE, Valid: false, Remaining Days: 0
2025-11-15 16:55:24 [INFO] APPLICATION: [LicenseScheduler] Starting daily license check
2025-11-15 16:55:24 [INFO] APPLICATION: [OTPDAO] Deleted 0 expired OTPs
2025-11-15 16:55:24 [INFO] APPLICATION: [LicenseScheduler] OTP cleanup completed successfully
2025-11-15 16:55:24 [INFO] APPLICATION: [LicenseScheduler] Starting OTP cleanup
2025-11-15 16:55:25 [INFO] APPLICATION: [OTPDAO] Deleted 0 expired OTPs
2025-11-15 16:55:25 [INFO] APPLICATION: [LicenseScheduler] OTP cleanup completed successfully
2025-11-15 16:55:25 [INFO] APPLICATION: [LicenseScheduler] Starting OTP cleanup
2025-11-15 16:55:25 [INFO] APPLICATION: [LicenseService] No active license found during daily check
2025-11-15 16:55:25 [INFO] APPLICATION: [OTPDAO] Deleted 0 expired OTPs
2025-11-15 16:55:25 [INFO] APPLICATION: [LicenseScheduler] OTP cleanup completed successfully
2025-11-15 16:55:25 [INFO] APPLICATION: [LicenseScheduler] Starting OTP cleanup
2025-11-15 16:55:25 [INFO] APPLICATION: [LicenseScheduler] Daily license check completed successfully. Status: NO_LICENSE, Valid: false, Remaining Days: 0
2025-11-15 16:55:25 [INFO] APPLICATION: [OTPDAO] Deleted 0 expired OTPs
2025-11-15 16:55:25 [INFO] APPLICATION: [LicenseScheduler] OTP cleanup completed successfully
2025-11-15 16:55:25 [INFO] APPLICATION: [LicenseScheduler] Starting OTP cleanup
2025-11-15 16:55:25 [INFO] APPLICATION: [OTPDAO] Deleted 0 expired OTPs
2025-11-15 16:55:25 [INFO] APPLICATION: [LicenseScheduler] OTP cleanup completed successfully
2025-11-15 16:55:25 [INFO] APPLICATION: [LicenseScheduler] Starting OTP cleanup
2025-11-15 16:55:25 [INFO] APPLICATION: [OTPDAO] Deleted 0 expired OTPs
2025-11-15 16:55:25 [INFO] APPLICATION: [LicenseScheduler] OTP cleanup completed successfully
2025-11-15 16:55:25 [INFO] APPLICATION: [LicenseScheduler] Starting OTP cleanup
2025-11-15 16:55:25 [INFO] APPLICATION: [OTPDAO] Deleted 0 expired OTPs
2025-11-15 16:55:25 [INFO] APPLICATION: [LicenseScheduler] OTP cleanup completed successfully
2025-11-15 16:55:25 [INFO] APPLICATION: [LicenseScheduler] Starting OTP cleanup
2025-11-15 16:55:25 [INFO] APPLICATION: [OTPDAO] Deleted 0 expired OTPs
2025-11-15 16:55:25 [INFO] APPLICATION: [LicenseScheduler] OTP cleanup completed successfully
2025-11-15 16:55:25 [INFO] APPLICATION: [LicenseScheduler] Starting OTP cleanup
2025-11-15 16:55:25 [INFO] APPLICATION: [OTPDAO] Deleted 0 expired OTPs
2025-11-15 16:55:25 [INFO] APPLICATION: [LicenseScheduler] OTP cleanup completed successfully
2025-11-15 16:55:25 [INFO] APPLICATION: [LicenseScheduler] Starting OTP cleanup
2025-11-15 16:55:25 [INFO] APPLICATION: [OTPDAO] Deleted 0 expired OTPs
2025-11-15 16:55:25 [INFO] APPLICATION: [LicenseScheduler] OTP cleanup completed successfully
2025-11-15 16:55:25 [INFO] APPLICATION: [LicenseScheduler] Starting OTP cleanup
2025-11-15 16:55:25 [INFO] APPLICATION: [OTPDAO] Deleted 0 expired OTPs
2025-11-15 16:55:25 [INFO] APPLICATION: [LicenseScheduler] OTP cleanup completed successfully
2025-11-15 16:55:25 [INFO] APPLICATION: [LicenseScheduler] Starting OTP cleanup
2025-11-15 16:55:25 [INFO] APPLICATION: [OTPDAO] Deleted 0 expired OTPs
2025-11-15 16:55:25 [INFO] APPLICATION: [LicenseScheduler] OTP cleanup completed successfully
2025-11-15 16:55:25 [INFO] APPLICATION: [LicenseScheduler] Starting OTP cleanup
2025-11-15 16:55:25 [INFO] APPLICATION: [OTPDAO] Deleted 0 expired OTPs
2025-11-15 16:55:25 [INFO] APPLICATION: [LicenseScheduler] OTP cleanup completed successfully
2025-11-15 16:55:25 [INFO] APPLICATION: [LicenseScheduler] Starting OTP cleanup
2025-11-15 16:55:25 [INFO] APPLICATION: [OTPDAO] Deleted 0 expired OTPs
2025-11-15 16:55:25 [INFO] APPLICATION: [LicenseScheduler] OTP cleanup completed successfully
2025-11-15 16:55:25 [INFO] APPLICATION: [LicenseScheduler] Starting OTP cleanup
2025-11-15 16:55:26 [INFO] APPLICATION: [OTPDAO] Deleted 0 expired OTPs
2025-11-15 16:55:26 [INFO] APPLICATION: [LicenseScheduler] OTP cleanup completed successfully
2025-11-15 16:55:26 [INFO] APPLICATION: [LicenseScheduler] Starting OTP cleanup
2025-11-15 16:55:26 [INFO] APPLICATION: [OTPDAO] Deleted 0 expired OTPs
2025-11-15 16:55:26 [INFO] APPLICATION: [LicenseScheduler] OTP cleanup completed successfully
2025-11-15 16:55:26 [INFO] APPLICATION: [LicenseScheduler] Starting OTP cleanup
2025-11-15 16:55:26 [INFO] APPLICATION: [OTPDAO] Deleted 0 expired OTPs
2025-11-15 16:55:26 [INFO] APPLICATION: [LicenseScheduler] OTP cleanup completed successfully
2025-11-15 16:55:26 [INFO] APPLICATION: [LicenseScheduler] Starting OTP cleanup
2025-11-15 16:55:26 [INFO] APPLICATION: [OTPDAO] Deleted 0 expired OTPs
2025-11-15 16:55:26 [INFO] APPLICATION: [LicenseScheduler] OTP cleanup completed successfully
2025-11-15 16:55:26 [INFO] APPLICATION: [LicenseScheduler] Starting OTP cleanup
2025-11-15 16:55:26 [INFO] APPLICATION: [OTPDAO] Deleted 0 expired OTPs
2025-11-15 16:55:26 [INFO] APPLICATION: [LicenseScheduler] OTP cleanup completed successfully
2025-11-15 16:55:26 [INFO] APPLICATION: [LicenseScheduler] Starting OTP cleanup
2025-11-15 16:55:26 [INFO] APPLICATION: [OTPDAO] Deleted 0 expired OTPs
2025-11-15 16:55:26 [INFO] APPLICATION: [LicenseScheduler] OTP cleanup completed successfully
2025-11-15 16:55:26 [INFO] APPLICATION: [LicenseScheduler] Starting OTP cleanup
2025-11-15 16:55:26 [INFO] APPLICATION: [OTPDAO] Deleted 0 expired OTPs
2025-11-15 16:55:26 [INFO] APPLICATION: [LicenseScheduler] OTP cleanup completed successfully
2025-11-15 16:55:26 [INFO] APPLICATION: [LicenseScheduler] Starting OTP cleanup
2025-11-15 16:55:26 [INFO] APPLICATION: [OTPDAO] Deleted 0 expired OTPs
2025-11-15 16:55:26 [INFO] APPLICATION: [LicenseScheduler] OTP cleanup completed successfully
2025-11-15 16:55:26 [INFO] APPLICATION: [LicenseScheduler] Starting OTP cleanup
2025-11-15 16:55:26 [INFO] APPLICATION: [OTPDAO] Deleted 0 expired OTPs
2025-11-15 16:55:26 [INFO] APPLICATION: [LicenseScheduler] OTP cleanup completed successfully
2025-11-15 16:55:26 [INFO] APPLICATION: [LicenseScheduler] Starting OTP cleanup
2025-11-15 16:55:26 [INFO] APPLICATION: [OTPDAO] Deleted 0 expired OTPs
2025-11-15 16:55:26 [INFO] APPLICATION: [LicenseScheduler] OTP cleanup completed successfully
2025-11-15 16:55:26 [INFO] APPLICATION: [LicenseScheduler] Starting OTP cleanup
2025-11-15 16:55:27 [INFO] APPLICATION: [OTPDAO] Deleted 0 expired OTPs
2025-11-15 16:55:27 [INFO] APPLICATION: [LicenseScheduler] OTP cleanup completed successfully
2025-11-15 16:55:27 [INFO] APPLICATION: [LicenseScheduler] Starting OTP cleanup
2025-11-15 16:55:27 [INFO] APPLICATION: [OTPDAO] Deleted 0 expired OTPs
2025-11-15 16:55:27 [INFO] APPLICATION: [LicenseScheduler] OTP cleanup completed successfully
2025-11-15 16:55:27 [INFO] APPLICATION: [LicenseScheduler] Starting OTP cleanup
2025-11-15 16:55:27 [INFO] APPLICATION: [OTPDAO] Deleted 0 expired OTPs
2025-11-15 16:55:27 [INFO] APPLICATION: [LicenseScheduler] OTP cleanup completed successfully
2025-11-15 16:55:27 [INFO] APPLICATION: [LicenseScheduler] Starting OTP cleanup
2025-11-15 16:55:27 [INFO] APPLICATION: [OTPDAO] Deleted 0 expired OTPs
2025-11-15 16:55:27 [INFO] APPLICATION: [LicenseScheduler] OTP cleanup completed successfully
2025-11-15 16:55:27 [INFO] APPLICATION: [LicenseScheduler] Starting OTP cleanup
2025-11-15 16:55:27 [INFO] APPLICATION: [OTPDAO] Deleted 0 expired OTPs
2025-11-15 16:55:27 [INFO] APPLICATION: [LicenseScheduler] OTP cleanup completed successfully
2025-11-15 16:55:27 [INFO] APPLICATION: [LicenseScheduler] Starting OTP cleanup
2025-11-15 16:55:27 [INFO] APPLICATION: [OTPDAO] Deleted 0 expired OTPs
2025-11-15 16:55:27 [INFO] APPLICATION: [LicenseScheduler] OTP cleanup completed successfully
2025-11-15 16:55:27 [INFO] APPLICATION: [LicenseScheduler] Starting OTP cleanup
2025-11-15 16:55:27 [INFO] APPLICATION: [OTPDAO] Deleted 0 expired OTPs
2025-11-15 16:55:27 [INFO] APPLICATION: [LicenseScheduler] OTP cleanup completed successfully
2025-11-15 16:55:27 [INFO] APPLICATION: [LicenseScheduler] Starting OTP cleanup
2025-11-15 16:55:27 [INFO] APPLICATION: [OTPDAO] Deleted 0 expired OTPs
2025-11-15 16:55:27 [INFO] APPLICATION: [LicenseScheduler] OTP cleanup completed successfully
2025-11-15 16:55:27 [INFO] APPLICATION: [LicenseScheduler] Starting OTP cleanup
2025-11-15 16:55:27 [INFO] APPLICATION: [OTPDAO] Deleted 0 expired OTPs
2025-11-15 16:55:27 [INFO] APPLICATION: [LicenseScheduler] OTP cleanup completed successfully
2025-11-15 16:55:27 [INFO] APPLICATION: [LicenseScheduler] Starting OTP cleanup
2025-11-15 16:55:27 [INFO] APPLICATION: [OTPDAO] Deleted 0 expired OTPs
2025-11-15 16:55:27 [INFO] APPLICATION: [LicenseScheduler] OTP cleanup completed successfully
2025-11-15 16:55:27 [INFO] APPLICATION: [LicenseScheduler] Starting OTP cleanup
2025-11-15 16:55:27 [INFO] APPLICATION: [OTPDAO] Deleted 0 expired OTPs
2025-11-15 16:55:27 [INFO] APPLICATION: [LicenseScheduler] OTP cleanup completed successfully
2025-11-15 16:55:27 [INFO] APPLICATION: [LicenseScheduler] Starting OTP cleanup
2025-11-15 16:55:27 [INFO] APPLICATION: [OTPDAO] Deleted 0 expired OTPs
2025-11-15 16:55:27 [INFO] APPLICATION: [LicenseScheduler] OTP cleanup completed successfully
2025-11-15 16:55:27 [INFO] APPLICATION: [LicenseScheduler] Starting OTP cleanup
2025-11-15 16:55:28 [INFO] APPLICATION: [OTPDAO] Deleted 0 expired OTPs
2025-11-15 16:55:28 [INFO] APPLICATION: [LicenseScheduler] OTP cleanup completed successfully
2025-11-15 16:55:28 [INFO] APPLICATION: [LicenseScheduler] Starting OTP cleanup
2025-11-15 16:55:28 [INFO] APPLICATION: [OTPDAO] Deleted 0 expired OTPs
2025-11-15 16:55:28 [INFO] APPLICATION: [LicenseScheduler] OTP cleanup completed successfully
2025-11-15 16:55:28 [INFO] APPLICATION: [LicenseScheduler] Starting OTP cleanup
2025-11-15 16:55:28 [INFO] APPLICATION: [OTPDAO] Deleted 0 expired OTPs
2025-11-15 16:55:28 [INFO] APPLICATION: [LicenseScheduler] OTP cleanup completed successfully
2025-11-15 16:55:28 [INFO] APPLICATION: [LicenseScheduler] Starting OTP cleanup
2025-11-15 16:55:28 [INFO] APPLICATION: [OTPDAO] Deleted 0 expired OTPs
2025-11-15 16:55:28 [INFO] APPLICATION: [LicenseScheduler] OTP cleanup completed successfully
2025-11-15 16:55:28 [INFO] APPLICATION: [LicenseScheduler] Starting OTP cleanup
2025-11-15 16:55:28 [INFO] APPLICATION: [OTPDAO] Deleted 0 expired OTPs
2025-11-15 16:55:28 [INFO] APPLICATION: [LicenseScheduler] OTP cleanup completed successfully
2025-11-15 16:55:28 [INFO] APPLICATION: [LicenseScheduler] Starting OTP cleanup
2025-11-15 16:55:28 [INFO] APPLICATION: [OTPDAO] Deleted 0 expired OTPs
2025-11-15 16:55:28 [INFO] APPLICATION: [LicenseScheduler] OTP cleanup completed successfully
2025-11-15 16:55:28 [INFO] APPLICATION: [LicenseScheduler] Starting OTP cleanup
2025-11-15 16:55:28 [INFO] APPLICATION: [OTPDAO] Deleted 0 expired OTPs
2025-11-15 16:55:28 [INFO] APPLICATION: [LicenseScheduler] OTP cleanup completed successfully
2025-11-15 16:55:28 [INFO] APPLICATION: [LicenseScheduler] Starting OTP cleanup
2025-11-15 16:55:28 [INFO] APPLICATION: [OTPDAO] Deleted 0 expired OTPs
2025-11-15 16:55:28 [INFO] APPLICATION: [LicenseScheduler] OTP cleanup completed successfully
2025-11-15 16:55:28 [INFO] APPLICATION: [LicenseScheduler] Starting OTP cleanup
2025-11-15 16:55:28 [INFO] APPLICATION: [OTPDAO] Deleted 0 expired OTPs
2025-11-15 16:55:28 [INFO] APPLICATION: [LicenseScheduler] OTP cleanup completed successfully
2025-11-15 17:17:04 [INFO] APPLICATION: [LicenseScheduler] Starting OTP cleanup
2025-11-15 17:17:04 [INFO] APPLICATION: [OTPDAO] Deleted 0 expired OTPs
2025-11-15 17:17:04 [INFO] APPLICATION: [LicenseScheduler] OTP cleanup completed successfully
2025-11-15 18:17:04 [INFO] APPLICATION: [LicenseScheduler] Starting OTP cleanup
2025-11-15 18:17:05 [INFO] APPLICATION: [OTPDAO] Deleted 0 expired OTPs
2025-11-15 18:17:05 [INFO] APPLICATION: [LicenseScheduler] OTP cleanup completed successfully
2025-11-16 20:32:10 [INFO] APPLICATION: [MainApp] Server shutdown initiated
2025-11-16 20:32:10 [INFO] APPLICATION: [LicenseScheduler] License scheduler stopped successfully
2025-11-16 20:32:10 [INFO] APPLICATION: [MainApp] License scheduler stopped
2025-11-16 20:32:10 [INFO] APPLICATION: [AttendanceScheduler] Stopping attendance scheduler...
2025-11-16 20:32:10 [INFO] APPLICATION: [AttendanceScheduler] Attendance scheduler stopped
2025-11-16 20:32:10 [INFO] APPLICATION: [MainApp] Attendance scheduler stopped
2025-11-16 20:32:10 [INFO] APPLICATION: [LoggerUtil] LoggerUtil shutdown completed
2025-11-16 20:32:42 [INFO] APPLICATION: [LoggerUtil] Logging system initialized successfully with log rotation
2025-11-16 20:32:42 [INFO] APPLICATION: [MainApp] Starting School Management System...
2025-11-16 20:32:43 [INFO] APPLICATION: [MainApp] Database connection successful!
2025-11-16 20:32:43 [INFO] APPLICATION: DB_OPERATION: CONNECTION_TEST | TABLE: ALL | DETAILS: Database connectivity verified
2025-11-16 20:32:43 [INFO] APPLICATION: [MainApp] System starting in license-restricted mode. Please renew license to access all features.
2025-11-16 20:32:43 [INFO] APPLICATION: [MainApp] Database connection successful!
2025-11-16 20:32:43 [INFO] APPLICATION: DB_OPERATION: CONNECTION_TEST | TABLE: ALL | DETAILS: Database connectivity verified
2025-11-16 20:32:45 [INFO] APPLICATION: [LicenseScheduler] Starting OTP cleanup
2025-11-16 20:32:45 [INFO] APPLICATION: [LicenseScheduler] License scheduler started. Daily check will run in 12434 seconds
2025-11-16 20:32:45 [INFO] APPLICATION: [MainApp] License scheduler started successfully
2025-11-16 20:32:45 [INFO] APPLICATION: [AttendanceScheduler] Attendance scheduler initialized - Enabled: true, Daily run time: 17:00
2025-11-16 20:32:45 [INFO] APPLICATION: [AttendanceScheduler] Starting attendance scheduler to run daily at 17:00...
2025-11-16 20:32:45 [INFO] APPLICATION: [AttendanceScheduler] Attendance scheduler started. Next run in 73634 seconds at 17:00
2025-11-16 20:32:45 [INFO] APPLICATION: [MainApp] Attendance scheduler started successfully - daily attendance updates at 12:00 PM
2025-11-16 20:32:45 [INFO] APPLICATION: [MainApp] Backend API Server started on port 8081
2025-11-16 20:32:45 [INFO] APPLICATION: [MainApp] API Base URL: http://localhost:8081/api
2025-11-16 20:32:45 [INFO] APPLICATION: [MainApp] Server endpoints registered successfully
2025-11-16 20:32:45 [INFO] APPLICATION: [MainApp] Log rotation is active - logs will be automatically rotated when they exceed 10MB
2025-11-16 20:32:45 [INFO] APPLICATION: [OTPDAO] Deleted 0 expired OTPs
2025-11-16 20:32:45 [INFO] APPLICATION: [LicenseScheduler] OTP cleanup completed successfully
2025-11-16 21:03:32 [INFO] APPLICATION: [LoggerUtil] Logging system initialized successfully with log rotation
2025-11-16 21:03:32 [INFO] APPLICATION: [MainApp] Starting School Management System...
2025-11-16 21:03:33 [INFO] APPLICATION: [MainApp] Database connection successful!
2025-11-16 21:03:33 [INFO] APPLICATION: DB_OPERATION: CONNECTION_TEST | TABLE: ALL | DETAILS: Database connectivity verified
2025-11-16 21:03:34 [INFO] APPLICATION: [MainApp] System starting in license-restricted mode. Please renew license to access all features.
2025-11-16 21:03:34 [INFO] APPLICATION: [MainApp] Database connection successful!
2025-11-16 21:03:34 [INFO] APPLICATION: DB_OPERATION: CONNECTION_TEST | TABLE: ALL | DETAILS: Database connectivity verified
2025-11-16 21:03:35 [INFO] APPLICATION: [LicenseScheduler] Starting OTP cleanup
2025-11-16 21:03:35 [INFO] APPLICATION: [LicenseScheduler] License scheduler started. Daily check will run in 10584 seconds
2025-11-16 21:03:35 [INFO] APPLICATION: [MainApp] License scheduler started successfully
2025-11-16 21:03:35 [INFO] APPLICATION: [AttendanceScheduler] Attendance scheduler initialized - Enabled: true, Daily run time: 17:00
2025-11-16 21:03:35 [INFO] APPLICATION: [AttendanceScheduler] Starting attendance scheduler to run daily at 17:00...
2025-11-16 21:03:35 [INFO] APPLICATION: [AttendanceScheduler] Attendance scheduler started. Next run in 71784 seconds at 17:00
2025-11-16 21:03:35 [INFO] APPLICATION: [MainApp] Attendance scheduler started successfully - daily attendance updates at 12:00 PM
2025-11-16 21:03:35 [INFO] APPLICATION: [MainApp] Backend API Server started on port 8081
2025-11-16 21:03:35 [INFO] APPLICATION: [MainApp] API Base URL: http://localhost:8081/api
2025-11-16 21:03:35 [INFO] APPLICATION: [MainApp] Server endpoints registered successfully
2025-11-16 21:03:35 [INFO] APPLICATION: [MainApp] Log rotation is active - logs will be automatically rotated when they exceed 10MB
2025-11-16 21:03:35 [INFO] APPLICATION: [OTPDAO] Deleted 0 expired OTPs
2025-11-16 21:03:35 [INFO] APPLICATION: [LicenseScheduler] OTP cleanup completed successfully
2025-11-16 21:34:48 [INFO] APPLICATION: [OTPDAO] OTP created successfully with ID: 44
2025-11-16 21:35:01 [INFO] APPLICATION: [OTPService] OTP email sent successfully for operation: RENEW
2025-11-16 21:35:25 [INFO] APPLICATION: [OTPDAO] OTP marked as used with ID: 44
2025-11-16 21:35:25 [INFO] APPLICATION: [LicenseDAO] Deactivated 0 licenses
2025-11-16 21:35:25 [INFO] APPLICATION: [LicenseDAO] License created successfully with ID: 19
2025-11-16 21:35:33 [INFO] APPLICATION: [StudentServlet] Fetching all students from IP: [0:0:0:0:0:0:0:1]
2025-11-16 22:03:35 [INFO] APPLICATION: [LicenseScheduler] Starting OTP cleanup
2025-11-16 22:03:35 [INFO] APPLICATION: [OTPDAO] Deleted 1 expired OTPs
2025-11-16 22:03:35 [INFO] APPLICATION: [OTPService] Cleaned up 1 expired OTPs
2025-11-16 22:03:35 [INFO] APPLICATION: [LicenseScheduler] OTP cleanup completed successfully
2025-11-16 23:03:35 [INFO] APPLICATION: [LicenseScheduler] Starting OTP cleanup
2025-11-16 23:03:35 [INFO] APPLICATION: [OTPDAO] Deleted 0 expired OTPs
2025-11-16 23:03:35 [INFO] APPLICATION: [LicenseScheduler] OTP cleanup completed successfully
2025-11-16 23:59:59 [INFO] APPLICATION: [LicenseScheduler] Starting daily license check
2025-11-16 23:59:59 [INFO] APPLICATION: [LicenseDAO] License updated successfully with ID: 19
2025-11-16 23:59:59 [INFO] APPLICATION: [LicenseService] Daily license check completed. Remaining days: 30, Status: ACTIVE
2025-11-16 23:59:59 [INFO] APPLICATION: [LicenseScheduler] Daily license check completed successfully. Status: ACTIVE, Valid: true, Remaining Days: 0
2025-11-17 00:03:35 [INFO] APPLICATION: [LicenseScheduler] Starting OTP cleanup
2025-11-17 00:03:35 [INFO] APPLICATION: [OTPDAO] Deleted 0 expired OTPs
2025-11-17 00:03:35 [INFO] APPLICATION: [LicenseScheduler] OTP cleanup completed successfully
2025-11-18 17:55:56 [INFO] APPLICATION: [LoggerUtil] Logging system initialized successfully with log rotation
2025-11-18 17:55:56 [INFO] APPLICATION: [MainApp] Starting School Management System...
2025-11-18 17:55:57 [INFO] APPLICATION: [MainApp] Database connection successful!
2025-11-18 17:55:57 [INFO] APPLICATION: DB_OPERATION: CONNECTION_TEST | TABLE: ALL | DETAILS: Database connectivity verified
2025-11-18 17:55:57 [INFO] APPLICATION: [MainApp] License validation successful. License expires on: 2025-12-16
2025-11-18 17:55:57 [INFO] APPLICATION: [MainApp] Database connection successful!
2025-11-18 17:55:57 [INFO] APPLICATION: DB_OPERATION: CONNECTION_TEST | TABLE: ALL | DETAILS: Database connectivity verified
2025-11-18 17:55:58 [INFO] APPLICATION: [LicenseScheduler] Starting OTP cleanup
2025-11-18 17:55:58 [INFO] APPLICATION: [LicenseScheduler] License scheduler started. Daily check will run in 21841 seconds
2025-11-18 17:55:58 [INFO] APPLICATION: [MainApp] License scheduler started successfully
2025-11-18 17:55:58 [INFO] APPLICATION: [AttendanceScheduler] Attendance scheduler initialized - Enabled: true, Daily run time: 17:00
2025-11-18 17:55:58 [INFO] APPLICATION: [AttendanceScheduler] Starting attendance scheduler to run daily at 17:00...
2025-11-18 17:55:58 [INFO] APPLICATION: [AttendanceScheduler] Attendance scheduler started. Next run in 83041 seconds at 17:00
2025-11-18 17:55:58 [INFO] APPLICATION: [MainApp] Attendance scheduler started successfully - daily attendance updates at 12:00 PM
2025-11-18 17:55:58 [INFO] APPLICATION: [MainApp] Backend API Server started on port 8081
2025-11-18 17:55:58 [INFO] APPLICATION: [MainApp] API Base URL: http://localhost:8081/api
2025-11-18 17:55:58 [INFO] APPLICATION: [MainApp] Server endpoints registered successfully
2025-11-18 17:55:58 [INFO] APPLICATION: [MainApp] Log rotation is active - logs will be automatically rotated when they exceed 10MB
2025-11-18 17:55:58 [INFO] APPLICATION: [OTPDAO] Deleted 0 expired OTPs
2025-11-18 17:55:58 [INFO] APPLICATION: [LicenseScheduler] OTP cleanup completed successfully
